{
 "_type": "song",
 "annotation_count": 1,
 "api_path": "/songs/2329443",
 "artist_names": "Jerzee Monet",
 "full_title": "Most High by\u00a0Jerzee\u00a0Monet",
 "header_image_thumbnail_url": "https://images.rapgenius.com/54d834811e86147daa416baaa52da23e.300x300x1.jpg",
 "header_image_url": "https://images.rapgenius.com/54d834811e86147daa416baaa52da23e.300x300x1.jpg",
 "id": 2329443,
 "instrumental": false,
 "lyrics_owner_id": 1106295,
 "lyrics_state": "complete",
 "lyrics_updated_at": 1444786224,
 "path": "/Jerzee-monet-most-high-lyrics",
 "pyongs_count": 1,
 "relationships_index_url": "https://genius.com/Jerzee-monet-most-high-sample",
 "release_date_components": null,
 "release_date_for_display": null,
 "release_date_with_abbreviated_month_for_display": null,
 "song_art_image_thumbnail_url": "https://images.rapgenius.com/54d834811e86147daa416baaa52da23e.300x300x1.jpg",
 "song_art_image_url": "https://images.rapgenius.com/54d834811e86147daa416baaa52da23e.300x300x1.jpg",
 "stats": {
  "unreviewed_annotations": 0,
  "hot": false
 },
 "title": "Most High",
 "title_with_featured": "Most High",
 "updated_by_human_at": 1444786295,
 "url": "https://genius.com/Jerzee-monet-most-high-lyrics",
 "featured_artists": [],
 "primary_artist": {
  "_type": "artist",
  "api_path": "/artists/8498",
  "header_image_url": "https://assets.genius.com/images/default_avatar_300.png?1699303299",
  "id": 8498,
  "image_url": "https://assets.genius.com/images/default_avatar_300.png?1699303299",
  "index_character": "j",
  "is_meme_verified": false,
  "is_verified": false,
  "name": "Jerzee Monet",
  "slug": "Jerzee-monet",
  "url": "https://genius.com/artists/Jerzee-monet"
 },
 "artist": "Jerzee Monet",
 "lyrics": "1 ContributorMost High LyricsYo\nIf you don't know what the world means to me\nThings change and rearrange\nFriends aren't friends anymore\nPeople go behind your back to score or anything\nWill we ever have peace\nSomeone tell me please?\n\nYou know you will see on the block\nKids playing hearing gunshots\nNever phased by the crimes that they witness\nFollow me and come and see how it got this way\n\nYoung mama right there\nDon't be cussing at your kids right there\nPut the right foundation right here\n(Teach respect)\nSo they can be\n\nMost high (most high)\nMost high (most high)\nMost high (most high)\nLike an angel in the sky\n\nMost high\nMost high\nMost high\nLike an angel in the sky\nYou might also likeBrother, why act?\nWhy you act that ?\n(Why you acting that way?)\nCall your girl \"Woman\"\nNot her name\nBringing kids in the world unclaimed\nYou should know that don't make you a man at all\n(Not at all)\n\nYoung father out there\n(Listen up)\nDon't abandon your seed out there\n(Show we care)\nLet's get one thing clear (for real)\nFamily should be\n\nMost high (held high)\nMost high\nLike an angel in the sky\nMost high\n(It's the most)\n\nMost high\nMost high\nLike an angel in the sky\nIt doesn't matter where yu are\nYou're still a shining star\nIt doesn't matter where you're from\n(It doesn't matter where you're from)\nLet's give love to everyone\n(Start showing more love)\n\nHustlers, put down your guns\n(Put em down)\nSelf-respect is the best weapon\nSpead love show your real value\nSet a true example by starting with you\n\nSee them kids right there\nDon't be shooting 'round them kids right there\nGotta show there is hope out here\nTrain yourself\nYou can be most high\n\nOooh, oooh, oooh\nYeah, yeah, oooh\n\nMost high (most high)\nMost high\nMost high\nLike an angel in the sky\nMost high (oooh, yeah, yeah)\nMost high\nMost high (most high)\nLike an angel in the sky\n\nIt doesn't matter where you are\nYou're still a shining star\n(Most high)\nIt doesn't matter where you're from\nLet's give love to everyone\n\nMost high (most high)\nMost high\nMost high\nLike an angel in the sky\n\nMost high\nMost high\nMost high\nLike an angel in the sky1Embed"
}