{
 "_type": "song",
 "annotation_count": 1,
 "api_path": "/songs/1628242",
 "artist_names": "Dave Hollister",
 "full_title": "Take Care of Home by\u00a0Dave\u00a0Hollister",
 "header_image_thumbnail_url": "https://images.genius.com/641051af097623564ff5c611dffe1956.300x302x1.jpg",
 "header_image_url": "https://images.genius.com/641051af097623564ff5c611dffe1956.992x1000x1.jpg",
 "id": 1628242,
 "instrumental": false,
 "lyrics_owner_id": 1549345,
 "lyrics_state": "complete",
 "lyrics_updated_at": 1429900750,
 "path": "/Dave-hollister-take-care-of-home-lyrics",
 "pyongs_count": null,
 "relationships_index_url": "https://genius.com/Dave-hollister-take-care-of-home-sample",
 "release_date_components": null,
 "release_date_for_display": null,
 "release_date_with_abbreviated_month_for_display": null,
 "song_art_image_thumbnail_url": "https://images.genius.com/641051af097623564ff5c611dffe1956.300x302x1.jpg",
 "song_art_image_url": "https://images.genius.com/641051af097623564ff5c611dffe1956.992x1000x1.jpg",
 "stats": {
  "unreviewed_annotations": 0,
  "hot": false
 },
 "title": "Take Care of Home",
 "title_with_featured": "Take Care of Home",
 "updated_by_human_at": 1481213946,
 "url": "https://genius.com/Dave-hollister-take-care-of-home-lyrics",
 "featured_artists": [],
 "primary_artist": {
  "_type": "artist",
  "api_path": "/artists/2842",
  "header_image_url": "https://images.genius.com/1fe1e297deff24800ad3469882b50967.610x360x1.jpg",
  "id": 2842,
  "image_url": "https://images.genius.com/95c9916e22dd4392955a3f2a0ce959af.360x360x1.jpg",
  "index_character": "d",
  "is_meme_verified": false,
  "is_verified": false,
  "name": "Dave Hollister",
  "slug": "Dave-hollister",
  "url": "https://genius.com/artists/Dave-hollister"
 },
 "artist": "Dave Hollister",
 "lyrics": "1 ContributorTake Care of Home LyricsGotta take of home\nKnow what I'm saying\nCause if you don't take care of home\nSomebody else will, ya feel me?\nY'all know what I'm talking 'bout\nCheck it\n\nIf she thinks you don't say it enough\nTell her you love her\nEvery time that your baby\nComes across your mind, heh yeah heh\nAnd if you think your girl wants the world\nJust give it to her\nBe the sunshine that brightens up her life\nDon't let her get away, no\n\n1 - Don't let her get away\nIf you really care enough\nLove her everyday\nOver and over and over\n\n2 - If you take care of home\nYou don't have to worry your girl\nTake care of home\nTake care of home\nMaybe if you keep her first\nYou don't have to worry your girl\nTake care of home\nTake care of home\nYou might also likeHold her hand when you walk through the mall\nCause you know she likes it\nDo all the little things you used to do, hmm mmm\nDay and night make sure you live to keep her happy\nMake her realize how beautiful she is\nShe's so beautiful\nDon't let her, no...\n\nRepeat 1\n\nRepeat 2 (2x)\n\nYou got a queen\nSo take care of her in every way\n(You're so lucky yes you are, hmm)\nYou know that she adores you\nSo worship the ground she walks on\n\nRepeat 2 till endEmbed"
}