{
 "_type": "song",
 "annotation_count": 0,
 "api_path": "/songs/95652",
 "artist_names": "Bad Company",
 "full_title": "Can't Get Enough by\u00a0Bad\u00a0Company",
 "header_image_thumbnail_url": "https://images.genius.com/b184b05f99b424f06ed4a0fd6b0e052c.300x300x1.jpg",
 "header_image_url": "https://images.genius.com/b184b05f99b424f06ed4a0fd6b0e052c.1000x1000x1.jpg",
 "id": 95652,
 "instrumental": false,
 "lyrics_owner_id": 30043,
 "lyrics_state": "complete",
 "lyrics_updated_at": 1651904000,
 "path": "/Bad-company-cant-get-enough-lyrics",
 "pyongs_count": 1,
 "relationships_index_url": "https://genius.com/Bad-company-cant-get-enough-sample",
 "release_date_components": {
  "year": 1974,
  "month": 8,
  "day": 12
 },
 "release_date_for_display": "August 12, 1974",
 "release_date_with_abbreviated_month_for_display": "Aug. 12, 1974",
 "song_art_image_thumbnail_url": "https://images.genius.com/b184b05f99b424f06ed4a0fd6b0e052c.300x300x1.jpg",
 "song_art_image_url": "https://images.genius.com/b184b05f99b424f06ed4a0fd6b0e052c.1000x1000x1.jpg",
 "stats": {
  "unreviewed_annotations": 0,
  "hot": false,
  "pageviews": 9185
 },
 "title": "Can\u2019t Get Enough",
 "title_with_featured": "Can't Get Enough",
 "updated_by_human_at": 1699049330,
 "url": "https://genius.com/Bad-company-cant-get-enough-lyrics",
 "featured_artists": [],
 "primary_artist": {
  "_type": "artist",
  "api_path": "/artists/27412",
  "header_image_url": "https://images.genius.com/03db60758727d202a633e0da9b1a26c4.225x225x1.jpg",
  "id": 27412,
  "image_url": "https://images.genius.com/36354bf11a45a63ec14c02b7938b1331.229x229x1.jpg",
  "index_character": "b",
  "is_meme_verified": false,
  "is_verified": false,
  "name": "Bad Company",
  "slug": "Bad-company",
  "url": "https://genius.com/artists/Bad-company"
 },
 "artist": "Bad Company",
 "lyrics": "14 ContributorsCan\u2019t Get Enough Lyrics[Intro]\nOne, two, one, two, three, four\n\n[Verse 1]\nWell, I take whatever I want\nAnd, baby, I want you\nYou give me something I need\nNow tell me I got something for you\n\n[Pre-Chorus]\nCome on\nCome on\nCome on and do it\nCome on and-uh do what you do\n\n[Chorus]\nI can't get enough of your love\nI can't get enough of your love\nI can't get enough of your love\nListen\n\n[Verse 2]\nWell, it's late, and I want love\nLove that's gonna break me in two\nDon't you hang me up in your doorway\nDon't you hang me up like you do, say it!\nYou might also like[Pre-Chorus]\nCome on\nCome on\nCome on and do it\nCome on, come on, do what you do, Woo!\n\n[Chorus]\nI can't get enough of your love\nI can't get enough of your love\nI can't get enough of your love\n\n[Bridge]\nWell, I say now!\n\n[Outro]\nI can't get enough of your love\nI can't get enough of your love\nI can't get enough of your love\nSay it again, aah\nI can't get enough of your love\nI can't get enough of your love\nI can't get enough of your love\nI've got to tell ya baby, that I\nI love you so much I can't get enough of your love\nI love you so much I can't get enough of your love\nI can't get enough of your love\nMmm, you know what I'm saying baby\nI can't get enough of your love\nI can't get enough, enough of your love\nI can't get enough, enough of your love\nI can't get enough of your love, yeah!\nWoo! Ah, come on, baby!\nCome over here right now!\nOh oh oh oh...1Embed"
}