{
 "_type": "song",
 "annotation_count": 17,
 "api_path": "/songs/49086",
 "artist_names": "David Bowie (Ft. John Lennon)",
 "full_title": "Fame by\u00a0David\u00a0Bowie (Ft.\u00a0John\u00a0Lennon)",
 "header_image_thumbnail_url": "https://images.genius.com/ad406b4000875ba9d89da297f98d8037.300x300x1.jpg",
 "header_image_url": "https://images.genius.com/ad406b4000875ba9d89da297f98d8037.1000x1000x1.jpg",
 "id": 49086,
 "instrumental": false,
 "lyrics_owner_id": 7,
 "lyrics_state": "complete",
 "lyrics_updated_at": 1653189456,
 "path": "/David-bowie-fame-lyrics",
 "pyongs_count": 7,
 "relationships_index_url": "https://genius.com/David-bowie-fame-sample",
 "release_date_components": {
  "year": 1975,
  "month": 7,
  "day": 25
 },
 "release_date_for_display": "July 25, 1975",
 "release_date_with_abbreviated_month_for_display": "Jul. 25, 1975",
 "song_art_image_thumbnail_url": "https://images.genius.com/c4e8b799f736f31be74b934c95d39db5.300x302x1.jpg",
 "song_art_image_url": "https://images.genius.com/c4e8b799f736f31be74b934c95d39db5.600x603x1.jpg",
 "stats": {
  "unreviewed_annotations": 2,
  "hot": false,
  "pageviews": 104286
 },
 "title": "Fame",
 "title_with_featured": "Fame (Ft.\u00a0John\u00a0Lennon)",
 "updated_by_human_at": 1699153841,
 "url": "https://genius.com/David-bowie-fame-lyrics",
 "featured_artists": [
  {
   "_type": "artist",
   "api_path": "/artists/16450",
   "header_image_url": "https://images.genius.com/5c9694cde0a122851f8bab2eb8dee16b.1000x142x1.jpg",
   "id": 16450,
   "image_url": "https://images.genius.com/de14b272004b51dea8071e7cba21cbac.1000x1000x1.jpg",
   "index_character": "j",
   "is_meme_verified": false,
   "is_verified": false,
   "name": "John Lennon",
   "slug": "John-lennon",
   "url": "https://genius.com/artists/John-lennon"
  }
 ],
 "primary_artist": {
  "_type": "artist",
  "api_path": "/artists/9534",
  "header_image_url": "https://images.genius.com/8771f912a4cef9f4f6fb647778061d32.1000x651x1.jpg",
  "id": 9534,
  "image_url": "https://images.genius.com/2eea1354199a1914d947041259d25dc4.678x678x1.jpg",
  "index_character": "d",
  "is_meme_verified": false,
  "is_verified": false,
  "name": "David Bowie",
  "slug": "David-bowie",
  "url": "https://genius.com/artists/David-bowie"
 },
 "artist": "David Bowie",
 "lyrics": "48 ContributorsFame Lyrics[Verse 1]\nFame (Fame), makes a man take things over\nFame (Fame), lets him loose, hard to swallow\nFame (Fame), puts you there where things are hollow\nFame (Fame)\n\n[Chorus 1]\nFame, it's not your brain, it's just the flame\nThat burns your change to keep you insane ('Sane)\nFame (Fame)\n\n[Verse 2]\nFame (Fame), what you like is in the limo\nFame (Fame), what you get is no tomorrow\nFame (Fame), what you need, you have to borrow\nFame (Fame)\n\n[Chorus 2]\nFame, \"Nein! It's mine!\" is just his line\nTo bind your time, it drives you to crime\nFame (Fame)\n\n[Bridge]\nCould it be the best, could it be?\nReally be, really, babe?\nCould it be, my babe, could it, babe?\nCould it, babe? Could it, babe?\nYou might also like[Verse 3]\nIs it any wonder I reject you first?\nFame (Fame), fame, fame, fame\nIs it any wonder you are too cool to fool\nFame (Fame)\n\n[Chorus 3]\nFame, bully for you, chilly for me\nGot to get a rain check on pain (Pain)\n(Fame)\n\n[Outro]\nFame, fame, fame, fame, fame, fame, fame, fame\nFame, fame, fame, fame, fame, fame, fame, fame\nFame, fame, fame, fame, fame, fame, fame\nFame\nWhat's your name?\n(Feeling so gay, feeling gay)7Embed"
}