{
 "_type": "song",
 "annotation_count": 11,
 "api_path": "/songs/130150",
 "artist_names": "Bloc Party",
 "full_title": "Like Eating Glass by\u00a0Bloc\u00a0Party",
 "header_image_thumbnail_url": "https://images.genius.com/7506a2954c79e3de136005d392d0700a.300x300x1.jpg",
 "header_image_url": "https://images.genius.com/7506a2954c79e3de136005d392d0700a.1000x1000x1.jpg",
 "id": 130150,
 "instrumental": false,
 "lyrics_owner_id": 98989,
 "lyrics_state": "complete",
 "lyrics_updated_at": 1677840282,
 "path": "/Bloc-party-like-eating-glass-lyrics",
 "pyongs_count": 9,
 "relationships_index_url": "https://genius.com/Bloc-party-like-eating-glass-sample",
 "release_date_components": {
  "year": 2005,
  "month": 2,
  "day": 2
 },
 "release_date_for_display": "February 2, 2005",
 "release_date_with_abbreviated_month_for_display": "Feb. 2, 2005",
 "song_art_image_thumbnail_url": "https://images.genius.com/7506a2954c79e3de136005d392d0700a.300x300x1.jpg",
 "song_art_image_url": "https://images.genius.com/7506a2954c79e3de136005d392d0700a.1000x1000x1.jpg",
 "stats": {
  "unreviewed_annotations": 2,
  "hot": false,
  "pageviews": 32238
 },
 "title": "Like Eating Glass",
 "title_with_featured": "Like Eating Glass",
 "updated_by_human_at": 1677840282,
 "url": "https://genius.com/Bloc-party-like-eating-glass-lyrics",
 "featured_artists": [],
 "primary_artist": {
  "_type": "artist",
  "api_path": "/artists/16723",
  "header_image_url": "https://images.genius.com/69b2cf3e226d01cdd9e3a95a78edfc0f.1000x667x1.jpg",
  "id": 16723,
  "image_url": "https://images.genius.com/b307b11fda750e9f47f82c53f861ce8b.867x867x1.jpg",
  "index_character": "b",
  "is_meme_verified": false,
  "is_verified": false,
  "name": "Bloc Party",
  "slug": "Bloc-party",
  "url": "https://genius.com/artists/Bloc-party"
 },
 "artist": "Bloc Party",
 "lyrics": "28 ContributorsLike Eating Glass Lyrics[Verse 1]\nIt's so cold in this house\nOpen mouth swallowing us\nThe children sent home from school\nWill not stop crying\nAnd I know that you're busy, do I know that you care?\nYou got your finger on the pulse, you got your eyes everywhere\nAnd it hurts all the time when you don't return my calls\nAnd you haven't got the time to remember how it was\nIt's so cold in this house\nIt's so cold in this house\n\n[Verse 2]\nI can't eat, I can't sleep\nI can't sleep, I can't dream\nAn aversion to light\nGot a fear of the ocean\n\n[Chorus]\nLike drinking poison, like eating glass\nLike drinking poison, like eating glass\nLike drinking poison, like eating glass\nLike drinking poison, like eating\n\n[Verse 3]\nIt's so cold in this house\nIt's so cold in this house\nIt's so cold in this house\nIt's so cold in this bed\nSee Bloc Party LiveGet tickets as low as $75You might also like[Chorus]\nLike drinking poison, like eating glass\nLike drinking poison, like eating glass\nLike drinking poison, like eating glass\nLike drinking poison, like eating\n\n[Bridge]\nOh!\nWoo!\nC-c-c-come, show me\nHow, how it was\n\n[Outro]\nWe got crosses on our eyes\nBeen walking into the walls again\nWe got crosses on our eyes\nBeen walking into the furniture\nWe got crosses on our eyes\nFor richer, for poorer, for better, for worse\nWe got crosses on our eyes\nWe've been walking into the furniture9Embed"
}