{
 "_type": "song",
 "annotation_count": 1,
 "api_path": "/songs/468847",
 "artist_names": "Inner City",
 "full_title": "Good Life by\u00a0Inner\u00a0City",
 "header_image_thumbnail_url": "https://images.genius.com/34236d1278958049cd0d3a6e35ce626d.300x300x1.jpg",
 "header_image_url": "https://images.genius.com/34236d1278958049cd0d3a6e35ce626d.600x600x1.jpg",
 "id": 468847,
 "instrumental": false,
 "lyrics_owner_id": 217970,
 "lyrics_state": "complete",
 "lyrics_updated_at": 1531499229,
 "path": "/Inner-city-good-life-lyrics",
 "pyongs_count": 1,
 "relationships_index_url": "https://genius.com/Inner-city-good-life-sample",
 "release_date_components": {
  "year": 1988,
  "month": 11,
  "day": 28
 },
 "release_date_for_display": "November 28, 1988",
 "release_date_with_abbreviated_month_for_display": "Nov. 28, 1988",
 "song_art_image_thumbnail_url": "https://images.genius.com/34236d1278958049cd0d3a6e35ce626d.300x300x1.jpg",
 "song_art_image_url": "https://images.genius.com/34236d1278958049cd0d3a6e35ce626d.600x600x1.jpg",
 "stats": {
  "unreviewed_annotations": 0,
  "hot": false,
  "pageviews": 11223
 },
 "title": "Good Life",
 "title_with_featured": "Good Life",
 "updated_by_human_at": 1693654039,
 "url": "https://genius.com/Inner-city-good-life-lyrics",
 "featured_artists": [],
 "primary_artist": {
  "_type": "artist",
  "api_path": "/artists/199548",
  "header_image_url": "https://images.genius.com/b635b612933bd342fcefa5e248b5b833.595x595x1.jpg",
  "id": 199548,
  "image_url": "https://images.genius.com/b635b612933bd342fcefa5e248b5b833.595x595x1.jpg",
  "index_character": "i",
  "is_meme_verified": false,
  "is_verified": false,
  "name": "Inner City",
  "slug": "Inner-city",
  "url": "https://genius.com/artists/Inner-city"
 },
 "artist": "Inner City",
 "lyrics": "16 ContributorsGood Life Lyrics[Verse 1]\nLet me take you to a place I know you want to go\nIt's a good life\nI wanna stand around and beg you\nJust don't say no\nNo, no\nNo, no\n\nI have got a feeling that you're gonna like it\nWhat I'm doing to you\nAnd I'm doing what I'm doing\nI'll be doing what you want to me to do\n\n[Chorus]\nLove is shining\nLife is thriving in the good life\nGood life\n\n[Verse 2]\nA feeling that you get from the good life\nOnce you get that good life feeling\nLet me tell you no one can take it away\nNo, no\nNo, no\n\n[Chorus]\nNo more bad times\nOnly glad times in the good life\nGood life\nYou might also like[Verse 3]\nWhen the grooves are rocking nothing feels as good as a good life\nI want you to want me\nTo want the good life all night\n\n[Chorus]\nNo more rainy days\nThe sun will chase the clouds away\nIn the good life\nGood life\n\nNo more sorrow\nNothing borrowed in the good life\nGood life1Embed"
}