{
 "_type": "song",
 "annotation_count": 1,
 "api_path": "/songs/1038186",
 "artist_names": "La Ley",
 "full_title": "Aqu\u00ed by\u00a0La\u00a0Ley",
 "header_image_thumbnail_url": "https://images.genius.com/7befda845c57d579d9f9c990862ccb6b.300x296x1.jpg",
 "header_image_url": "https://images.genius.com/7befda845c57d579d9f9c990862ccb6b.599x591x1.jpg",
 "id": 1038186,
 "instrumental": false,
 "lyrics_owner_id": 7052217,
 "lyrics_state": "complete",
 "lyrics_updated_at": 1593535897,
 "path": "/La-ley-aqui-lyrics",
 "pyongs_count": null,
 "relationships_index_url": "https://genius.com/La-ley-aqui-sample",
 "release_date_components": {
  "year": 2000,
  "month": 2,
  "day": 22
 },
 "release_date_for_display": "February 22, 2000",
 "release_date_with_abbreviated_month_for_display": "Feb. 22, 2000",
 "song_art_image_thumbnail_url": "https://images.genius.com/7befda845c57d579d9f9c990862ccb6b.300x296x1.jpg",
 "song_art_image_url": "https://images.genius.com/7befda845c57d579d9f9c990862ccb6b.599x591x1.jpg",
 "stats": {
  "unreviewed_annotations": 0,
  "hot": false
 },
 "title": "Aqu\u00ed",
 "title_with_featured": "Aqu\u00ed",
 "updated_by_human_at": 1593536143,
 "url": "https://genius.com/La-ley-aqui-lyrics",
 "featured_artists": [],
 "primary_artist": {
  "_type": "artist",
  "api_path": "/artists/207740",
  "header_image_url": "https://images.genius.com/d126e8e2b3110c0e0348064eff62c1a3.974x328x1.jpg",
  "id": 207740,
  "image_url": "https://images.genius.com/97d1a430c28fa5812cb88a8f6d7b0889.445x445x1.jpg",
  "index_character": "l",
  "is_meme_verified": false,
  "is_verified": false,
  "name": "La Ley",
  "slug": "La-ley",
  "url": "https://genius.com/artists/La-ley"
 },
 "artist": "La Ley",
 "lyrics": "2 ContributorsAqu\u00ed Lyrics[Letra de \"Aqu\u00ed\"]\n\nEl hombre esta acerc\u00e1ndose\nHacia el encuentro con la frontera\nUn cambio, una decisi\u00f3n\nLa puerta abierta de una nueva era\n\nEl mundo que gira al rev\u00e9s\nPretende que navegue en \u00e9l\nAhogando mis ideas\n\nEl ruido, ambiente y soledad\nDe la ciudad nos a\u00edslan de todo\nPor eso comenc\u00e9 a escarbar\nPara encontrar los mil y un tesoros\n\nEl mundo que gira al rev\u00e9s\nPretende sumergirme en \u00e9l\nAhogando mis ideas\n\nAqu\u00ed tengo el presentimiento\nQue aqu\u00ed nada voy a arrastrar desde aqu\u00ed\nSolo voy a vivir mi hoy ahora\n\nLamento hay en mi coraz\u00f3n\nNo es imaginaci\u00f3n, es verdadero\nMientras el tiempo anuncia que\nPor un segundo casi fui un se\u00f1uelo\nYou might also likeEl mundo que gira al rev\u00e9s\nPretende que me encienda en \u00e9l\nQuemando mis ideas\n\nCuando hasta un ciego puede ver\nQue nos callamos sin saber\nPerdi\u00e9ndonos la vuelta\n\nAqu\u00ed tengo el presentimiento\nQue aqu\u00ed nada voy a arrastrar desde aqu\u00ed\nSolo voy a vivir mi hoy ahora\n\nCuando hasta un ciego puede ver\nQue nos callamos sin saber\nPerdi\u00e9ndonos la vuelta\n\nAqu\u00ed tengo el presentimiento\nQue aqu\u00ed nada voy a arrastrar desde aqu\u00ed\nSolo voy a vivir mi hoy ahora\n\nAqu\u00edEmbed"
}