{
 "_type": "song",
 "annotation_count": 1,
 "api_path": "/songs/792124",
 "artist_names": "Al Green (Ft. Anthony Hamilton)",
 "full_title": "You\u2019ve Got the Love I Need by\u00a0Al\u00a0Green (Ft.\u00a0Anthony\u00a0Hamilton)",
 "header_image_thumbnail_url": "https://images.genius.com/cd268df2e6e296762cfcfc3ccbd91e21.300x300x1.jpg",
 "header_image_url": "https://images.genius.com/cd268df2e6e296762cfcfc3ccbd91e21.640x640x1.jpg",
 "id": 792124,
 "instrumental": false,
 "lyrics_owner_id": 3492882,
 "lyrics_state": "complete",
 "lyrics_updated_at": 1582011072,
 "path": "/Al-green-youve-got-the-love-i-need-lyrics",
 "pyongs_count": null,
 "relationships_index_url": "https://genius.com/Al-green-youve-got-the-love-i-need-sample",
 "release_date_components": {
  "year": 2008,
  "month": 5,
  "day": 27
 },
 "release_date_for_display": "May 27, 2008",
 "release_date_with_abbreviated_month_for_display": "May. 27, 2008",
 "song_art_image_thumbnail_url": "https://images.genius.com/cd268df2e6e296762cfcfc3ccbd91e21.300x300x1.jpg",
 "song_art_image_url": "https://images.genius.com/cd268df2e6e296762cfcfc3ccbd91e21.640x640x1.jpg",
 "stats": {
  "unreviewed_annotations": 0,
  "hot": false
 },
 "title": "You\u2019ve Got the Love I Need",
 "title_with_featured": "You\u2019ve Got the Love I Need (Ft.\u00a0Anthony\u00a0Hamilton)",
 "updated_by_human_at": 1588652986,
 "url": "https://genius.com/Al-green-youve-got-the-love-i-need-lyrics",
 "featured_artists": [
  {
   "_type": "artist",
   "api_path": "/artists/1714",
   "header_image_url": "https://images.genius.com/899e6a744b4fa8f9786b502dc494345a.1000x575x1.jpg",
   "id": 1714,
   "image_url": "https://images.genius.com/456f0c53b38046e4c3cf919b5e3e3703.922x922x1.jpg",
   "index_character": "a",
   "is_meme_verified": false,
   "is_verified": false,
   "name": "Anthony Hamilton",
   "slug": "Anthony-hamilton",
   "url": "https://genius.com/artists/Anthony-hamilton"
  }
 ],
 "primary_artist": {
  "_type": "artist",
  "api_path": "/artists/1610",
  "header_image_url": "https://images.genius.com/2f9bcf3ab7bf6e2e8966ffcbc280ea0d.1000x750x1.jpg",
  "id": 1610,
  "image_url": "https://s3.amazonaws.com/rapgenius/algreen_wide-1859c7e02eb9c661302371127ea16d32559b63ea-s6-c10.jpg",
  "index_character": "a",
  "is_meme_verified": false,
  "is_verified": false,
  "name": "Al Green",
  "slug": "Al-green",
  "url": "https://genius.com/artists/Al-green"
 },
 "artist": "Al Green",
 "lyrics": "1 ContributorYou\u2019ve Got the Love I Need Lyrics[Verse 1: Al Green]\nWhoa, you're beautiful to me\nMore than my eyes can see\nYour hair blowin' in the wind\nI don't know why love should end\n\n[Pre-Chorus: Al Green]\nStardust in the sky\nI either love you or die\nI've gotta have you in my life\nI really wanna make you my wife, ooh\n\n[Chorus: Al Green & Anthony Hamilton]\nYou got the love I need, baby\nYou got the love I need, baby\nYou got the love I need, baby\nYou got the love I need, baby\n\n[Verse 2: Anthony Hamilton]\nOh, my only friend\nThe only truth I know\nOh, you taught me things about me\nI never thought I'd know\n\n[Pre-Chorus: Anthony Hamilton]\nDarlin', you been there for me, yeah\nThrough the strangest of the time\nOh, it must be meant to be\nMy kind of little love for mine\nYou might also like[Chorus: Al Green & Anthony Hamilton]\nYou got the love I need, baby\n(I tell you, baby, you got it)\nYou got the love I need, baby\nYou got the love I need, baby\n(Everything I need, you got it)\nYou got the love I need, baby\n\n[Pre-Chorus: Al Green & (Anthony Hamilton)]\nStardust blowin' in the wind (Blowin' in the wind)\nI don't know why love should end\nI like lovin' you, so (I like lovin' you)\nI'll never, never, never let you go\n\n[Chorus: Al Green & Anthony Hamilton]\nYou got the love I need, baby\nYou got the love I need, baby\n(Hug and hold me tight, baby)\nYou got the love I need, baby\n(You give me everything I need)\nYou got the love I need, baby\n(One more time, baby, you got)\nYou got the love I need, baby\nYou got the love I need, baby\nYou got love I need, baby\nYou got the love I need, babyEmbed"
}