{
 "_type": "song",
 "annotation_count": 1,
 "api_path": "/songs/1394425",
 "artist_names": "Ricardo Montaner",
 "full_title": "Tan Enamorados by\u00a0Ricardo\u00a0Montaner",
 "header_image_thumbnail_url": "https://images.genius.com/e764ced7247c2d365e780fd903734af5.300x300x1.jpg",
 "header_image_url": "https://images.genius.com/e764ced7247c2d365e780fd903734af5.706x706x1.jpg",
 "id": 1394425,
 "instrumental": false,
 "lyrics_owner_id": 5552364,
 "lyrics_state": "complete",
 "lyrics_updated_at": 1613660374,
 "path": "/Ricardo-montaner-tan-enamorados-lyrics",
 "pyongs_count": 1,
 "relationships_index_url": "https://genius.com/Ricardo-montaner-tan-enamorados-sample",
 "release_date_components": {
  "year": 1988,
  "month": 6,
  "day": 26
 },
 "release_date_for_display": "June 26, 1988",
 "release_date_with_abbreviated_month_for_display": "Jun. 26, 1988",
 "song_art_image_thumbnail_url": "https://images.genius.com/e764ced7247c2d365e780fd903734af5.300x300x1.jpg",
 "song_art_image_url": "https://images.genius.com/e764ced7247c2d365e780fd903734af5.706x706x1.jpg",
 "stats": {
  "unreviewed_annotations": 0,
  "hot": false,
  "pageviews": 5904
 },
 "title": "Tan Enamorados",
 "title_with_featured": "Tan Enamorados",
 "updated_by_human_at": 1613660374,
 "url": "https://genius.com/Ricardo-montaner-tan-enamorados-lyrics",
 "featured_artists": [],
 "primary_artist": {
  "_type": "artist",
  "api_path": "/artists/353717",
  "header_image_url": "https://images.genius.com/d4cf5f2174420b5f3ca56c848abe93ed.640x640x1.jpg",
  "id": 353717,
  "image_url": "https://images.genius.com/d4cf5f2174420b5f3ca56c848abe93ed.640x640x1.jpg",
  "index_character": "r",
  "is_meme_verified": false,
  "is_verified": false,
  "name": "Ricardo Montaner",
  "slug": "Ricardo-montaner",
  "url": "https://genius.com/artists/Ricardo-montaner"
 },
 "artist": "Ricardo Montaner",
 "lyrics": "2 ContributorsTan Enamorados Lyrics[Letra de \"Tan Enamorados\"]\n\n[Verso 1]\nQuiz\u00e1s te puedas preguntar\nQu\u00e9 le hace falta a esta noche blanca\nA nuestras vidas que ya han vivido tanto\nQue han visto mil colores de s\u00e1banas de seda\nY cuando llueve te gusta caminar\nVas abraz\u00e1ndome sin prisa aunque te mojes\nAmor m\u00edo, lo nuestro es como es\nEs toda una aventura, no le hace falta nada\n\n[Coro]\nEstoy aqu\u00ed, tan enamorado de ti\nQue la noche dura un poco m\u00e1s\nEl grito de una ciudad\nQue ve nuestras caras la humedad\nY te har\u00e9 compa\u00f1\u00eda m\u00e1s all\u00e1 de la vida\nYo te juro que arriba te amar\u00e9 m\u00e1s\nTan enamorados que as\u00ed\nLa noche dura un poco m\u00e1s\n\n[Verso 2]\nLa ma\u00f1ana nos traer\u00e1 un canto nuevo de p\u00e1jaros alegres\nAmor m\u00edo, as\u00ed es la vida juntos\nDos locos de repente\nSonri\u00e9ndole a la gente que nos ve pasar\nSee Ricardo Montaner LiveGet tickets as low as $178You might also like[Coro]\nTan enamorados que as\u00ed\nLa noche dura un poco m\u00e1s\nViajar a tu lado en el tren\nUn sue\u00f1o dif\u00edcil de creer\nPoco a poco el abrazo\nBoca a boca, despacio\nAliento y suspiros tibios, anochecer\nTan enamorados que as\u00ed\nLa noche dura un poco m\u00e1s\nViajar a tu lado en el tren\nUn sue\u00f1o dif\u00edcil de creer1Embed"
}