{
 "_type": "song",
 "annotation_count": 1,
 "api_path": "/songs/916758",
 "artist_names": "Fats Domino",
 "full_title": "All By Myself by\u00a0Fats\u00a0Domino",
 "header_image_thumbnail_url": "https://images.genius.com/a66b6b75bd2065ea83919dbd86424d2c.300x300x1.jpg",
 "header_image_url": "https://images.genius.com/a66b6b75bd2065ea83919dbd86424d2c.600x600x1.jpg",
 "id": 916758,
 "instrumental": false,
 "lyrics_owner_id": 5934018,
 "lyrics_state": "complete",
 "lyrics_updated_at": 1602349471,
 "path": "/Fats-domino-all-by-myself-lyrics",
 "pyongs_count": null,
 "relationships_index_url": "https://genius.com/Fats-domino-all-by-myself-sample",
 "release_date_components": {
  "year": 1956,
  "month": null,
  "day": null
 },
 "release_date_for_display": "1956",
 "release_date_with_abbreviated_month_for_display": "1956",
 "song_art_image_thumbnail_url": "https://images.genius.com/a66b6b75bd2065ea83919dbd86424d2c.300x300x1.jpg",
 "song_art_image_url": "https://images.genius.com/a66b6b75bd2065ea83919dbd86424d2c.600x600x1.jpg",
 "stats": {
  "unreviewed_annotations": 0,
  "hot": false
 },
 "title": "All By Myself",
 "title_with_featured": "All By Myself",
 "updated_by_human_at": 1695597746,
 "url": "https://genius.com/Fats-domino-all-by-myself-lyrics",
 "featured_artists": [],
 "primary_artist": {
  "_type": "artist",
  "api_path": "/artists/328898",
  "header_image_url": "https://images.genius.com/7f4c590dd332278bc90605b8c1e41dda.1000x1000x1.jpg",
  "id": 328898,
  "image_url": "https://images.genius.com/7f4c590dd332278bc90605b8c1e41dda.1000x1000x1.jpg",
  "index_character": "f",
  "is_meme_verified": false,
  "is_verified": false,
  "name": "Fats Domino",
  "slug": "Fats-domino",
  "url": "https://genius.com/artists/Fats-domino"
 },
 "artist": "Fats Domino",
 "lyrics": "4 ContributorsAll By Myself Lyrics[Verse 1]\nLittle girl, don't you understand?\nI wanna be your loving man\n\n[Chorus]\nAll by myself, all by myself\nI don't want no one to love you\nI wanna love you all by myself\n\n[Verse 2]\nYou'll find little girl you know it too\nDon't you know I'm in love with you\n\n[Chorus]\nAll by myself, all by myself\nI don't want no one to love you\nI wanna love you all by myself\n\n[Verse 3]\nMeet me in the parlor 'bout half past one\nWe will go on out and have some fun\n\n[Chorus]\nAll by ourself, all by ourself\nWe don't need nobody with us\nWe gonna do it all by ourself\nYou might also like[Instrumental Break]\n\n[Verse 3]\nMeet me in the parlor 'bout half past one\nWe will go on out and have some fun\n\n[Chorus]\nAll by ourself, all by ourself\nWe don't need nobody with us\nWe gonna have it all by ourself\n\n[Verse 1]\nLittle girl, don't you understand?\nI wanna be your loving man\n\n[Chorus]\nAll by myself, all by myself\nWe don't want no one to love you\nWe will love you all by myselfEmbed"
}