{
 "_type": "song",
 "annotation_count": 2,
 "api_path": "/songs/151593",
 "artist_names": "Van Halen",
 "full_title": "Runnin' with the Devil by\u00a0Van\u00a0Halen",
 "header_image_thumbnail_url": "https://images.genius.com/b2968c57420017752e6d8b613df6598f.300x199x1.jpg",
 "header_image_url": "https://images.genius.com/b2968c57420017752e6d8b613df6598f.900x597x1.jpg",
 "id": 151593,
 "instrumental": false,
 "lyrics_owner_id": 63448,
 "lyrics_state": "complete",
 "lyrics_updated_at": 1692120263,
 "path": "/Van-halen-runnin-with-the-devil-lyrics",
 "pyongs_count": 6,
 "relationships_index_url": "https://genius.com/Van-halen-runnin-with-the-devil-sample",
 "release_date_components": {
  "year": 1978,
  "month": 2,
  "day": 10
 },
 "release_date_for_display": "February 10, 1978",
 "release_date_with_abbreviated_month_for_display": "Feb. 10, 1978",
 "song_art_image_thumbnail_url": "https://images.genius.com/02f8c4ce95b77abf6a28a05e5951a147.300x300x1.jpg",
 "song_art_image_url": "https://images.genius.com/02f8c4ce95b77abf6a28a05e5951a147.400x400x1.jpg",
 "stats": {
  "unreviewed_annotations": 0,
  "hot": false,
  "pageviews": 62262
 },
 "title": "Runnin\u2019 with the Devil",
 "title_with_featured": "Runnin' with the Devil",
 "updated_by_human_at": 1692120263,
 "url": "https://genius.com/Van-halen-runnin-with-the-devil-lyrics",
 "featured_artists": [],
 "primary_artist": {
  "_type": "artist",
  "api_path": "/artists/38215",
  "header_image_url": "https://images.genius.com/fd04eb03afa9dae987d9d0c49ba5b465.1000x453x1.jpg",
  "id": 38215,
  "image_url": "https://images.genius.com/8168e575eb6233cc2444c6f2c56c0f26.522x522x1.jpg",
  "index_character": "v",
  "is_meme_verified": false,
  "is_verified": false,
  "name": "Van Halen",
  "slug": "Van-halen",
  "url": "https://genius.com/artists/Van-halen"
 },
 "artist": "Van Halen",
 "lyrics": "23 ContributorsRunnin\u2019 with the Devil Lyrics[Intro]\nYeah, yeah, yeah\nAhh, yeah\n\n[Verse 1]\nI live my life like there's no tomorrow\nAnd all I've got I had to steal\nLeast I don't need to beg or borrow\nYes, I'm livin' at a pace that kills\nOoh, yeah\n\n[Chorus]\n(Runnin' with the devil)\nAh, Ah-ha yeah, whoo-hoo-ooh\n(Runnin' with the devil)\nI'll tell y'all about it\n\n[Verse 2]\nI found the simple life ain't so simple\nWhen I jumped out on that road\nI got no love, no love you'd call real\nAin't got nobody waitin' at home\n\n[Chorus]\nAhh, yeah\n(Runnin' with the devil)\nGod damn it lady, you know I ain't lying to ya\nI'm only gonna tell you one time\nAah, yeah\n(Runnin' with the devil)\nYes I am\nYeah\nYou might also like[Guitar Solo]\nWhoo\nWhoo\n\n[Verse 3]\nYou know I\u2014\nI found the simple life, weren't so simple, no\nWhen I jumped out on that road\nGot no love, no love you'd call real\nGot nobody waiting at home\n\n[Chorus]\n(Runnin' with the devil)\nOh god, oh god, I'm running, oh yeah\n(Runnin' with the devil)\nUh, uh, one more time\n\n[Bridge]\nWoo\n\n[Outro]\n(Runnin' with the devil)\n(Runnin' with the devil)\n(Runnin' with the devil)\n(Runnin' with the devil)6Embed"
}