{
 "_type": "song",
 "annotation_count": 1,
 "api_path": "/songs/1286712",
 "artist_names": "Crystal Gayle",
 "full_title": "A Long and Lasting Love by\u00a0Crystal\u00a0Gayle",
 "header_image_thumbnail_url": "https://images.genius.com/2933077784063f6b98784f618e0dae62.300x300x1.jpg",
 "header_image_url": "https://images.genius.com/2933077784063f6b98784f618e0dae62.600x600x1.jpg",
 "id": 1286712,
 "instrumental": false,
 "lyrics_owner_id": 1549345,
 "lyrics_state": "complete",
 "lyrics_updated_at": 1613526671,
 "path": "/Crystal-gayle-a-long-and-lasting-love-lyrics",
 "pyongs_count": null,
 "relationships_index_url": "https://genius.com/Crystal-gayle-a-long-and-lasting-love-sample",
 "release_date_components": {
  "year": 1985,
  "month": null,
  "day": null
 },
 "release_date_for_display": "1985",
 "release_date_with_abbreviated_month_for_display": "1985",
 "song_art_image_thumbnail_url": "https://images.genius.com/2933077784063f6b98784f618e0dae62.300x300x1.jpg",
 "song_art_image_url": "https://images.genius.com/2933077784063f6b98784f618e0dae62.600x600x1.jpg",
 "stats": {
  "unreviewed_annotations": 0,
  "hot": false
 },
 "title": "A Long and Lasting Love",
 "title_with_featured": "A Long and Lasting Love",
 "updated_by_human_at": 1642175023,
 "url": "https://genius.com/Crystal-gayle-a-long-and-lasting-love-lyrics",
 "featured_artists": [],
 "primary_artist": {
  "_type": "artist",
  "api_path": "/artists/210450",
  "header_image_url": "https://images.genius.com/c47c76123abe505c9b71087334a1e52a.680x680x1.jpg",
  "id": 210450,
  "image_url": "https://images.genius.com/c47c76123abe505c9b71087334a1e52a.680x680x1.jpg",
  "index_character": "c",
  "is_meme_verified": false,
  "is_verified": false,
  "name": "Crystal Gayle",
  "slug": "Crystal-gayle",
  "url": "https://genius.com/artists/Crystal-gayle"
 },
 "artist": "Crystal Gayle",
 "lyrics": "4 ContributorsA Long and Lasting Love LyricsA long and lasting love\nNot many people find it\nBut those who do their whole life through\nPut their heart and soul behind it\nA long and lasting love\n\nA long and lasting love\nIs what I've always dreamed of\nAnd when I look into your eyes\nI knew I'd really seen love\nA long and lasting love\n\nWe got a once in a lifetime\nAll the dreams we've waited for\nAre just beginning to come true\nIt happens once in a lifetime\nWhen you find that special girl\nWho knows the meaning of love like you\n\nA long and lasting love\nWe share for many reasons\nA special bond\nThat goes beyond the changing of the seasons\nA long and lasting love\nA long and lasting love\nIs what I've always dreamed of\nI knew I'd really seen love\nA long and lasting love\nIs what I've always dreamed of\nMy long and lasting loveSee Crystal Gayle LiveGet tickets as low as $60You might also likeEmbed"
}