{
 "_type": "song",
 "annotation_count": 6,
 "api_path": "/songs/120189",
 "artist_names": "Small Faces",
 "full_title": "Itchycoo Park by\u00a0Small\u00a0Faces",
 "header_image_thumbnail_url": "https://images.genius.com/012657ed3d668cd86118529783c7dab7.292x300x1.jpg",
 "header_image_url": "https://images.genius.com/012657ed3d668cd86118529783c7dab7.292x300x1.jpg",
 "id": 120189,
 "instrumental": false,
 "lyrics_owner_id": 1850,
 "lyrics_state": "complete",
 "lyrics_updated_at": 1663593183,
 "path": "/Small-faces-itchycoo-park-lyrics",
 "pyongs_count": null,
 "relationships_index_url": "https://genius.com/Small-faces-itchycoo-park-sample",
 "release_date_components": {
  "year": 1967,
  "month": 8,
  "day": 4
 },
 "release_date_for_display": "August 4, 1967",
 "release_date_with_abbreviated_month_for_display": "Aug. 4, 1967",
 "song_art_image_thumbnail_url": "https://images.genius.com/012657ed3d668cd86118529783c7dab7.292x300x1.jpg",
 "song_art_image_url": "https://images.genius.com/012657ed3d668cd86118529783c7dab7.292x300x1.jpg",
 "stats": {
  "unreviewed_annotations": 1,
  "hot": false,
  "pageviews": 25707
 },
 "title": "Itchycoo Park",
 "title_with_featured": "Itchycoo Park",
 "updated_by_human_at": 1663593355,
 "url": "https://genius.com/Small-faces-itchycoo-park-lyrics",
 "featured_artists": [],
 "primary_artist": {
  "_type": "artist",
  "api_path": "/artists/39114",
  "header_image_url": "https://images.genius.com/7bbbf6018102e76ea4d7093bb7cc6d8c.470x466x1.png",
  "id": 39114,
  "image_url": "https://images.genius.com/7bbbf6018102e76ea4d7093bb7cc6d8c.470x466x1.png",
  "index_character": "s",
  "is_meme_verified": false,
  "is_verified": false,
  "name": "Small Faces",
  "slug": "Small-faces",
  "url": "https://genius.com/artists/Small-faces"
 },
 "artist": "Small Faces",
 "lyrics": "14 ContributorsItchycoo Park Lyrics[Verse 1]\nOver bridge of sighs\nTo rest my eyes in shades of green\nUnder dreamin' spires\nTo Itchycoo Park, that's where I've been\n\n[Pre-Chorus 1]\nWhat did you do there?\nI got high\nWhat did you feel there?\nWell I cried\nBut why the tears there?\nI'll tell you why\n\n[Chorus]\nIt's all too beautiful\nIt's all too beautiful\nIt's all too beautiful\nIt's all too beautiful\n\n[Bridge]\nI feel inclined to blow my mind\nGet hung up, feed the ducks with a bun\nThey all come out to groove about\nBe nice and have fun in the sun\nYou might also like[Verse 2]\nI tell you what I'll do (what will you do?)\nI'd like to go there now with you\nYou can miss out school (won't that be cool)\nWhy go to learn the words of fools?\n\n[Pre-Chorus 2]\nWhat will we do there?\nWe'll get high\nWhat will we touch there?\nWe'll touch the sky\nBut why the tears then?\nI'll tell you why\n\n[Chorus]\nIt's all too beautiful\nIt's all too beautiful\nIt's all too beautiful\nIt's all too beautiful\n\n[Bridge]\nI feel inclined to blow my mind\nGet hung up, feed the ducks with a bun\nThey all come out to groove about\nBe nice and have fun in the sun\n[Outro]\nIt's all too beautiful\nIt's all too beautiful\nIt's all too beautiful\nHa! It's all too beautiful\nIt's all too beautiful\nIt's all too beautiful\nIt's all too beautiful\nIt's all too beautifulEmbed"
}