{
 "_type": "song",
 "annotation_count": 1,
 "api_path": "/songs/2027318",
 "artist_names": "Belinda",
 "full_title": "Bella Traici\u00f3n by\u00a0Belinda",
 "header_image_thumbnail_url": "https://images.genius.com/36200f3160fcadb89cc8fb2f5e4a453a.300x300x1.jpg",
 "header_image_url": "https://images.genius.com/36200f3160fcadb89cc8fb2f5e4a453a.1000x1000x1.jpg",
 "id": 2027318,
 "instrumental": false,
 "lyrics_owner_id": 1106295,
 "lyrics_state": "complete",
 "lyrics_updated_at": 1673571880,
 "path": "/Belinda-bella-traicion-lyrics",
 "pyongs_count": 3,
 "relationships_index_url": "https://genius.com/Belinda-bella-traicion-sample",
 "release_date_components": {
  "year": 2007,
  "month": 1,
  "day": 26
 },
 "release_date_for_display": "January 26, 2007",
 "release_date_with_abbreviated_month_for_display": "Jan. 26, 2007",
 "song_art_image_thumbnail_url": "https://images.genius.com/36200f3160fcadb89cc8fb2f5e4a453a.300x300x1.jpg",
 "song_art_image_url": "https://images.genius.com/36200f3160fcadb89cc8fb2f5e4a453a.1000x1000x1.jpg",
 "stats": {
  "unreviewed_annotations": 0,
  "hot": false
 },
 "title": "Bella Traici\u00f3n",
 "title_with_featured": "Bella Traici\u00f3n",
 "updated_by_human_at": 1678828780,
 "url": "https://genius.com/Belinda-bella-traicion-lyrics",
 "featured_artists": [],
 "primary_artist": {
  "_type": "artist",
  "api_path": "/artists/108902",
  "header_image_url": "https://images.genius.com/11296ac9291f6af8563d252c2cb17241.1000x1000x1.jpg",
  "id": 108902,
  "image_url": "https://images.genius.com/9a53cb9a6414e11486a3b874434e898a.1000x1000x1.jpg",
  "index_character": "b",
  "is_meme_verified": false,
  "is_verified": false,
  "name": "Belinda",
  "slug": "Belinda",
  "url": "https://genius.com/artists/Belinda"
 },
 "artist": "Belinda",
 "lyrics": "7 ContributorsBella Traici\u00f3n Lyrics[Letra de \"Bella Traici\u00f3n\"]\n\n[Verso 1]\nYa no quiero o\u00edrlo otra vez\nMi alma est\u00e1 partida en dos por ti\nNo me importa el fuego en el que ardo hoy\nDicen que estoy enferma de amor\nQue me levanto y vuelvo a caer por ti\nCada vez que te apareces frente a m\u00ed\n\n[Coro]\nPorque sin ti no hay camino\nNi destino, estoy perdida\nPorque sin ti no me importan\nLos minutos ni los d\u00edas\nPorque sin ti no hay presente\nNi futuro, s\u00e1lvame\nDe esta bella traici\u00f3n\nQue mat\u00f3 mi raz\u00f3n (Que mat\u00f3 mi raz\u00f3n)\n\n[Verso 2]\nPerdona si me olvido de ti\nLo siento si agot\u00e9 la ilusi\u00f3n\nNo me importa el juramento que te d\u00ed\nMe dicen que tu amor termin\u00f3\nQue s\u00f3lo eres una canci\u00f3n de ayer\nUn suspiro que en el aire se qued\u00f3\nYou might also like[Coro]\nPorque sin ti no hay camino\nNi destino, estoy perdida\nPorque sin ti no me importan\nLos minutos ni los d\u00edas\nPorque sin ti no hay presente\nNi futuro, s\u00e1lvame\nDe esta bella traici\u00f3n\nQue mat\u00f3 mi raz\u00f3n (Que mat\u00f3 mi raz\u00f3n)\n\n[Puente]\nD\u00f3nde estar\u00e1s\nCuando mis labios te busquen?\nY d\u00f3nde estar\u00e1\nEl sue\u00f1o tan dulce que\nEra de los dos?\nFuiste mi bella traici\u00f3n\nFuiste mi bella traici\u00f3n\n\n[Coro]\nPorque sin ti no hay camino\nNi destino, estoy perdida\nPorque sin ti no me importan\nLos minutos ni los d\u00edas\nPorque sin ti no hay presente\nNi futuro, s\u00e1lvame\n[Outro]\nDe esta bella traici\u00f3n\nDe esta bella traici\u00f3n\nDe esta bella traici\u00f3n\nQue mat\u00f3 mi raz\u00f3n\n(Fuiste t\u00fa, s\u00f3lo t\u00fa)\nQue mat\u00f3 mi raz\u00f3n3Embed"
}