{
 "_type": "song",
 "annotation_count": 1,
 "api_path": "/songs/775542",
 "artist_names": "Albert Hammond",
 "full_title": "\u00c9chame a mi la culpa by\u00a0Albert\u00a0Hammond",
 "header_image_thumbnail_url": "https://images.genius.com/e52ae442fdb229f178866767aafb2556.300x300x1.jpg",
 "header_image_url": "https://images.genius.com/e52ae442fdb229f178866767aafb2556.600x600x1.jpg",
 "id": 775542,
 "instrumental": false,
 "lyrics_owner_id": 1549345,
 "lyrics_state": "complete",
 "lyrics_updated_at": 1429192478,
 "path": "/Albert-hammond-echame-a-mi-la-culpa-lyrics",
 "pyongs_count": null,
 "relationships_index_url": "https://genius.com/Albert-hammond-echame-a-mi-la-culpa-sample",
 "release_date_components": {
  "year": 1976,
  "month": null,
  "day": null
 },
 "release_date_for_display": "1976",
 "release_date_with_abbreviated_month_for_display": "1976",
 "song_art_image_thumbnail_url": "https://images.genius.com/e52ae442fdb229f178866767aafb2556.300x300x1.jpg",
 "song_art_image_url": "https://images.genius.com/e52ae442fdb229f178866767aafb2556.600x600x1.jpg",
 "stats": {
  "unreviewed_annotations": 0,
  "hot": false
 },
 "title": "\u00c9chame a mi la culpa",
 "title_with_featured": "\u00c9chame a mi la culpa",
 "updated_by_human_at": 1613983364,
 "url": "https://genius.com/Albert-hammond-echame-a-mi-la-culpa-lyrics",
 "featured_artists": [],
 "primary_artist": {
  "_type": "artist",
  "api_path": "/artists/42587",
  "header_image_url": "https://images.genius.com/c61fa71046c1c31d8689d85d34691da9.1000x483x1.png",
  "id": 42587,
  "image_url": "https://images.genius.com/e6490497fa1f528dd9596a7fef967871.483x483x1.jpg",
  "index_character": "a",
  "is_meme_verified": false,
  "is_verified": false,
  "name": "Albert Hammond",
  "slug": "Albert-hammond",
  "url": "https://genius.com/artists/Albert-hammond"
 },
 "artist": "Albert Hammond",
 "lyrics": "2 Contributors\u00c9chame a mi la culpa LyricsSabes mejor que nadie que me fallaste\nQue lo prometiste se te olvid\u00f3\nSabes a ciencia cierta que me enga\u00f1aste\nAunque nadie te amaba igual que yo\n\nLleno estoy de razones pa despreciarte\nY sin embargo quiero que seas feliz\nY all\u00e1 en el otro mundo\nEn vez de infierno encuentres gloria\nY que una nube de tu memoria me borre a m\u00ed\nY all\u00e1 en el otro mundo\nEn vez de infierno encuentres gloria\nY que una nube de tu memoria me borre a m\u00ed\n\nDile a quien te pregunte que no te quise\nDile que te enga\u00f1aba, que fu\u00ed lo peor\nEchame a m\u00ed la culpa de lo que pase\nCubrete tu la espalda con mi dolor\nY all\u00e1 en el otro mundo\nEn vez de infierno encuentres gloria\nY que una nube de tu memoria me borre a m\u00ed\nY all\u00e1 en el otro mundo\nEn vez de infierno encuentres gloria\nY que una nube de tu memoria me borre a m\u00ed\nY all\u00e1 en el otro mundo\nEn vez de infierno encuentres gloria\nY que una nube de tu memoria me borre a m\u00edYou might also likeEmbed"
}