{
 "_type": "song",
 "annotation_count": 3,
 "api_path": "/songs/1495546",
 "artist_names": "Rob Zombie",
 "full_title": "Demon Speeding by\u00a0Rob\u00a0Zombie",
 "header_image_thumbnail_url": "https://images.genius.com/c9bd61644d34f8203250721a73bd817c.300x300x1.jpg",
 "header_image_url": "https://images.genius.com/c9bd61644d34f8203250721a73bd817c.500x500x1.jpg",
 "id": 1495546,
 "instrumental": false,
 "lyrics_owner_id": 8455379,
 "lyrics_state": "complete",
 "lyrics_updated_at": 1601421175,
 "path": "/Rob-zombie-demon-speeding-lyrics",
 "pyongs_count": 1,
 "relationships_index_url": "https://genius.com/Rob-zombie-demon-speeding-sample",
 "release_date_components": {
  "year": 2001,
  "month": 11,
  "day": 13
 },
 "release_date_for_display": "November 13, 2001",
 "release_date_with_abbreviated_month_for_display": "Nov. 13, 2001",
 "song_art_image_thumbnail_url": "https://images.genius.com/c9bd61644d34f8203250721a73bd817c.300x300x1.jpg",
 "song_art_image_url": "https://images.genius.com/c9bd61644d34f8203250721a73bd817c.500x500x1.jpg",
 "stats": {
  "unreviewed_annotations": 0,
  "hot": false,
  "pageviews": 11623
 },
 "title": "Demon Speeding",
 "title_with_featured": "Demon Speeding",
 "updated_by_human_at": 1601421175,
 "url": "https://genius.com/Rob-zombie-demon-speeding-lyrics",
 "featured_artists": [],
 "primary_artist": {
  "_type": "artist",
  "api_path": "/artists/68661",
  "header_image_url": "https://images.genius.com/2d41371192b16eb73d71e55dd60809b6.819x819x1.jpg",
  "id": 68661,
  "image_url": "https://images.genius.com/2d41371192b16eb73d71e55dd60809b6.819x819x1.jpg",
  "index_character": "r",
  "is_meme_verified": false,
  "is_verified": false,
  "name": "Rob Zombie",
  "slug": "Rob-zombie",
  "url": "https://genius.com/artists/Rob-zombie"
 },
 "artist": "Rob Zombie",
 "lyrics": "10 ContributorsDemon Speeding Lyrics[Spoken Intro]\nWhy don't you ask me what it feels like to be a freak!\n\n[Verse 1]\n(Hey, hey, hey, hey, hey, hey, hey, hey)\nHey, do ya love me, I'm untouchable darkness\nA dirty black river to-a get you through this\nHey, do ya love me, I'm a devil machine\n(Hey, do ya love me, I'm a devil machine)\nGet into my world, all-American dream\n\n[Chorus]\nIn the mouth of madness\nDown in the darkness\nNo more tomorrow\nDown in the hollow\n\n[Verse 2]\n(Hey, hey, hey, hey, hey, hey, hey, hey)\nHey, do ya love it when the kids are screaming?\nWrecking on the road, violate their dreaming\nHey, do ya love to see the filth in the clean, yeah\n(Hey, do ya love to see the filth in the clean, yeah)\nGet into the gone all-American dream\n\n[Chorus]\nIn the mouth of madness\nDown in the darkness\nNo more tomorrow\nDown in the hollow\nYou might also like[Hook]\n(Hey, hey, hey, hey)\nI'm demon speeding (Hey, hey, hey, hey)\nI'm demon speeding (Hey, hey, hey, hey)\nI'm demon speeding (Hey, hey, hey, hey)\nI'm demon speeding\n\n[Bridge]\nGet it on, get it on\nGet it on, get it on\nCome alive\n\n[Guitar Solo]\n\n[Verse 3]\n(Hey, hey, hey, hey, hey, hey, hey, hey)\nHey, do ya love me elevating the madness?\n(Hey, do ya love me elevating the madness?)\nA super death rising to get you through this\n(A super death rising to get you through this)\nHey, do ya love me like a beautiful fiend, yeah\n(Hey, do ya love me like a beautiful fiend, yeah)\nGet into my world all-American dream\n\n[Chorus]\nIn the mouth of madness\nDown in the darkness\nNo more tomorrow\nDown in the hollow\n[Hook]\n(Hey, hey, hey, hey)\nI'm demon speeding (Hey, hey, hey, hey)\nI'm demon speeding (Hey, hey, hey, hey)\nI'm demon speeding (Hey, hey, hey, hey)\nI'm demon speeding1Embed"
}