{
 "_type": "song",
 "annotation_count": 11,
 "api_path": "/songs/394957",
 "artist_names": "The Clash",
 "full_title": "Tommy Gun by\u00a0The\u00a0Clash",
 "header_image_thumbnail_url": "https://images.genius.com/d15be1e84e189874377d328e65fc32f2.300x303x1.jpg",
 "header_image_url": "https://images.genius.com/d15be1e84e189874377d328e65fc32f2.600x605x1.jpg",
 "id": 394957,
 "instrumental": false,
 "lyrics_owner_id": 211004,
 "lyrics_state": "complete",
 "lyrics_updated_at": 1682345219,
 "path": "/The-clash-tommy-gun-lyrics",
 "pyongs_count": 1,
 "relationships_index_url": "https://genius.com/The-clash-tommy-gun-sample",
 "release_date_components": {
  "year": 1978,
  "month": 11,
  "day": 24
 },
 "release_date_for_display": "November 24, 1978",
 "release_date_with_abbreviated_month_for_display": "Nov. 24, 1978",
 "song_art_image_thumbnail_url": "https://images.genius.com/d15be1e84e189874377d328e65fc32f2.300x303x1.jpg",
 "song_art_image_url": "https://images.genius.com/d15be1e84e189874377d328e65fc32f2.600x605x1.jpg",
 "stats": {
  "unreviewed_annotations": 5,
  "hot": false,
  "pageviews": 19795
 },
 "title": "Tommy Gun",
 "title_with_featured": "Tommy Gun",
 "updated_by_human_at": 1682345220,
 "url": "https://genius.com/The-clash-tommy-gun-lyrics",
 "featured_artists": [],
 "primary_artist": {
  "_type": "artist",
  "api_path": "/artists/648",
  "header_image_url": "https://images.genius.com/6cd9cb3e75708676d0c48b586c7df0c6.820x305x1.jpg",
  "id": 648,
  "image_url": "https://images.genius.com/f22e1da19e62023f606ff53fbd445585.1000x1000x1.jpg",
  "index_character": "c",
  "is_meme_verified": false,
  "is_verified": false,
  "name": "The Clash",
  "slug": "The-clash",
  "url": "https://genius.com/artists/The-clash"
 },
 "artist": "The Clash",
 "lyrics": "23 ContributorsTommy Gun LyricsTommy gun\nYou ain't happy less you got one\nTommy gun\nAin't gonna shoot the place up\nJust for fun\nMaybe he want to die for the money\nMaybe he wants to kill for his country\nWhatever he wants, he's gonna get it\n\nTommy gun\nYou better strip it down for a customs run\nTommy gun\nWaitin' at the airport 'til kingdom come\nAn' we can watch him make it on the nine o'clock news\nStandin' there in Palestine lightin' the fuse\nWhatever you want, you're gonna get it\n\nTommy gun\nTommy gun\n\nTommy gun\nA'you'll be dead when  war is won\nTommy gun\nBut did you have to gun down everyone?\nI can see it's kill or be killed\nA nation of destiny has gotta be fulfilled\nWhatever you want, you're gonna get it\nYou might also likeTommy gun\nA'you can be a hero in an age of none\nTommy gun\nI'm cuttin' out your picture from page one\nI'm gonna get a jacket just like yours\nAn' give my false support to your cause\nWhatever you want, you're gonna get it\nAlright\n\nOkay, so let's agree about the price\nAnd make it one jet airliner for ten prisoners\nBoats an' tanks and planes, it's your game\nKings an' queens an' generals learn your name\nI see all the innocent, the human sacrifice\nAnd if death comes so cheap\nThen the same goes for life1Embed"
}