{
 "_type": "song",
 "annotation_count": 3,
 "api_path": "/songs/106579",
 "artist_names": "The Beatles",
 "full_title": "I Want to Tell You by\u00a0The\u00a0Beatles",
 "header_image_thumbnail_url": "https://images.genius.com/50d56a3bb86dc53d77333fe6dbe4720b.300x300x1.jpg",
 "header_image_url": "https://images.genius.com/50d56a3bb86dc53d77333fe6dbe4720b.1000x1000x1.jpg",
 "id": 106579,
 "instrumental": false,
 "lyrics_owner_id": 121577,
 "lyrics_state": "complete",
 "lyrics_updated_at": 1662344759,
 "path": "/The-beatles-i-want-to-tell-you-lyrics",
 "pyongs_count": 4,
 "relationships_index_url": "https://genius.com/The-beatles-i-want-to-tell-you-sample",
 "release_date_components": {
  "year": 1966,
  "month": 8,
  "day": 5
 },
 "release_date_for_display": "August 5, 1966",
 "release_date_with_abbreviated_month_for_display": "Aug. 5, 1966",
 "song_art_image_thumbnail_url": "https://images.genius.com/50d56a3bb86dc53d77333fe6dbe4720b.300x300x1.jpg",
 "song_art_image_url": "https://images.genius.com/50d56a3bb86dc53d77333fe6dbe4720b.1000x1000x1.jpg",
 "stats": {
  "unreviewed_annotations": 0,
  "hot": false,
  "pageviews": 39452
 },
 "title": "I Want to Tell You",
 "title_with_featured": "I Want to Tell You",
 "updated_by_human_at": 1662344759,
 "url": "https://genius.com/The-beatles-i-want-to-tell-you-lyrics",
 "featured_artists": [],
 "primary_artist": {
  "_type": "artist",
  "api_path": "/artists/586",
  "header_image_url": "https://images.genius.com/817d7fb288bb1c8456140d7e4987e7e7.400x226x148.gif",
  "id": 586,
  "image_url": "https://images.genius.com/2a7afa0442a3805371b018ca29dfdda6.1000x1000x1.jpg",
  "index_character": "b",
  "is_meme_verified": false,
  "is_verified": false,
  "name": "The Beatles",
  "slug": "The-beatles",
  "url": "https://genius.com/artists/The-beatles"
 },
 "artist": "The Beatles",
 "lyrics": "29 ContributorsI Want to Tell You Lyrics[Verse 1]\nI want to tell you\nMy head is filled with things to say\nWhen you're here\nAll those words, they seem to slip away\n\n[Verse 2]\nWhen I get near you\nThe games begin to drag me down\nIt's all right\nI'll make you maybe next time around\n\n[Bridge 1]\nBut if I seem to act unkind\nIt's only me, it's not my mind\nThat is confusing things\n\n[Verse 3]\nI want to tell you\nI feel hung up, but I don't know why\nI don't mind\nI could wait forever, I've got time\n\n[Bridge 2]\nSometimes I wish I knew you well\nThen I could speak my mind and tell you\nMaybe you'd understand\nYou might also like[Verse 3]\nI want to tell you\nI feel hung up, but I don't know why\nI don't mind\nI could wait forever, I've got time\n\n[Outro]\nI've got time\nI've got time4Embed"
}