{
 "_type": "song",
 "annotation_count": 1,
 "api_path": "/songs/1176518",
 "artist_names": "Fiji",
 "full_title": "Anything You Want by\u00a0Fiji",
 "header_image_thumbnail_url": "https://images.genius.com/53bca7c0fdaef6f1b21888bbad4d289c.300x300x1.jpg",
 "header_image_url": "https://images.genius.com/53bca7c0fdaef6f1b21888bbad4d289c.494x494x1.jpg",
 "id": 1176518,
 "instrumental": false,
 "lyrics_owner_id": 1549345,
 "lyrics_state": "complete",
 "lyrics_updated_at": 1429682095,
 "path": "/Fiji-anything-you-want-lyrics",
 "pyongs_count": null,
 "relationships_index_url": "https://genius.com/Fiji-anything-you-want-sample",
 "release_date_components": {
  "year": 1999,
  "month": 11,
  "day": 20
 },
 "release_date_for_display": "November 20, 1999",
 "release_date_with_abbreviated_month_for_display": "Nov. 20, 1999",
 "song_art_image_thumbnail_url": "https://images.genius.com/53bca7c0fdaef6f1b21888bbad4d289c.300x300x1.jpg",
 "song_art_image_url": "https://images.genius.com/53bca7c0fdaef6f1b21888bbad4d289c.494x494x1.jpg",
 "stats": {
  "unreviewed_annotations": 0,
  "hot": false
 },
 "title": "Anything You Want",
 "title_with_featured": "Anything You Want",
 "updated_by_human_at": 1543493587,
 "url": "https://genius.com/Fiji-anything-you-want-lyrics",
 "featured_artists": [],
 "primary_artist": {
  "_type": "artist",
  "api_path": "/artists/1556080",
  "header_image_url": "https://images.genius.com/38fc73848fccf8675b5d61edef9f0226.500x333x1.jpg",
  "id": 1556080,
  "image_url": "https://images.genius.com/6cb93de16699e9f1e26d372a7fc74e4a.720x720x1.jpg",
  "index_character": "f",
  "is_meme_verified": false,
  "is_verified": false,
  "name": "Fiji",
  "slug": "Fiji",
  "url": "https://genius.com/artists/Fiji"
 },
 "artist": "Fiji",
 "lyrics": "3 ContributorsAnything You Want LyricsIt's hard to explain\nThe hardships and pain\nThat true lovers must endure\nThat's for sure\nI have my regrets\nBut much more than that\nThis special love we must secure\nMore and more\n\nThere's no better feelin'\nThan when I rise up to see the morning sun\nAnd watch the sunrise in you eyes\nYou're like the summer breeze\nWhen I'm going through my winter time\nSo baby take this love of mine\n\n'Cause anything you want, girl\nI will give it to you\nAnything you need, girl\nMy heart will be so true\nAnything you want, girl\nI will give it to you\nAnything you need, girl\nMy heart will always be true to you\n\nThey say once you're bit, you're twice as shy\nI have no reason to ask you why, why oh why\nWe must understand the ultimate plan\nIs that we live a happy life\nIn the by and by\nYou might also likeThere's no better feelin'\nThan when I rise up to see the morning sun\nAnd watch the sunrise in you eyes\nYou're like the summer breeze\nThat comes to me in the winter time\nSo honey, I hope you realize\n\n'Cause anything you want, girl\nI will give it to you\nAnything you need, girl\nMy heart will always be true\nAnything you want, girl\nI will surely give it to you\nAnything you need, girl\nMy heart will always be true to youEmbed"
}