{
 "_type": "song",
 "annotation_count": 1,
 "api_path": "/songs/1678638",
 "artist_names": "Graham Parker",
 "full_title": "White Honey by\u00a0Graham\u00a0Parker",
 "header_image_thumbnail_url": "https://images.genius.com/a85e61502968e60d0600b1d86045ca32.300x300x1.jpg",
 "header_image_url": "https://images.genius.com/a85e61502968e60d0600b1d86045ca32.591x591x1.jpg",
 "id": 1678638,
 "instrumental": false,
 "lyrics_owner_id": 1549345,
 "lyrics_state": "complete",
 "lyrics_updated_at": 1429903466,
 "path": "/Graham-parker-white-honey-lyrics",
 "pyongs_count": null,
 "relationships_index_url": "https://genius.com/Graham-parker-white-honey-sample",
 "release_date_components": {
  "year": 2010,
  "month": null,
  "day": null
 },
 "release_date_for_display": "2010",
 "release_date_with_abbreviated_month_for_display": "2010",
 "song_art_image_thumbnail_url": "https://images.genius.com/a85e61502968e60d0600b1d86045ca32.300x300x1.jpg",
 "song_art_image_url": "https://images.genius.com/a85e61502968e60d0600b1d86045ca32.591x591x1.jpg",
 "stats": {
  "unreviewed_annotations": 0,
  "hot": false
 },
 "title": "White Honey",
 "title_with_featured": "White Honey",
 "updated_by_human_at": 1625655835,
 "url": "https://genius.com/Graham-parker-white-honey-lyrics",
 "featured_artists": [],
 "primary_artist": {
  "_type": "artist",
  "api_path": "/artists/355662",
  "header_image_url": "https://images.genius.com/b916fb3f32e4c38101f176e783ed3dab.300x267x1.jpg",
  "id": 355662,
  "image_url": "https://images.genius.com/35d7dde5707da24c82651737286f893a.374x374x1.jpg",
  "index_character": "g",
  "is_meme_verified": false,
  "is_verified": false,
  "name": "Graham Parker",
  "slug": "Graham-parker",
  "url": "https://genius.com/artists/Graham-parker"
 },
 "artist": "Graham Parker",
 "lyrics": "2 ContributorsWhite Honey LyricsWhite honey get it from the candy man\nWhite honey yeah any time I think I can\n\nYou wake up early in the morning\nA-playing on the clarinet\nWhole town down when the man comes around\nAnd no one pays their rent It's all spent on\n\nWhite honey get it from the candy man\nWhite honey yeah any time I think I can\n\nShe's come and laid on a sample\nA little sweet white honey bee\nTastes so good that the whole town stood\nAnd stared and looked at me\nThey all see the\n\nWhite honey get it from the candy man\nWhite honey yeah any time I think I can\n\nC'mon and\n\nBut now I ain't wanna criticise\nBut let me tell you what I found\nSince they took away the record machine\nWhite honey don't come around. Get down!\nYou might also likeWhite honey get it from the candy man Oh oh oh oh oh\nWhite honey-ee any time I think I can\nSaid honey what you doing what you doing what you doing\nWhat you're doing downtown tell me baby\nHoney what you do what you do what you doing\nYou're trying to make me look like a clown\nI said hit white honey when the chips are down\nI'm gonna taste white honey when ain't no one around\nI said honey honey honey honey honey honey honey honey yeah\n\nWah wah wah I said bop do do do do do bop do do do do do\nBop do do do do do bop do do do do do bop do do do do do\nBop do do do do do bop do do do do do bop yeah yeah\n\nWhite honey white white honey honey white now yeah yeahEmbed"
}