{
 "_type": "song",
 "annotation_count": 3,
 "api_path": "/songs/1680755",
 "artist_names": "Patty Griffin",
 "full_title": "Rowing Song by\u00a0Patty\u00a0Griffin",
 "header_image_thumbnail_url": "https://images.genius.com/5089353524d104cd8d8d50f9747b5f16.300x300x1.jpg",
 "header_image_url": "https://images.genius.com/5089353524d104cd8d8d50f9747b5f16.500x500x1.jpg",
 "id": 1680755,
 "instrumental": false,
 "lyrics_owner_id": 1549345,
 "lyrics_state": "complete",
 "lyrics_updated_at": 1524256921,
 "path": "/Patty-griffin-rowing-song-lyrics",
 "pyongs_count": null,
 "relationships_index_url": "https://genius.com/Patty-griffin-rowing-song-sample",
 "release_date_components": null,
 "release_date_for_display": null,
 "release_date_with_abbreviated_month_for_display": null,
 "song_art_image_thumbnail_url": "https://images.genius.com/5089353524d104cd8d8d50f9747b5f16.300x300x1.jpg",
 "song_art_image_url": "https://images.genius.com/5089353524d104cd8d8d50f9747b5f16.500x500x1.jpg",
 "stats": {
  "unreviewed_annotations": 3,
  "hot": false
 },
 "title": "Rowing Song",
 "title_with_featured": "Rowing Song",
 "updated_by_human_at": 1524256921,
 "url": "https://genius.com/Patty-griffin-rowing-song-lyrics",
 "featured_artists": [],
 "primary_artist": {
  "_type": "artist",
  "api_path": "/artists/59543",
  "header_image_url": "https://images.genius.com/d53ac662c2f0468cbb1cdd98633e71bf.1000x365x1.png",
  "id": 59543,
  "image_url": "https://images.genius.com/c278e12198b0572e23224a49360189db.386x386x1.png",
  "index_character": "p",
  "is_meme_verified": false,
  "is_verified": false,
  "name": "Patty Griffin",
  "slug": "Patty-griffin",
  "url": "https://genius.com/artists/Patty-griffin"
 },
 "artist": "Patty Griffin",
 "lyrics": "2 ContributorsRowing Song LyricsAs I row, row, row\nGoing so slow, slow, slow\nJust down below me is the old sea\nJust down below me is the old sea\n\nNobody knows, knows, knows\nSo many things, things, so\nSo out of range, sometimes so strange\nSometimes so sweet, sometimes so lonely\n\nThe further I go\nMore letters from home never arrive\nAnd I'm alone, all of the way\nAll of the way, alone and alive\n\nJust have to go, go, go\nWhere I don't know, know, know\nThis is the thing somebody said\nSomebody told me a long time ago\n\nThe further I go\nMore letters from home never arrive\nAnd I'm alone, all of the way\nAll of the way, alone and alive\n\nAs I row, row, row\nGoing so slow, slow, slow\nJust down below me is the old sea\nJust down below me is the old sea\nSee Patty Griffin LiveGet tickets as low as $68You might also likeAs I row, row, row\nGoing so slow, slow, slow\nJust down below me is the old sea\nJust down below me is the old sea\n\nAs I row, row, row\nGoing so slow, slow, slow\nJust down below me is the old sea\nJust down below me is the old sea\n\nAs I row, row, row\nGoing so slow, slow, slow\nJust down below me is the old sea\nJust down below me is the old seaEmbed"
}