{
 "_type": "song",
 "annotation_count": 1,
 "api_path": "/songs/33974",
 "artist_names": "Mr. Capone-E (Ft. Fingazz & Snoop Dogg)",
 "full_title": "Light My Fire by\u00a0Mr.\u00a0Capone-E (Ft.\u00a0Fingazz & Snoop\u00a0Dogg)",
 "header_image_thumbnail_url": "https://images.genius.com/452a1c2c4b25fcc4030d34a039adfc96.300x300x1.jpg",
 "header_image_url": "https://images.genius.com/452a1c2c4b25fcc4030d34a039adfc96.900x900x1.jpg",
 "id": 33974,
 "instrumental": false,
 "lyrics_owner_id": 50,
 "lyrics_state": "complete",
 "lyrics_updated_at": null,
 "path": "/Mr-capone-e-light-my-fire-lyrics",
 "pyongs_count": null,
 "relationships_index_url": "https://genius.com/Mr-capone-e-light-my-fire-sample",
 "release_date_components": {
  "year": 2009,
  "month": null,
  "day": null
 },
 "release_date_for_display": "2009",
 "release_date_with_abbreviated_month_for_display": "2009",
 "song_art_image_thumbnail_url": "https://images.genius.com/452a1c2c4b25fcc4030d34a039adfc96.300x300x1.jpg",
 "song_art_image_url": "https://images.genius.com/452a1c2c4b25fcc4030d34a039adfc96.900x900x1.jpg",
 "stats": {
  "unreviewed_annotations": 0,
  "hot": false
 },
 "title": "Light My Fire",
 "title_with_featured": "Light My Fire (Ft.\u00a0Fingazz & Snoop\u00a0Dogg)",
 "updated_by_human_at": 1534264608,
 "url": "https://genius.com/Mr-capone-e-light-my-fire-lyrics",
 "featured_artists": [
  {
   "_type": "artist",
   "api_path": "/artists/46",
   "header_image_url": "https://images.genius.com/4a8a11f406cfaa80085daaee24b78863.1000x563x1.jpg",
   "id": 46,
   "image_url": "https://images.genius.com/91bd22f5e53a3ea3cb1436de8f4a3722.1000x1000x1.jpg",
   "index_character": "s",
   "is_meme_verified": true,
   "is_verified": true,
   "name": "Snoop Dogg",
   "slug": "Snoop-dogg",
   "url": "https://genius.com/artists/Snoop-dogg",
   "iq": 5167
  },
  {
   "_type": "artist",
   "api_path": "/artists/3683",
   "header_image_url": "https://images.genius.com/957a40e0be8327e77d69c1357d9b4f7a.600x600x1.jpg",
   "id": 3683,
   "image_url": "https://images.genius.com/957a40e0be8327e77d69c1357d9b4f7a.600x600x1.jpg",
   "index_character": "f",
   "is_meme_verified": false,
   "is_verified": false,
   "name": "Fingazz",
   "slug": "Fingazz",
   "url": "https://genius.com/artists/Fingazz"
  }
 ],
 "primary_artist": {
  "_type": "artist",
  "api_path": "/artists/3803",
  "header_image_url": "https://images.genius.com/cc1706e887beb06716188e4243be5f11.942x942x1.jpg",
  "id": 3803,
  "image_url": "https://images.genius.com/cc1706e887beb06716188e4243be5f11.942x942x1.jpg",
  "index_character": "m",
  "is_meme_verified": false,
  "is_verified": false,
  "name": "Mr. Capone-E",
  "slug": "Mr-capone-e",
  "url": "https://genius.com/artists/Mr-capone-e"
 },
 "artist": "Mr. Capone-E",
 "lyrics": "2 ContributorsLight My Fire Lyrics[Snoop] Capone\n[Capone] Oh!\n[Snoop] It's ya boy, Bigg Snoop Dogg\n[Capone] That's right\n[Snoop] I'm tryin' to find me one right now\n[Capone] Ooohwee\n[Snoop] Little hot one\n[Capone] Yeah\n[Snoop] Know what I mean\n[Fingazz] Oh, oh, oh, oh-oh\n[Capone] Hot like fire (Fire...)\n[Fingazz] Oh, oh, oh, oh-oh (\"Fi-fi-fi-Fingazz on the track...\")\n\nChorus: Fingazz\nYou are my fire (Fire)\nYou take me higher (Higher)\nAnd I can't deny ya (Deny ya)\nCause you're making\nEverything alright\nYou are my fire (Fire)\nYou take me higher (Higher)\nAnd I can't deny ya (Deny ya)\nYou know\nI need you in my life, my life, my life\n\n[Verse 1: Mr. Capone-E (Snoop Dogg in cellphone)]\nEarly in the morning, wakin' up to the beat\nIt's a good old day, got a kiss on my cheek {*smooch*}\nFeeling like a boss, so I get fresh dressed\nDiary of a G, and we ain't having that stress\nMovin' like I'm doin', so I'm getting paid\nSnoop Dogg called me up, and you know he's on the way (What's crack-a-lackin')\nOut my way, so I bounce to the store\nWith some Don Diego's, what I'm looking for\nParty time, are you the fire I desire\nWithout you, girl\nMy life would expire\nSo sing to me, baby, I'm a sing to you\nStay true to me lady, I'll stay true to you\nUp at the spot\nYou elevate my mind\nAnd guess what\nYou're just my kind\nRain or shine\nYou always got my back\nTake me to cloud nine\nJust like that\nYou might also likeRepeat Chorus\n\n[Fingazz]\nOh, oh, oh, oh-oh, you take me higher\nOh, oh, oh, oh-oh, just light my fire\n\n[Verse 2: Snoop Dogg]\nBigg Snoop Dogg, here to twist the dro\nPut the pedal to the metal, go against the flow\nHigh powered as the label, Mr. Criminal\nCapone\nYoung loc, let me hit that, holmes\nLady Pink\nThe first lady, D-O-Dub\nWest coast to the fullest, tryin' to show y'all love\nNo doubt, Dogg House tryin' to burn one out\nIf I see a little freak, I'm a turn one out\nGet in the Coup\nSmash out in my Porshe\nBallin', of course\nNext level\nHand on the wheel\nPressin' on the pedal\nDo what the pimp say\nBaby, caliente\nSo cool\nWay smooth\nCheck this fool\nStop by, slip by, way fly, on the low\nStole the show, what it do, brand new, deja vu\nMe and you, baby boo, what it do\nRepeat Chorus\n\nBreak: Mr. Capone-E\nI need you girl like I need this lighter\nCome on, baby, just light my fire\nJust light it with me, just light this fire\nCome and light it with me, just light this fire\nBow-wow-wow, yippie-yo, yippie-yay\nIf you down with the G\nI said, bow-wow-wow, yippie-yo, yippie-yay\nSnoop Dogg and Capone with the E\n\n[Verse 3: Mr. Capone-E]\nWe stay lit\nJust another radio hit\nTo bump while you twist it\nI'm with the business\nOh\nWe do what we desire\nCome on, baby, just light my fire\n\n[Fingazz]\nOh, oh, oh, oh-oh, you take me higher\nOh, oh, oh, oh-oh, just light my fire\nOh, oh, oh, oh-oh, you take me higher\nOh, oh, oh, oh-oh, just light my fire\nOooh-woah\nOooh-woah\nOh, oh, oh, oh-oh, you take me higher\nOooh-woah\nOooh-woah\nOh, oh, oh, oh-oh, you take me higherEmbed"
}