{
 "_type": "song",
 "annotation_count": 3,
 "api_path": "/songs/316743",
 "artist_names": "The Doors",
 "full_title": "Waiting for the Sun by\u00a0The\u00a0Doors",
 "header_image_thumbnail_url": "https://images.genius.com/4300431e57364651e8039ace492dcba2.300x300x1.jpg",
 "header_image_url": "https://images.genius.com/4300431e57364651e8039ace492dcba2.1000x1000x1.jpg",
 "id": 316743,
 "instrumental": false,
 "lyrics_owner_id": 22533,
 "lyrics_state": "complete",
 "lyrics_updated_at": 1623160634,
 "path": "/The-doors-waiting-for-the-sun-lyrics",
 "pyongs_count": 6,
 "relationships_index_url": "https://genius.com/The-doors-waiting-for-the-sun-sample",
 "release_date_components": {
  "year": 1970,
  "month": 2,
  "day": 9
 },
 "release_date_for_display": "February 9, 1970",
 "release_date_with_abbreviated_month_for_display": "Feb. 9, 1970",
 "song_art_image_thumbnail_url": "https://images.genius.com/4300431e57364651e8039ace492dcba2.300x300x1.jpg",
 "song_art_image_url": "https://images.genius.com/4300431e57364651e8039ace492dcba2.1000x1000x1.jpg",
 "stats": {
  "unreviewed_annotations": 0,
  "hot": false,
  "pageviews": 69535
 },
 "title": "Waiting for the Sun",
 "title_with_featured": "Waiting for the Sun",
 "updated_by_human_at": 1639965480,
 "url": "https://genius.com/The-doors-waiting-for-the-sun-lyrics",
 "featured_artists": [],
 "primary_artist": {
  "_type": "artist",
  "api_path": "/artists/601",
  "header_image_url": "https://images.genius.com/497e3700dd979d2d43f3480d5a67028c.1000x563x1.jpg",
  "id": 601,
  "image_url": "https://images.genius.com/38fa7e8d413953545eb24a974b21847e.570x570x1.jpg",
  "index_character": "d",
  "is_meme_verified": false,
  "is_verified": false,
  "name": "The Doors",
  "slug": "The-doors",
  "url": "https://genius.com/artists/The-doors"
 },
 "artist": "The Doors",
 "lyrics": "23 ContributorsWaiting for the Sun LyricsAt first flash of Eden\nWe raced down to the sea\nStanding there on freedom's shore\nWaiting for the sun\nWaiting for the sun\nWaiting for the sun\n\nCan't you feel it\nNow that Spring has come\nThat it's time to live in the scattered sun\nWaiting for the sun\nWaiting for the sun\nWaiting for the sun\nWaiting for the sun\n\nWaiting, waiting, waiting, waiting\nWaiting, waiting, waiting, waiting\nWaiting for you to come along\nWaiting for you to hear my song\nWaiting for you to come along\nWaiting for you to tell me what went wrong\nThis is the strangest life I've ever known\nCan't you feel it\nNow that Spring has come\nThat it's time to live in the scattered sun\nWaiting for the sun\nWaiting for the sun\nWaiting for the sun\nWaiting for the sunYou might also like6Embed"
}