{
 "_type": "song",
 "annotation_count": 1,
 "api_path": "/songs/6202973",
 "artist_names": "Genius",
 "full_title": "November 2021 Singles Release Calendar by\u00a0Genius",
 "header_image_thumbnail_url": "https://images.genius.com/97fc77fbf594e6ceb5f846c749d730bd.300x300x1.png",
 "header_image_url": "https://images.genius.com/97fc77fbf594e6ceb5f846c749d730bd.1000x1000x1.png",
 "id": 6202973,
 "instrumental": false,
 "lyrics_owner_id": 8723889,
 "lyrics_state": "complete",
 "lyrics_updated_at": 1692906193,
 "path": "/Genius-november-2021-singles-release-calendar-annotated",
 "pyongs_count": 2,
 "relationships_index_url": "https://genius.com/Genius-november-2021-singles-release-calendar-sample",
 "release_date_components": {
  "year": 2021,
  "month": 11,
  "day": null
 },
 "release_date_for_display": "November 2021",
 "release_date_with_abbreviated_month_for_display": "Nov. 2021",
 "song_art_image_thumbnail_url": "https://images.genius.com/97fc77fbf594e6ceb5f846c749d730bd.300x300x1.png",
 "song_art_image_url": "https://images.genius.com/97fc77fbf594e6ceb5f846c749d730bd.1000x1000x1.png",
 "stats": {
  "unreviewed_annotations": 0,
  "hot": false,
  "pageviews": 28512
 },
 "title": "November 2021 Singles Release Calendar",
 "title_with_featured": "November 2021 Singles Release Calendar",
 "updated_by_human_at": 1692906193,
 "url": "https://genius.com/Genius-november-2021-singles-release-calendar-annotated",
 "featured_artists": [],
 "primary_artist": {
  "_type": "artist",
  "api_path": "/artists/204611",
  "header_image_url": "https://images.genius.com/822a5f872a1fcfe377695dc0046c6bc6.900x176x1.jpg",
  "id": 204611,
  "image_url": "https://images.genius.com/0ca83e3130e1303a7f78ba351e3091cd.1000x1000x1.png",
  "index_character": "g",
  "is_meme_verified": true,
  "is_verified": true,
  "name": "Genius",
  "slug": "Genius",
  "url": "https://genius.com/artists/Genius",
  "iq": 78573
 },
 "artist": "Genius",
 "lyrics": "10 ContributorsNovember 2021 Singles Release Calendar Lyrics11/1\nCat Power - \"Pa Pa Power\"\nCurtis Harding - \"Explore\"\nFlight Facilities - \"Heavy\" ft. Your Smith\nMaddy Jane - \"Island Time\"\nMalik Moses & Bas - \"Show Me Something\"\nRadiohead - \"Follow Me Around\"\n11/2\nAlfie Templeman - \"3D Feelings\"\nFranz Ferdinand - \"Billy Goodbye\"\nGrace Carter - \"Dark Matter\"\nKandia - \"Fight or Flight\"\nKristine Leschper - \"Ribbon\"\nMatt Citron - \"All Dawgs Go 2 Seven Eleven 2 Get Blunt Wraps & Red Blend\"\nSematary - \"O Harvest Moon\"\nThe Stupendium - \"We Told You So\" ft. Dan Bull, Shwabadi, Rustage & Connor Quest\nWillow Kayne - \"Opinion\"\n11/3\nalt-J - \"Get Better\"\nArca - \"Prada\"\nArca - \"Rakata\"\nbeaux - \"fall forward\"\nD\u0435rivakat - \"Froggy Song\" ft. BoomerNA\nDiana Ross - \"I Still Believ\u0435\"\nFoxes - \"Sky Love\"\nIDLES - \"Car Crash\"\nJenny Lewis - \"Puppy And A Truck\"\nLauren Jauregui - \"On Guard\" ft. 6LACK\nLolo Zoua\u00ef - \"Scooter\"\nNEFFEX - \"DON'T WANNA LET MYSELF DOWN\"\nOmar Apollo - \"Bad Life\" ft. Kali Uchis\nSantino Le Saint - \"Hurricane\"\nSantino Le Saint - \"Ride or Die\"\nSega Bodega - \"I Need Nothing from You\"\nTai Verdes - \"Let\u2019s Go to Hell\"\nThomas Headon - \"Strawberry Kisses\"\nTrevor Daniel - \"Dadada\"\nU2 - \"Your Song Saved My Life\"\nvvvvv - \"reason\" ft. Keyon Christ\n11/4\nArrDee - \"Flowers (Say My Name)\"\nBlxst & Charlie Sloth - \"Fire in the Booth, Pt. 1\"\nCharli XCX - \"New Shapes\" ft. Christine and the Queens & Caroline Polachek\nCian Ducrot - \"Hello Gorgeous\"\nDancody & 916frosty - \"Coachella Vibes (KOZLOW Remix)\"\nFastlife Juke & Stunna 4 Vegas - \"Face Card\"\nFoals - \"Wake Me Up\"\nGAWNE - \"This Is War\" ft. Atlus & Tech N9ne\nLola Young - \"Together in Electric Dreams\"\nPeach PRC - \"Heavy\"\nRejjie Snow - \"Arigato\"\nRich Brian - \"New Tooth\"\nshame - \"This Side of the Sun\"\nSkegss - \"Bunny Man\"\nTamera - \"Good Love\" ft. Tay Iwar\nTi\u00ebsto - \"The Motto\" ft. Ava Max\nWhyte Fang - \"TIDES\"\nyeule - \"FriendIy Machine\"\n11/5\nAkemi Fox - \"Carry On\"\nAudrey Mika - \"Strangers\"\nAyo Beatz & Clean Bandit - \"Drive (Remix)\" ft. Chip, Russ Millions, French the Kid, Wes Nelson & Topic\nBella Thorne & Juicy J - \"In You\"\nBigKayBeezy - \"Around And Around\"\nBlackstreet - \"No Diggity (LLusion Remix)\"\nBlac Youngsta - \"Anythang\"\nBlake Shelton - \"We Can Reach the Stars\"\nBobby Shmurda - \"Splash\"\nCity Girls - \"Scared\"\nCol3trane - \"Californication (Feels Like I'm Falling in Love)\"\nCXLOE - \"New Trick\"\nDavid Guetta - \"Family\" ft. A Boogie wit da Hoodie & Sof\u00eda Reyes\nDesiigner - \"Get Back\"\nElle King - \"Please Come Home For Christmas\"\nElla Langley - \"If You Have To\"\nFrench Montana & Fivio Foreign - \"Panicking\"\nFriends Only, Kabaka Pyramid & EARTHGANG - \"Never Be The Same\" ft. Buddy, MediSun & Hector Roots Lewis\nFuturistic - \"Don't Wanna Be Famous\"\nGabby Barrett - \"Pick Me Up\"\nGRAE - \"Outta This World\"\nGreen Day - \"Holy Toledo!\"\nHayden James  - Waiting For Nothing\" ft. Yaeger\nHotboii - \"Doctor\" ft. Lil Tjay\nIV4 - \"Stroke\" ft. Jeremih\nJake Miller - \"The Opposite\"\nJay Burna & T.I. - \"U the Sh*t\"\nKeedron Bryant - \"Stubborn\" ft. Curly J\n\u200bkoi - \"do you agree?\"\nLil Durk - \"Lion Eyes\"\nLatto - \"Soufside\"\nLittle Mix - \"Between Us\"\nLXI Vortex - \"war-zone / revenge\" ft. Yungboi10k\nMadison Beer - \"Room for You\"\nMariah Carey  - \"Fall in Love at Christmas\" ft. Khalid & Kirk Franklin\nMickey Guyton - \"Have a Little Faith in Me\"\nNLE Choppa - \"Jumpin\" ft. Polo G\nParty Favor - \"Whenever You\u2019re Around\"\nPnB Rock & DJ Luke Nasty - \"HIGH\"\nPost Malone & The Weeknd - \"One Right Now\"\nRakeem Miles & Chad Hugo - \"IT IS WHAT IT IS\" ft. Waka Flocka Flame\nRealestK - \"Patience\"\nSigrid - \"Home to You (This Christmas)\"\nSilk Sonic - \"Smokin' Out the Window\"\nSimple Plan - \"The Antidote\"\nSlayyyter - \"Stupid Boy\" ft. Big Freedia\nSmiley - \"Breakdown\"\nSnoop Dogg - \"Murder Music\" ft. Benny the Butcher, Jadakiss & Busta Rhymes\nSpotEmGottem - \"SRT\"\nTheHxliday - \"Doses\"\nThe Wanted - \"Stay Another Day\"\nTimmy Trumpet, Cascada & Harris & Ford - \"Never Let Me Go\"\nThomas Day - \"Overplayed\"\nThomas Rhett - \"Slow Down Summer\"\nTravis Scott - \"ESCAPE PLAN\"\nTravis Scott - \"MAFIA\"\nWestlife - \"My Hero\"\nWhethan - \"2 MUCH\" ft. Jasiah & KA$HDAMI\nYe Ali - \"Single for the Night\"\nYella Beezy - \"I Guess\"\nYoung Roddy & Conway the Machine - \"Out the Hood\"\nYSB Tril & Kill Jasper - \"Brand New\"\n11/6\nJacquees - \"Closure (QueMix)\"\nToosii - \"October\"\n11/8\n30 Deep Grimeyy - \"Around\"\nEDDISON - \"movin different\" ft. drownwithtoga\nLauren Sanderson - \"Everyone's Pretentious & I'm Bored\"\nNateWantsToBattle - \"Young Forever\"\nNo Rome - \"I Want U\"\nSlimesito - \"Murder She Wrote ...\"\n11/9\nArca - \"Electra Rex\"\nBaby Queen - \"Wannabe\"\nBad Suns - \"Wishing Fountains\"\nBROODS - \"Heartbreak\"\nClaud - \"Tommy\"\nCoi Leray - \"TWINNEM (Remix)\" ft. DaBaby\nCourtney Barnett - \"If I Don't Hear from You Tonight\"\nDan + Shay - \"Officially Christmas\"\nDeko - \"Pressure!\"\nDonna Missal - \"(to me) your face is love\"\nEmily Wells - \"David's Got a Problem\"\nJenny Hval - \"Jupiter\"\nJLS - \"Postcard\"\nMitski - \"The Only Heartbreaker\"\nNil\u00fcfer Yanya - \"stabilise\"\nPlacebo - \"Surrounded by Spies\"\nRemedy - \"The Pulpit\" ft. Cappadonna, Ghostface Killah & Conway the Machine\nShamir - \"Cisgender\"\nStela Cole - \"Walking on the Moon\"\nStunna 4 Vegas - \"WTW\"\n11/10\nAvril Lavigne - \"Bite Me\"\nBeau Diako & Etta Bond - \"Fretless\" ft. Bas\nBonobo - \"Otomo\" ft. O'Flynn\nChristina Perri - \"here comes the sun\"\n\u200bclear eyes, Kevin Garrett & Kemba - \"heat of the moment\"\nDan Bull - \"Silent Hill\"\nDontSleep & Since99 - \"Rainbow Runtz\"\nEDDISON - \"\u200bchrome bruddas\" ft. Lei\nFamous Dex - \"Dehydrated\"\nGracie Abrams - \"Alright\"\nJosef Salvat - \"I'm Sorry\"\nLucy Dacus - \"Thumbs Again\"\nLuke Combs - \"Doin\u2019 This\"\nNEFFEX - \"ADDICT\"\nOneRepublic - \"Sunshine\"\nStereophonics - \"Do Ya Feel My Love?\"\nTeejay - \"Escobar\"\nThe Wanted - \"Colours\"\nYungeen Ace - \"Walk Away\"\n11/11\nAnitta - \"Envolver\"\nBlu DeTiger - \"Blondes\"\nBONES UK - \"Boys Will Be Girls\"\nBrynn Elliott - \"Breathe\"\nChrome Sparks & Reo Cragun - \"On the Floor\"\nConfidence Man - \"Holiday\"\nCOUCOU CHLOE - \"WIZZ\"\nDROELOE - \"Strangers\"\nIcewear Vezzo - \"Bacc Again\"\nJessica Simpson - \"Particles\"\nJohn Legend - \"You Deserve It All\"\nLet\u2019s Eat Grandma - \"Two Ribbons\"\nMAJ - \"FLY AWAY\"\nMaluma - \"Mama Tetema\" ft. Rayvanny\nROSAL\u00cdA - \"LA FAMA\" ft. The Weeknd\nShaybo & NSG - \"Don't Play Me\"\nSmino - \"I Deserve\" ft. Nosidam.\nSophia Scott, Iggy Azalea & Renee Blair - \"Knock Yourself Out\"\nTate McRae - \"\u200bfeel like shit\"\nTINI & L-Gante - \"Bar\"\nYONAKA, WHITENO1SE & DEGO - \"Seize the Power (Remix)\"\nYumi Zouma - \"Mona Lisa\"\n11/12\nAaron Lewis - \"Pull Me Under\"\nAce Hood - \"Little Light\"\nAlan Walker & Winona Oak - \"World We Used to Know\"\nAmaranthe - \"PvP\"\nAmber Mark - \"Softly\"\nATLiens & Cyclops - \"Customer Service\"\nBaby Tate - \"Dungarees\"\nBando & Isaiah Rashad - \"Payday\"\nBerner - \"Draped Up\" ft. Future\nBeyonc\u00e9 - \"Be Alive\"\nBizzy Crook & 42 Dugg - \"Played Out\"\nBlind Channel - \"We Are No Saints\"\nCarrie Underwood - \"Stretchy Pants\"\nCJ - \"Red Flag\"\nConor Maynard - \"What I Put You Through\"\nCousin Stizz - \"Lethal Weapon\"\nDan Bull - \"\u00a1Viva La Revoluci\u00f3n!\"\nDanny Beau - \"Picturesque\"\nDUSTY LOCANE - \"CANES WORLD\"\nDynoro - \"Swimming in Your Eyes\"\nEDDISON - \"GTA\"\nELIO - \"SUPERIMPOSE\"\nErica Banks - \"Designer\"\nericdoa - \"strangers\"\nEva Under Fire - \"Unstoppable\"\nFivio Foreign - \"Squeeze (Freestyle)\"\nFredo Bang - \"Don\u2019t Miss\"\nFuturistic & Chris Rivers - \"Hol Up\"\ngavn! - \"Emerald City\"\nGerm - \"Survivor's Guilt\"\nG Flip - \"Scream\" ft. UPSAHL\niann dior - \"Let You\"\nJasmine Thompson & Calum Scott - \"love is just a word\"\nJax - \"I Feel Like a Kid Again\"\nJean Deaux - \"Every Night After\"\nJessica Mauboy - \"Glow\"\nJiubel - \"Runnin\"\n\u200b\u200bjohan lenox - \"\u200bYou Up?\" ft. Ant Clemons\nJoss Stone - \"Never Forget My Love\"\nJuice WRLD - \"Already Dead\"\nKBFR - \"Break Out The Fight\"\nKeb' Mo' - \"Lean on Me\"\nKenndog - \"Beethoven (Remix)\" ft. YN Jay\nLennon Stella - \"Bubble\"\nLil Kapow, Shotgun Willy & ANH - \"Breakdance\"\nLil Yachty - \"YAE ENERGY\"\nLittle Boots - \"Landline\"\nLul Bob & NoCap - \"No One Here\"\nMabel - \"Time After Time\"\nMark Tuan - \"Last Breath\"\n\u200bmidwxst - \"Care\"\nM\u00d8 - \"Brad Pitt\"\nM\u00d8 - \"Goosebumps\"\nNakkia Gold & DDG - \"Trap Santa\"\nNico & Vinz - \"Trouble\"\nNija - \"On Call\"\nNO1-NOAH - \"Thank God\"\nNOTD & The Band CAMINO - \"Never a Good Time\"\nNova Miller - \"done\"\nOliver Tree - \"Life Goes On (Remix)\" ft. Ty Dolla $ign\nOlivia O\u2019Brien - \"It's Christmas Time\"\nOmah Lay - \"Free My Mind\"\nPeach Pit - \"Look Out!\"\nPolo G - \"Bad Man (Smooth Criminal)\"\nQuelly Woo - \"Motion\"\nRhys - \"cry over me\"\nRick Ross - \"Outlawz\" ft. Jazmine Sullivan & 21 Savage\nRob $tone - \"No Handshakes\" ft. DOM KENNEDY\nRobin Schulz & Dennis Lloyd - \"Young Right Now\"\nRoyal & the Serpent - \"I'M NOT SORRY\"\nRuss - \"Losin' Control, Pt. 2\"\nRyan Riback - \"(Just Can't) Hate U\" ft. Dotter\nSarcastic Sounds - \"Song You'll Never Hear\" ft. Maisie Peters\nSaweetie - \"Get It Girl\"\nShallou - \"Here\"\nSharlene - \"Dopamina\"\nSkott - \"It's Not Too Late\"\nSophie and the Giants - \"Golden Nights\" ft. Benny Benassi, Dardust & Astrality\nTom the Mail Man - \"NOTHINGTOLOSE\"\nTeddy Swims - \"Please Turn Green\"\nTrae tha Truth - \"Knots\" ft. Quavo\nTyler Rich - \"A Little Bit of You\"\nWe Are the Catalyst - \"More\"\nWHOKILLEDXIX - \"CUM\"\n\u200b\u200bwill hyde - \"addicted.\"\nWhy Don't We - \"Mistletoe\"\nXoxocouron - \"Big Bucks\" ft. Lil Boom\nYungeen Ace & Nuski2Squad - \"Don't Know Why\"\n11/13\nDeko & Yameii Online - \"Irrelevant\"\n11/14\nBabySantana - \"Armory\" ft. YNW BSlime\nQuada - \"Misconception\"\n11/15\nLil Peep - \"right here\" ft. Horse Head\nJay Critch - \"Headlines (Remix)\"\nRod Wave - \"By Your Side\"\nThe Wombats - \"Everything I Love Is Going To Die\"\nTory Lanez - \"Lady of Namek\"\nyvngxchris - \"Blood on the Leaves (Remix)\" ft. SSGKobe, KA$HDAMI, UnoTheActivist & Ken Car$on\n\n11/16\n2FeetBino - \"Can't Contain\" ft. Young Nudy\nBig Thief - \"Time Escaping\"\nD-Block Europe - \"Chrome Hearts\" ft. Offset\nIntence - \"Clutcha\"\nJensen McRae - \"My Ego Dies at the End\"\nKacey Musgraves - \"Fix You\"\nKali - \"MMM MMM (The Remix)\" ft. Moneybagg Yo, Latto & ATL Jacob\nKero Kero Bonito - \"The Sneaker Dance\"\nKylie Cantrall - \"Switch Phones\"\nLadyhawke - \"My Love\"\nMatt Citron - \"Way Too Hot\"\nOcean Alley - \"Touch Back Down\"\nRage of Light - \"Breaking Infinity\"\nTamera - \"New Hobby\"\nTemperance - \"Diamanti\"\nThe Rubens - \"Waste a Day\"\n11/17\nAlex Cameron - \"Sara Jo\"\nAshnikko - \"Carol of the Bells - Spotify Singles Holiday\"\nBear's Den - \"All That You Are\"\nBenjamin Francis Leftwich - \"Tinsel In the River\"\nCate Le Bon - \"Moderation\"\nDylan Sinclair - \"Regrets\"\nEgo Ella May - \"for the both of us\"\nEZI - \"i'm so tired\"\nFLETCHER - \"Cherry\" ft. Hayley Kiyoko\nGRAACE - \"Half Awake\"\nGordi - \"Grass Is Blue\"\nHighasakite - \"Autopsy\"\nHighasakite - \"Love him anyway\"\nIbeyi & Pa Salieu - \"Made of Gold\"\nJOY. - \"Out of Love\"\n\u200bJVKE - \"anxiety.\"\nK.Flay - \"Weirdo\"\nKodie Shane - \"Let's Not Fall in Love\" ft. Jacquees\nLila Drew - \"Crystal Ball\"\n\u200bLizzy McAlpine - \"erase me\" ft. Jacob Collier\nMadeinTYO & UnoTheActivist - \"Love Myself\"\nMatt Citron - \"Fire Rain\"\nNEFFEX - \"THE ITCH\" ft. Josh A\nsalem ilese - \"Hey Siri\"\nTaylor Swift - \"All Too Well (Sad Girl Autumn Version) - Recorded At Long Pond Studios\"\nThe Lumineers - \"A.M. RADIO\"\nTom Morello - \"Hard Times\" ft. Nathaniel Rateliff, Jim Jones & Chipotle Joe\nTom Morello - \"Human\" ft. Barns Courtney\nTom Morello - \"Raising Hell\" ft. Ben Harper\n\n11/18\n88rising & NIKI - \"Split\"\nArca - \"Queer\" ft. Planningtorock\nBlocBoy JB - \"M.E.M 2 Jacksonville\" ft. SpotEmGottem\nChristina Aguilera - \"Somos Nada\"\nCole Swindell & Lainey Wilson - \"Never Say Never\"\nFatBoy SSE & Blueface - \"Fly Away (Remix)\"\nFKA twigs - \"Measure of a Man\" ft. Central Cee\nFKA twigs - \"Measure Of A Man (Cinematic)\"\nHazel English - \"Nine Stories\"\nJennifer Lopez - \"On My Way (Marry Me)\"\nMatt Citron - \"Buckle Down\"\nQuin NFN - \"Never On Time\"\nRico Nasty - \"Money\" ft. Flo Milli\nSaba - \"Stop That\"\nSea Girls - \"Hometown\"\nTai Verdes & Manuel Turizo - \"A-O-K\"\n11/19\n100 gecs - \"\u200bmememe\"\nAbby Anderson - \"Insecure\"\nAiyana-Lee - \"Gangster of Love\"\nAlesso - \"Somebody to Use\"\nAlex Parker & Alexandra Stan - \"Home Alone (Macaulay Culkin)\"\nAlice Glass - \"Baby Teeth\"\nAllie X - \"Anchor\"\nAloe Blacc - \"Believe\"\nArmin Van Buuren & The Stickmen Project - \"No Fun\"\nAUGUST 08 - \"Keep Me Around\"\nBasshunter - \"Life Speaks to Me\"\nBay Swag - \"Blood Sweat Tears\"\nBigKayBeezy & Ron Suno - \"For the Record\"\nBig Havi & KyleYouMadeThat - \"Important!\"\nBlac Chyna - \"Maui\" ft. Desiigner\nBEAM - \"ANXIETY\"\nBoy in Space - \"Let You Go\"\nBRS Kash - \"Spend It\"\nBryce Vine - \"Empty Bottles\" ft. MOD SUN\nCam - \"Believe\"\nchloe moriondo - \"Dizzy\" ft. Thomas Headon & Alfie Templeman\nClara Mae - \"Missing You Sucks\"\nCobra Starship - \"Party with You\"\nEarl Sweatshirt - \"2010\"\nEDDISON - \"4evr & Always\" ft. 4shley\nElohim - \"Don't Kick Me\"\nEST Gee - \"Lamborghini Geeski\"\nFenix Flexin' - \"Fenix Flexin', Vol. 2 (Intro)\"\nFickle Friends - \"Yeah Yeah Yeah\"\nFireman Band$ - \"Keep It on Me\" ft. Waka Flocka Flame\nFreddie Gibbs - \"Black Illuminati\" ft. Jadakiss\n\u200bglaive - \"\u200bprick\"\nhalf\u2022alive - \"Hot Tea\"\nHARLOE - \"Overthinking\" ft. Nile Rodgers\nHot Chelle Rae - \"Heart and Mine\"\nJanine - \"Crying in the Club\"\nKap G - \"Uno Dos Tres\"\nKayla Nicole - \"SMA\"\nKenndog - \"Beethoven (Remix)\" ft. DDG\nKid Ink - \"Karma\" ft. Goldiie\nLady XO - \"Told Em\"\nLecrae & 1K Phew - \"WILDIN\"\nLike Saturn - \"getting colder\"\nLil Candy Paint & Bhad Bhabie - \"22 (Remix)\"\nLPB Poody - \"I'm the One\"\nLucki & F1lthy - \"NEPTUNE VS INDUSTRY\"\nMaia Wright - \"Quit Your Job\"\nMatt Citron - \"I'm Him\"\nMasego & Devin Morrison - \"Yamz\"\nMasked Wolf & Bebe Rexha - \"It's You, Not Me (Sabotage)\"\nMemoremains - \"Not My Fault\"\nMorray & Benny the Butcher - \"Never Fail\"\nNiall Horan & Anne-Marie - \"Everywhere\"\nNLE Choppa - \"I.Y.B.\"\nNumbaa 7 - \"Murda Who (Remix)\" ft. Jackboy\nOliver Malcolm - \"Rolling Stone\"\n\u200bphem - \"\u200bsilly putty\"\nR3HAB & Lukas Graham - \"Most People\"\nRaleigh Ritchie - \"Lucky\"\nRussell Dickerson - \"Home Sweet (Remix)\" ft. Lady A\nSaweetie - \"Icy Chain\"\nSeeb & Nina Nesbitt - \"Sweet Dreams & Dynamite\"\nSmokepurpp - \"Not Your Speed\" ft. Lil Gnar\nSmoke DZA - \"Arrived\"\nSnakehips - \"All Over U\"\nSprngBrk & Future - \"Mushrooms\"\nSub Urban - \"PARAMOUR\" ft. AURORA\nThe FAIM - \"Ease My Mind\"\nThouxanbanfauni - \"BeBe\" ft. lc levi\nTryHardNinja - \"Free Hugs\"\nTwo Feet & grandson - \"Until I Come Home\"\nTyga - \"Lift Me Up\"\nWilkinson & Issey Cross - \"Used to This\"\nWallice - \"Wisdom Tooth\"\nWILLOW - \"transparent soul (Remix)\" ft. Kid Cudi & Travis Barker\nwylie hopkins - \"This Time Around\"\nYung Bans - \"Won't Think Twice\"\n11/20\nDAGames - \"Slave to the Factory Line\"\nDesiigner - \"I'm Ready\"\n11/22\nClaire Rosinkranz - \"don't miss me\"\nDeko & lil hard drive - \"WINDOWS77\"\nNormani - \"Wild Side (KAYTRANADA Remix)\"\n11/23\nChief Keef - \"Tony Montana Flow\"\n\u200bdaine - \"IDC\"\nYung Mal - \"Like Belly\"\n11/24\nAURORA - \"Midas Touch\"\nGabrielle Aplin - \"Just Like Christmas\"\nJAY1 - \"Ocean\"\nJack Kays & Travis Barker - \"OUTRUN MYSELF\"\nJessie Murph - \"Always Been You\"\nK.A.A.N. - \"Matter Fact\"\nMAJ - \"t3tris\"\n\u200bmidwxst - \"Shame\"\nMiles Kane - \"Nothing's Ever Gonna Be Good Enough\" ft.  Corinne Bailey Rae\nSLUMBERJACK & TWERL - \"Pain\" ft. josh pan\nSpotEmGottem & Hurricane Wisdom - \"Got A Lil Older\"\n$NOT - \"Go\"\nYears & Years & Galantis - \"Sweet Talker\"\n11/25\n42 Dugg - \"Can't Complain\" ft. Reaper\nGhostface Killah - \"I Got Soul Freestyle\"\nNSG - \"Me\" ft. MIST\nTLIVE - \"Stranger Things\" ft. MAJ\nYoung T & Bugsey - \"Roberto C\" ft. Unknown T\n\n11/26\nBattle Beast - \"Eye of the Storm\"\nBlanco White - \"Eyes Wide Open\"\nBlueface & Blxst - \"Chose Me\"\nChris King - \"KING of the HILLS\" ft. Trippie Redd\nCMTEN - \"555\"\nCraig David & MNEK - \"Who You Are (Part 2)\"\nEDDISON - \"Kanyay\" ft. LUKA\nGiggs - \"Differences\" ft. Rowdy Rebel\nGiggs - \"Innocent\"\nINNA - \"De Dragul T\u0103u\"\nJhonni Blaze & Trina - \"So Into You\"\nKali Uchis & Ozuna - \"Another day in America\"\nKojo Funds - \"So Nice\"\nLike Saturn - \"i wonder\"\nLil Pump & Nesi - \"Contacto\"\nLoser - \"crptbrn\"\nMaverick Sabre - \"Can't Be Wrong\"\nMontell Fish - \"Destroy Myself Just For You\"\nMura Masa - \"2gether\"\nno name faces - \"It Hurts\"\nNow United - \"Badna Nehlam\"\nPure Shores - \"Back On My Love\"\nSech & DJ Khaled - \"Borracho\"\nTOKYO'S REVENGE - \"AMAZING GR4CE\"\nYunggoth\u2730 - \"Lovely\"\n11/27\nFamous Dex - \"Beehive\"\n\u200bSSGKobe - \"FUK EM\" ft. Lil Yachty\n\n11/28\nFetty Wap - \"First Day Out\"\n11/29\nChayce Beckham & Lindsay Ell - \"Can't Do Without Me\"\nCootie - \"Crazy\" ft. Bankroll Freddie\nMatt Citron - \"Before I Lift\"\nNardo Wick - \"Me or Sum\" ft. Lil Baby & Future\n$oul$tar - \"In My Head\" ft. MAJ\nT-Pain - \"Shootin' Up The Club\"\n11/30\nMatt Citron - \"Honeysuckle\" ft. Dallas Dawson\nPhoebe Bridgers - \"Day After Tomorrow\"2Embed"
}