{
 "_type": "song",
 "annotation_count": 1,
 "api_path": "/songs/460175",
 "artist_names": "Elvis Costello",
 "full_title": "I Lost You by\u00a0Elvis\u00a0Costello",
 "header_image_thumbnail_url": "https://images.genius.com/247bc9527510ba44f89594b0d457732e.300x300x1.jpg",
 "header_image_url": "https://images.genius.com/247bc9527510ba44f89594b0d457732e.300x300x1.jpg",
 "id": 460175,
 "instrumental": false,
 "lyrics_owner_id": 397025,
 "lyrics_state": "complete",
 "lyrics_updated_at": 1403653723,
 "path": "/Elvis-costello-i-lost-you-lyrics",
 "pyongs_count": 1,
 "relationships_index_url": "https://genius.com/Elvis-costello-i-lost-you-sample",
 "release_date_components": {
  "year": 2010,
  "month": 10,
  "day": 25
 },
 "release_date_for_display": "October 25, 2010",
 "release_date_with_abbreviated_month_for_display": "Oct. 25, 2010",
 "song_art_image_thumbnail_url": "https://images.genius.com/247bc9527510ba44f89594b0d457732e.300x300x1.jpg",
 "song_art_image_url": "https://images.genius.com/247bc9527510ba44f89594b0d457732e.300x300x1.jpg",
 "stats": {
  "unreviewed_annotations": 0,
  "hot": false
 },
 "title": "I Lost You",
 "title_with_featured": "I Lost You",
 "updated_by_human_at": 1601999323,
 "url": "https://genius.com/Elvis-costello-i-lost-you-lyrics",
 "featured_artists": [],
 "primary_artist": {
  "_type": "artist",
  "api_path": "/artists/24308",
  "header_image_url": "https://images.genius.com/818fe998fd244640bf4b5152e6ce20a1.1000x600x1.jpg",
  "id": 24308,
  "image_url": "https://images.genius.com/0bd8a0cec163c7f16fd70865284344d2.450x600x1.jpg",
  "index_character": "e",
  "is_meme_verified": false,
  "is_verified": false,
  "name": "Elvis Costello",
  "slug": "Elvis-costello",
  "url": "https://genius.com/artists/Elvis-costello"
 },
 "artist": "Elvis Costello",
 "lyrics": "3 ContributorsI Lost You Lyrics[Chorus]\nI Lost You [2x]\nYou slipped from your costume\nLike an actress in this tragedy\nYou're just an apparition in a haunting mystery\nI fear that you've passed over me\nAnd there's nothing I can do because\nI Lost You\n\n[Verse 1]\nJust like a rich man who is careless of his change\nI took you for granted\nAnd then you went to strangers\nFrom deep within my heart I feel a distant fading pulse\nA poor woman looking for last coin in her purse\n\n[Chorus]\n\n[Verse 2]\nJust like a counterfeit you pass from palm to palm\nI chased the one I surely loved to someone else's arms\nI mislaid my senses, now that's easy to say\nA fool who took his pleasure but then threw his love away\n\n[Chorus]You might also like1Embed"
}