{
 "_type": "song",
 "annotation_count": 1,
 "api_path": "/songs/1015526",
 "artist_names": "Black Prairie",
 "full_title": "Red Rocking Chair by\u00a0Black\u00a0Prairie",
 "header_image_thumbnail_url": "https://images.genius.com/0bcaf3c38ba5bfc63a009b3d32ea42bf.300x300x1.jpg",
 "header_image_url": "https://images.genius.com/0bcaf3c38ba5bfc63a009b3d32ea42bf.1000x1000x1.jpg",
 "id": 1015526,
 "instrumental": false,
 "lyrics_owner_id": 1549345,
 "lyrics_state": "complete",
 "lyrics_updated_at": 1429589899,
 "path": "/Black-prairie-red-rocking-chair-lyrics",
 "pyongs_count": null,
 "relationships_index_url": "https://genius.com/Black-prairie-red-rocking-chair-sample",
 "release_date_components": {
  "year": 2010,
  "month": 4,
  "day": 13
 },
 "release_date_for_display": "April 13, 2010",
 "release_date_with_abbreviated_month_for_display": "Apr. 13, 2010",
 "song_art_image_thumbnail_url": "https://images.genius.com/0bcaf3c38ba5bfc63a009b3d32ea42bf.300x300x1.jpg",
 "song_art_image_url": "https://images.genius.com/0bcaf3c38ba5bfc63a009b3d32ea42bf.1000x1000x1.jpg",
 "stats": {
  "unreviewed_annotations": 0,
  "hot": false
 },
 "title": "Red Rocking Chair",
 "title_with_featured": "Red Rocking Chair",
 "updated_by_human_at": 1636960315,
 "url": "https://genius.com/Black-prairie-red-rocking-chair-lyrics",
 "featured_artists": [],
 "primary_artist": {
  "_type": "artist",
  "api_path": "/artists/362084",
  "header_image_url": "https://images.genius.com/b38eb2b92495e3aa326c42d6623d22e2.865x865x1.jpg",
  "id": 362084,
  "image_url": "https://images.genius.com/b38eb2b92495e3aa326c42d6623d22e2.865x865x1.jpg",
  "index_character": "b",
  "is_meme_verified": false,
  "is_verified": false,
  "name": "Black Prairie",
  "slug": "Black-prairie",
  "url": "https://genius.com/artists/Black-prairie"
 },
 "artist": "Black Prairie",
 "lyrics": "3 ContributorsRed Rocking Chair LyricsI ain't got no use for your red rocking chair\nI ain't got no sugar baby now\nNo I ain't got no honey baby now\n\nAnd it's who'll rock the cradle and who\u00b4ll sing this song\nWho'll be your honey when I'm gone\nWho'll be your honey when I'm gone\n\nI'll rock the cradle and I'll sing this song\nI'll rock the cradle when you're gone\nYes I'll rock the cradle when you're gone\n\nLaid her in the shade gave her every dime I made\nWhat more could a poor boy do\nWhat more could a poor boy do\n\nI've done all I can do said all I can say\nI'll sing it to your mama next payday\nI'll sing it to your mama next payday\n\nSome old rounder come along took my sugar babe and gone\nAnd I ain't got no sugar baby now\nNo I ain't got no honey baby nowYou might also likeEmbed"
}