{
 "_type": "song",
 "annotation_count": 1,
 "api_path": "/songs/813921",
 "artist_names": "Sharon Jones & The Dap-Kings",
 "full_title": "Be Easy by\u00a0Sharon\u00a0Jones & The Dap-Kings",
 "header_image_thumbnail_url": "https://images.genius.com/6c24bdf57d77ac92e0a4f3a5c6314597.300x300x1.jpg",
 "header_image_url": "https://images.genius.com/6c24bdf57d77ac92e0a4f3a5c6314597.600x600x1.jpg",
 "id": 813921,
 "instrumental": false,
 "lyrics_owner_id": 1549345,
 "lyrics_state": "complete",
 "lyrics_updated_at": 1429205240,
 "path": "/Sharon-jones-and-the-dap-kings-be-easy-lyrics",
 "pyongs_count": null,
 "relationships_index_url": "https://genius.com/Sharon-jones-and-the-dap-kings-be-easy-sample",
 "release_date_components": null,
 "release_date_for_display": null,
 "release_date_with_abbreviated_month_for_display": null,
 "song_art_image_thumbnail_url": "https://images.genius.com/6c24bdf57d77ac92e0a4f3a5c6314597.300x300x1.jpg",
 "song_art_image_url": "https://images.genius.com/6c24bdf57d77ac92e0a4f3a5c6314597.600x600x1.jpg",
 "stats": {
  "unreviewed_annotations": 0,
  "hot": false
 },
 "title": "Be Easy",
 "title_with_featured": "Be Easy",
 "updated_by_human_at": 1475454663,
 "url": "https://genius.com/Sharon-jones-and-the-dap-kings-be-easy-lyrics",
 "featured_artists": [],
 "primary_artist": {
  "_type": "artist",
  "api_path": "/artists/343898",
  "header_image_url": "https://images.genius.com/aa2de52e5ea63d51a5db3a044561df98.1000x668x1.jpg",
  "id": 343898,
  "image_url": "https://images.genius.com/614a60d12e331b1c4d800182d660d265.543x543x1.jpg",
  "index_character": "s",
  "is_meme_verified": false,
  "is_verified": false,
  "name": "Sharon Jones & The Dap-Kings",
  "slug": "Sharon-jones-and-the-dap-kings",
  "url": "https://genius.com/artists/Sharon-jones-and-the-dap-kings"
 },
 "artist": "Sharon Jones & The Dap-Kings",
 "lyrics": "3 ContributorsBe Easy LyricsSome people say\nYou've got to fight for a love that's true\nClimb every mountain\nSee every trial and tribulation through\nI'm here to tell you\nThat's only half the lesson\nNow if you want a girl to come to you\nYou've got to leave a little room for guessin'\n\nOh, just be easy baby\nThat girl will come running to you\nIf you just be easy, baby\nShe'll be easy, too\n\nDon't you know it's just a fool who plays the part\nRunning a girl down like she's a game in a school yard?\nNow if she waits, you should turn and let her alone\nAnd she'll come to you just as sure as you're born\n\nBe easy, baby\nThat girl will come running to you\nIf you just be easy, baby\nShe'll be easy, too\n\nDon't you know\nA woman don't want a man down on his knees\nRunning her down like a mouse at the cheese?\nYou've got to be mettle if you want her affection\nGet too excited, and she's off in another direction\nYou might also likeSo be easy, baby\nThat girl will come running to you\nIf you just be easy, baby\nShe'll be easy, tooEmbed"
}