{
 "_type": "song",
 "annotation_count": 6,
 "api_path": "/songs/704353",
 "artist_names": "Annie Lennox",
 "full_title": "Walking on Broken Glass by\u00a0Annie\u00a0Lennox",
 "header_image_thumbnail_url": "https://images.rapgenius.com/54b95ff6110f0360044aa82f90c7c68c.300x176x1.png",
 "header_image_url": "https://images.rapgenius.com/54b95ff6110f0360044aa82f90c7c68c.790x463x1.png",
 "id": 704353,
 "instrumental": false,
 "lyrics_owner_id": 1217557,
 "lyrics_state": "complete",
 "lyrics_updated_at": 1664229193,
 "path": "/Annie-lennox-walking-on-broken-glass-lyrics",
 "pyongs_count": 2,
 "relationships_index_url": "https://genius.com/Annie-lennox-walking-on-broken-glass-sample",
 "release_date_components": {
  "year": 1992,
  "month": 4,
  "day": 6
 },
 "release_date_for_display": "April 6, 1992",
 "release_date_with_abbreviated_month_for_display": "Apr. 6, 1992",
 "song_art_image_thumbnail_url": "https://images.genius.com/0ede667b6ff1aadfb958f45e3a8da802.300x294x1.jpg",
 "song_art_image_url": "https://images.genius.com/0ede667b6ff1aadfb958f45e3a8da802.600x587x1.jpg",
 "stats": {
  "unreviewed_annotations": 3,
  "hot": false,
  "pageviews": 22530
 },
 "title": "Walking on Broken Glass",
 "title_with_featured": "Walking on Broken Glass",
 "updated_by_human_at": 1664229193,
 "url": "https://genius.com/Annie-lennox-walking-on-broken-glass-lyrics",
 "featured_artists": [],
 "primary_artist": {
  "_type": "artist",
  "api_path": "/artists/196575",
  "header_image_url": "https://images.genius.com/5b4417010e1266e60dd569d6d8e7e58c.771x433x1.jpg",
  "id": 196575,
  "image_url": "https://images.genius.com/55d7c5ccceeb88093fc9f34418a399d3.300x300x1.jpg",
  "index_character": "a",
  "is_meme_verified": false,
  "is_verified": false,
  "name": "Annie Lennox",
  "slug": "Annie-lennox",
  "url": "https://genius.com/artists/Annie-lennox"
 },
 "artist": "Annie Lennox",
 "lyrics": "15 ContributorsWalking on Broken Glass Lyrics[Intro]\nWalking on, walking on broken glass\nWalking on, walking on broken glass\n\n[Verse 1]\nYou were the sweetest thing\nThat I ever knew\nBut I don't care for sugar, honey\nIf I can't have you\nSince you abandoned me\nMy whole life has crashed\nWon't you pick the pieces up\n'Cause it feels just like I'm walking on broken glass\n\n[Chorus]\nWalking on, walking on broken glass (Woohoo, yeah)\nWalking on, walking on broken glass\n\n[Verse 2]\nThe sun's still shining in the big blue sky\nBut it don't mean nothing to me\nOh-woah, let the rain come down\nLet the wind blow through me\nI'm living in an empty room\nWith all the windows smashed\nAnd I've got so little left to lose\nThat it feels just like I'm walking on broken glass\nYou might also like[Chorus]\nWalking on, walking on broken glass (Woohoo)\n\n[Bridge]\nAnd if you're trying to cut me down\nYou know that I might bleed\n'Cause if you're trying to cut me down\nI know that you'll succeed\nAnd if you want to hurt me\nThere's nothing left to fear\n'Cause if you want to hurt me\nYou're doing really well my dear\n\n[Verse 3]\nNow every one of us was made to suffer\nEvery one of us was made to weep\nBut we've been hurting one another\nAnd now the pain has cut too deep\nSo take me from the wreckage\nSave me from the blast\nLift me up and take me back\nDon't let me keep on walking (don't let me keep on walking)\nI can't keep on walking (keep on walking on)\nKeep on walking on broken glass\n\n[Chorus]\nWalking on, walking on broken glass\nWalking on, walking on broken glass\nWalking on, walking on broken glass\nWalking on, walking on broken glass\nWalking on, walking on broken glass2Embed"
}