{
 "_type": "song",
 "annotation_count": 1,
 "api_path": "/songs/838564",
 "artist_names": "The Big Pink",
 "full_title": "Love in Vain by\u00a0The\u00a0Big Pink",
 "header_image_thumbnail_url": "https://images.genius.com/4294aecc27f8241645906a0745961421.300x300x1.jpg",
 "header_image_url": "https://images.genius.com/4294aecc27f8241645906a0745961421.500x500x1.jpg",
 "id": 838564,
 "instrumental": false,
 "lyrics_owner_id": 1564633,
 "lyrics_state": "complete",
 "lyrics_updated_at": 1611914126,
 "path": "/The-big-pink-love-in-vain-lyrics",
 "pyongs_count": null,
 "relationships_index_url": "https://genius.com/The-big-pink-love-in-vain-sample",
 "release_date_components": null,
 "release_date_for_display": null,
 "release_date_with_abbreviated_month_for_display": null,
 "song_art_image_thumbnail_url": "https://images.genius.com/4294aecc27f8241645906a0745961421.300x300x1.jpg",
 "song_art_image_url": "https://images.genius.com/4294aecc27f8241645906a0745961421.500x500x1.jpg",
 "stats": {
  "unreviewed_annotations": 0,
  "hot": false
 },
 "title": "Love in Vain",
 "title_with_featured": "Love in Vain",
 "updated_by_human_at": 1611914126,
 "url": "https://genius.com/The-big-pink-love-in-vain-lyrics",
 "featured_artists": [],
 "primary_artist": {
  "_type": "artist",
  "api_path": "/artists/352119",
  "header_image_url": "https://images.genius.com/6f6230fae30512a72424895f831e70d2.640x427x1.jpg",
  "id": 352119,
  "image_url": "https://images.genius.com/1530387880e470be8acfb968fb92cc88.745x745x1.jpg",
  "index_character": "b",
  "is_meme_verified": false,
  "is_verified": false,
  "name": "The Big Pink",
  "slug": "The-big-pink",
  "url": "https://genius.com/artists/The-big-pink"
 },
 "artist": "The Big Pink",
 "lyrics": "1 ContributorLove in Vain LyricsIf you really love him, tell me that you love him again\nIf you really love him, tell me that you love him again\n\nAnd you won't mind when\nI suggest you go\nThen you said to keep calm\nAnd we won't tell a soul\nAnd you really must do this\nSo we will, never be alone\nI won't treat you wrong\nAnd at least in love\nThe hearts won't be apart for too long\nSo don't say it again\n\nIf you really love him then tell me that you love him again, and go\nI can see your love changing hands before, too long\nIf you really love him then tell me that you love him again, and go\n\nIf you really love him, tell me that you love him again\nIf you really love him, tell me that you love him again\n\nI let go of your hand as you suggest I go\nAnd with that I was gone\nAnd after all that was said\nWas it meaningless\nWhen you danced with me\nTo \"Walkin' in the Sand\"?\nAnd I'd like you to know\nThat my love is love that you can be sure of\nSo tell me now and I won't ask again\nYou might also likeIf you really love him then tell me that you love him again and go\nI can see your love changing hands before, too long\nIf you really love him then tell me that you love him again and go\nI can see your love changing hands before, too longEmbed"
}