{
 "_type": "song",
 "annotation_count": 1,
 "api_path": "/songs/744793",
 "artist_names": "The Prodigy (Ft. Liam Gallagher & Noel Gallagher)",
 "full_title": "Shoot Down by\u00a0The\u00a0Prodigy (Ft.\u00a0Liam\u00a0Gallagher & Noel\u00a0Gallagher)",
 "header_image_thumbnail_url": "https://images.genius.com/c65e6b0deda912b8fc871b95f4fade2f.300x303x1.jpg",
 "header_image_url": "https://images.genius.com/c65e6b0deda912b8fc871b95f4fade2f.989x1000x1.jpg",
 "id": 744793,
 "instrumental": false,
 "lyrics_owner_id": 1549345,
 "lyrics_state": "complete",
 "lyrics_updated_at": 1428504076,
 "path": "/The-prodigy-shoot-down-lyrics",
 "pyongs_count": null,
 "relationships_index_url": "https://genius.com/The-prodigy-shoot-down-sample",
 "release_date_components": {
  "year": 2004,
  "month": 9,
  "day": 15
 },
 "release_date_for_display": "September 15, 2004",
 "release_date_with_abbreviated_month_for_display": "Sep. 15, 2004",
 "song_art_image_thumbnail_url": "https://images.genius.com/e2b3544d97231f82937a4224e0d194e2.300x300x1.jpg",
 "song_art_image_url": "https://images.genius.com/e2b3544d97231f82937a4224e0d194e2.600x600x1.jpg",
 "stats": {
  "unreviewed_annotations": 1,
  "hot": false
 },
 "title": "Shoot Down",
 "title_with_featured": "Shoot Down (Ft.\u00a0Liam\u00a0Gallagher & Noel\u00a0Gallagher)",
 "updated_by_human_at": 1683753060,
 "url": "https://genius.com/The-prodigy-shoot-down-lyrics",
 "featured_artists": [
  {
   "_type": "artist",
   "api_path": "/artists/56368",
   "header_image_url": "https://images.genius.com/003933251eeb2db3a3f026188bcae41a.1000x635x1.jpg",
   "id": 56368,
   "image_url": "https://images.genius.com/3774ebf5a05c01b5368ddb224e572a05.635x635x1.jpg",
   "index_character": "l",
   "is_meme_verified": false,
   "is_verified": true,
   "name": "Liam Gallagher",
   "slug": "Liam-gallagher",
   "url": "https://genius.com/artists/Liam-gallagher",
   "iq": 100
  },
  {
   "_type": "artist",
   "api_path": "/artists/69347",
   "header_image_url": "https://images.genius.com/da2fa64a8de881731a1bd57406a1a85a.1000x711x1.jpg",
   "id": 69347,
   "image_url": "https://images.genius.com/da2fa64a8de881731a1bd57406a1a85a.1000x711x1.jpg",
   "index_character": "n",
   "is_meme_verified": false,
   "is_verified": false,
   "name": "Noel Gallagher",
   "slug": "Noel-gallagher",
   "url": "https://genius.com/artists/Noel-gallagher"
  }
 ],
 "primary_artist": {
  "_type": "artist",
  "api_path": "/artists/322528",
  "header_image_url": "https://images.genius.com/8b9173ec46fae26bd7aa1dc181ee6b42.1000x563x1.png",
  "id": 322528,
  "image_url": "https://images.genius.com/5c09b7097375c4c7ae4938196d3d361d.176x176x1.png",
  "index_character": "p",
  "is_meme_verified": false,
  "is_verified": false,
  "name": "The Prodigy",
  "slug": "The-prodigy",
  "url": "https://genius.com/artists/The-prodigy"
 },
 "artist": "The Prodigy",
 "lyrics": "10 ContributorsShoot Down LyricsShoot the gun\nShoot the gun to the bang, bang, bang\n\nShoot the gun\nIt\u2019s all inside us\nAnd also know\nThat I slice us\n\nToo many tied to the\nToo many tied to the bang, bang, bang\n\nShoot the gun\nShoot the gun to the bang, bang, bang\n\nThere's no fun\nA sorry face\n\nShoot the gun\nShoot the gun to the bang, bang, bang\n\nToo many tied to the\nToo many tied to the bang, bang, bang\n\nThere's no fun\nSorry face\nThere's no fun\nSorry fate\nYou might also likeYour time is running outEmbed"
}