{
 "_type": "song",
 "annotation_count": 4,
 "api_path": "/songs/189616",
 "artist_names": "Air",
 "full_title": "Sexy Boy by\u00a0Air",
 "header_image_thumbnail_url": "https://images.genius.com/048d7a4f8104b114d043c23cb8b5ae59.300x300x1.png",
 "header_image_url": "https://images.genius.com/048d7a4f8104b114d043c23cb8b5ae59.350x350x1.png",
 "id": 189616,
 "instrumental": false,
 "lyrics_owner_id": 210582,
 "lyrics_state": "complete",
 "lyrics_updated_at": 1656354934,
 "path": "/Air-sexy-boy-lyrics",
 "pyongs_count": 8,
 "relationships_index_url": "https://genius.com/Air-sexy-boy-sample",
 "release_date_components": {
  "year": 1998,
  "month": 2,
  "day": 9
 },
 "release_date_for_display": "February 9, 1998",
 "release_date_with_abbreviated_month_for_display": "Feb. 9, 1998",
 "song_art_image_thumbnail_url": "https://images.genius.com/048d7a4f8104b114d043c23cb8b5ae59.300x300x1.png",
 "song_art_image_url": "https://images.genius.com/048d7a4f8104b114d043c23cb8b5ae59.350x350x1.png",
 "stats": {
  "unreviewed_annotations": 0,
  "hot": false,
  "pageviews": 55365
 },
 "title": "Sexy Boy",
 "title_with_featured": "Sexy Boy",
 "updated_by_human_at": 1676752296,
 "url": "https://genius.com/Air-sexy-boy-lyrics",
 "featured_artists": [],
 "primary_artist": {
  "_type": "artist",
  "api_path": "/artists/48152",
  "header_image_url": "https://images.genius.com/4013b420a0484e4c0077083b240e780d.1000x622x1.jpg",
  "id": 48152,
  "image_url": "https://images.genius.com/743fb4084a269331a9beb0535ab83c7b.400x450x1.jpg",
  "index_character": "a",
  "is_meme_verified": false,
  "is_verified": false,
  "name": "Air",
  "slug": "Air",
  "url": "https://genius.com/artists/Air"
 },
 "artist": "Air",
 "lyrics": "18 ContributorsSexy Boy Lyrics[Chorus]\nSexy boy\nSexy boy\n\n[Verse 1]\nO\u00f9 sont tes h\u00e9ros\nAux corps d'athl\u00e8tes\nO\u00f9 sont tes idoles\nMal ras\u00e9es, bien habill\u00e9es\n\n[Chorus]\nSexy boy\nSexy boy\n\n[Verse 2]\nDans leurs yeux des dollars\nDans leurs sourires des diamants\nMoi aussi, un jour\nJe serai beau comme un Dieu\n\n[Chorus]\nSexy boy\nSexy boy\n\n[Verse 3]\nApollon 2000\nZ\u00e9ro d\u00e9faut, vingt et un ans\nC'est l'homme id\u00e9al\nCharme au masculin\nYou might also like[Chorus]\nSexy boy\nSexy boy\nSexy boy\nSexy boy\nSexy boy\nSexy boy\nSexy boy\nSexy boy8Embed"
}