{
 "_type": "song",
 "annotation_count": 1,
 "api_path": "/songs/786102",
 "artist_names": "The Blind Boys Of Alabama",
 "full_title": "Down by the Riverside by\u00a0The\u00a0Blind Boys Of Alabama",
 "header_image_thumbnail_url": "https://images.genius.com/77ee9ae4fbd72df3425003ba8af357da.300x300x1.jpg",
 "header_image_url": "https://images.genius.com/77ee9ae4fbd72df3425003ba8af357da.600x600x1.jpg",
 "id": 786102,
 "instrumental": false,
 "lyrics_owner_id": 1549345,
 "lyrics_state": "complete",
 "lyrics_updated_at": 1429195799,
 "path": "/The-blind-boys-of-alabama-down-by-the-riverside-lyrics",
 "pyongs_count": null,
 "relationships_index_url": "https://genius.com/The-blind-boys-of-alabama-down-by-the-riverside-sample",
 "release_date_components": null,
 "release_date_for_display": null,
 "release_date_with_abbreviated_month_for_display": null,
 "song_art_image_thumbnail_url": "https://images.genius.com/77ee9ae4fbd72df3425003ba8af357da.300x300x1.jpg",
 "song_art_image_url": "https://images.genius.com/77ee9ae4fbd72df3425003ba8af357da.600x600x1.jpg",
 "stats": {
  "unreviewed_annotations": 0,
  "hot": false
 },
 "title": "Down by the Riverside",
 "title_with_featured": "Down by the Riverside",
 "updated_by_human_at": 1481906969,
 "url": "https://genius.com/The-blind-boys-of-alabama-down-by-the-riverside-lyrics",
 "featured_artists": [],
 "primary_artist": {
  "_type": "artist",
  "api_path": "/artists/348833",
  "header_image_url": "https://images.genius.com/22c2b5dc02f780bcac7b6216ef565a80.967x725x1.jpg",
  "id": 348833,
  "image_url": "https://images.genius.com/22c2b5dc02f780bcac7b6216ef565a80.967x725x1.jpg",
  "index_character": "b",
  "is_meme_verified": false,
  "is_verified": false,
  "name": "The Blind Boys Of Alabama",
  "slug": "The-blind-boys-of-alabama",
  "url": "https://genius.com/artists/The-blind-boys-of-alabama"
 },
 "artist": "The Blind Boys Of Alabama",
 "lyrics": "1 ContributorDown by the Riverside LyricsI'm gonna lay down my burden\nDown by the riverside\nDown by the riverside, down by the riverside\nI'm gonna lay down my burden\nDown by the riverside\nI'm gonna study war no more\n\nI ain't a gonna study war no more\nI ain't a gonna study war no more\nI ain't a gonna study war no more\nI ain't a gonna study war no more\nI ain't a gonna study war no more\nI ain't a gonna study war no more\n\nWell, I'm gonna put on my long white robe\n(Where?) down by the riverside (Oh)\nDown by the riverside, down by the riverside\nI'm gonna put on my long white robe\n(Where?) down by the riverside\nI'm gonna study war no more\n\nI ain't a gonna study war no more\nI ain't a gonna study war no more\nI ain't a gonna study war no more\nI ain't a gonna study war no more\nI ain't a gonna study war no more\nI ain't a gonna study war no more\nYou might also likeWell, I'm gonna lay down my sword and shield\n(Where?) down by the riverside\nDown by the riverside, down by the riverside\nI'm gonna lay down my sword and shield\n(A-ha) down by the riverside\nI'm gonna study war no more\n\nI ain't a gonna study war no more\nI ain't a gonna study war no more\nI ain't a gonna study war no more\nI ain't a gonna study war no more\nI ain't a gonna study war no more\nI ain't a gonna study war no moreEmbed"
}