{
 "_type": "song",
 "annotation_count": 1,
 "api_path": "/songs/221364",
 "artist_names": "The Breeders",
 "full_title": "New Year by\u00a0The\u00a0Breeders",
 "header_image_thumbnail_url": "https://images.genius.com/39b5aa160486f9552b8ae215cd06a0ba.300x300x1.jpg",
 "header_image_url": "https://images.genius.com/39b5aa160486f9552b8ae215cd06a0ba.800x800x1.jpg",
 "id": 221364,
 "instrumental": false,
 "lyrics_owner_id": 222017,
 "lyrics_state": "complete",
 "lyrics_updated_at": 1496601271,
 "path": "/The-breeders-new-year-lyrics",
 "pyongs_count": 1,
 "relationships_index_url": "https://genius.com/The-breeders-new-year-sample",
 "release_date_components": {
  "year": 1993,
  "month": 8,
  "day": 31
 },
 "release_date_for_display": "August 31, 1993",
 "release_date_with_abbreviated_month_for_display": "Aug. 31, 1993",
 "song_art_image_thumbnail_url": "https://images.genius.com/39b5aa160486f9552b8ae215cd06a0ba.300x300x1.jpg",
 "song_art_image_url": "https://images.genius.com/39b5aa160486f9552b8ae215cd06a0ba.800x800x1.jpg",
 "stats": {
  "unreviewed_annotations": 0,
  "hot": false
 },
 "title": "New Year",
 "title_with_featured": "New Year",
 "updated_by_human_at": 1698876499,
 "url": "https://genius.com/The-breeders-new-year-lyrics",
 "featured_artists": [],
 "primary_artist": {
  "_type": "artist",
  "api_path": "/artists/50512",
  "header_image_url": "https://images.genius.com/87040b0656ea0b92ba892694006c14d4.1000x1000x1.jpg",
  "id": 50512,
  "image_url": "https://images.genius.com/87040b0656ea0b92ba892694006c14d4.1000x1000x1.jpg",
  "index_character": "b",
  "is_meme_verified": false,
  "is_verified": false,
  "name": "The Breeders",
  "slug": "The-breeders",
  "url": "https://genius.com/artists/The-breeders"
 },
 "artist": "The Breeders",
 "lyrics": "8 ContributorsNew Year LyricsWe have come for light\nWholly\nWe have come for light\nIt's true\n\nI am the sun\nI am the new year\nI am the rain\n\nI am the sun\nI am the new year\nI am the way home\nI am the way home\n\nI am the rain\nI am the new year\nI am the sun\n\nI am the rain\nI am the new year\nI'm the way\nIt's trueSee The Breeders LiveGet tickets as low as $102You might also like1Embed"
}