{
 "_type": "song",
 "annotation_count": 0,
 "api_path": "/songs/926337",
 "artist_names": "Donnie McClurkin",
 "full_title": "Great and Mighty Is Our God by\u00a0Donnie\u00a0McClurkin",
 "header_image_thumbnail_url": "https://images.genius.com/ef91b41048c1cde737c8785c7584bea8.300x300x1.jpg",
 "header_image_url": "https://images.genius.com/ef91b41048c1cde737c8785c7584bea8.600x600x1.jpg",
 "id": 926337,
 "instrumental": false,
 "lyrics_owner_id": 1549345,
 "lyrics_state": "complete",
 "lyrics_updated_at": 1664673071,
 "path": "/Donnie-mcclurkin-great-and-mighty-is-our-god-lyrics",
 "pyongs_count": null,
 "relationships_index_url": "https://genius.com/Donnie-mcclurkin-great-and-mighty-is-our-god-sample",
 "release_date_components": null,
 "release_date_for_display": null,
 "release_date_with_abbreviated_month_for_display": null,
 "song_art_image_thumbnail_url": "https://images.genius.com/ef91b41048c1cde737c8785c7584bea8.300x300x1.jpg",
 "song_art_image_url": "https://images.genius.com/ef91b41048c1cde737c8785c7584bea8.600x600x1.jpg",
 "stats": {
  "unreviewed_annotations": 0,
  "hot": false
 },
 "title": "Great and Mighty Is Our God",
 "title_with_featured": "Great and Mighty Is Our God",
 "updated_by_human_at": 1664673071,
 "url": "https://genius.com/Donnie-mcclurkin-great-and-mighty-is-our-god-lyrics",
 "featured_artists": [],
 "primary_artist": {
  "_type": "artist",
  "api_path": "/artists/354594",
  "header_image_url": "https://images.genius.com/8f94edad9980cddedb3e20c5c7507c78.445x445x1.png",
  "id": 354594,
  "image_url": "https://images.genius.com/8f94edad9980cddedb3e20c5c7507c78.445x445x1.png",
  "index_character": "d",
  "is_meme_verified": false,
  "is_verified": false,
  "name": "Donnie McClurkin",
  "slug": "Donnie-mcclurkin",
  "url": "https://genius.com/artists/Donnie-mcclurkin"
 },
 "artist": "Donnie McClurkin",
 "lyrics": "2 ContributorsGreat and Mighty Is Our God LyricsGreat and mighty is our god\n(Halleluiah, yes you are god)\nGreat and mighty is our god\n(There's nobody like Jesus anywhere)\n\nGreat and mighty is our god (Nobody like the lord, nobody like the lord)\nGreat and mighty is our god (Nobody like the lord, nobody like the lord)\n\nGreat and mighty is our god (No, no, no, no)\nGreat and mighty is our god (No, no, no, no)\nGreat and mighty is our god (He's a mighty god)\n\nHe's a mighty god\nHe's a mighty god\nHe's a mighty god\nHe's a mighty godYou might also likeEmbed"
}