{
 "_type": "song",
 "annotation_count": 7,
 "api_path": "/songs/218124",
 "artist_names": "The Smiths",
 "full_title": "Ask by\u00a0The\u00a0Smiths",
 "header_image_thumbnail_url": "https://images.genius.com/3d00b440aeff9f9e0636dd61588b30cb.300x300x1.jpg",
 "header_image_url": "https://images.genius.com/3d00b440aeff9f9e0636dd61588b30cb.550x550x1.jpg",
 "id": 218124,
 "instrumental": false,
 "lyrics_owner_id": 116340,
 "lyrics_state": "complete",
 "lyrics_updated_at": 1693549916,
 "path": "/The-smiths-ask-lyrics",
 "pyongs_count": 9,
 "relationships_index_url": "https://genius.com/The-smiths-ask-sample",
 "release_date_components": {
  "year": 1986,
  "month": 10,
  "day": 20
 },
 "release_date_for_display": "October 20, 1986",
 "release_date_with_abbreviated_month_for_display": "Oct. 20, 1986",
 "song_art_image_thumbnail_url": "https://images.genius.com/d4bda6d2b2bef700b69d536353201554.220x219x1.gif",
 "song_art_image_url": "https://images.genius.com/d4bda6d2b2bef700b69d536353201554.220x219x1.gif",
 "stats": {
  "unreviewed_annotations": 1,
  "hot": false,
  "pageviews": 110453
 },
 "title": "Ask",
 "title_with_featured": "Ask",
 "updated_by_human_at": 1693549916,
 "url": "https://genius.com/The-smiths-ask-lyrics",
 "featured_artists": [],
 "primary_artist": {
  "_type": "artist",
  "api_path": "/artists/16669",
  "header_image_url": "https://images.genius.com/bc2a15aa8f90d86c5d76be3d40ed7a0c.770x584x1.jpg",
  "id": 16669,
  "image_url": "https://images.genius.com/3fc6cae07767241ae2d54c14abc0ea8e.1000x1000x1.jpg",
  "index_character": "s",
  "is_meme_verified": false,
  "is_verified": false,
  "name": "The Smiths",
  "slug": "The-smiths",
  "url": "https://genius.com/artists/The-smiths"
 },
 "artist": "The Smiths",
 "lyrics": "35 ContributorsAsk Lyrics[Verse 1]\nShyness is nice and shyness can stop you\nFrom doing all the things in life you'd like to\nShyness is nice and shyness can stop you\nFrom doing all the things in life you'd like to\n\n[Refrain]\nSo, if there's something you'd like to try\nIf there's something you'd like to try\nAsk me, I won't say \"no,\" how could I?\n\n[Verse 2]\nCoyness is nice and coyness can stop you\nFrom saying all the things in life you'd like to\n\n[Refrain]\nSo, if there's something you'd like to try\nIf there's something you'd like to try\nAsk me, I won't say \"no,\" how could I?\n\n[Verse 3]\nSpending warm summer days indoors\nWriting frightening verse\nTo a buck-toothed girl in Luxembourg\n\n[Chorus]\nAsk me, ask me, ask me\nAsk me, ask me, ask me\nBecause if it's not love\nThen it's the bomb, the bomb, the bomb, the bomb, the bomb, the bomb, the bomb that will bring us together\nYou might also like[Bridge]\nNature is a language, can't you read?\nNature is a language, can't you read?\n\n[Chorus]\nSo ask me, ask me, ask me\nAsk me, ask me, ask me\nBecause if it's not love\nThen it's the bomb, the bomb, the bomb, the bomb, the bomb, the bomb, the bomb that will bring us together\nIf it's not love\nThen it's the bomb\nThen it's the bomb that will bring us together\nSo ask me, ask me, ask me\nAsk me, ask me, ask me, oh\n\n[Outro]\nLa-da-da-da-da-dum\nLa-da-da-da-da-dum\nLa-da-da-da-da-dum\nLa-da-da-da-da-dum\nLa-da-da-da-da-dum\nLa-da-da-da-da-dum\nLa-da-da-da-da-dum\nLa-da-da-da-da-dum9Embed"
}