{
 "_type": "song",
 "annotation_count": 3,
 "api_path": "/songs/1263268",
 "artist_names": "U2",
 "full_title": "Pride by\u00a0U2",
 "header_image_thumbnail_url": "https://images.genius.com/8db092a26bf9c7ef5de645655056bcc3.300x300x1.jpg",
 "header_image_url": "https://images.genius.com/8db092a26bf9c7ef5de645655056bcc3.600x600x1.jpg",
 "id": 1263268,
 "instrumental": false,
 "lyrics_owner_id": 1549345,
 "lyrics_state": "complete",
 "lyrics_updated_at": 1522903313,
 "path": "/U2-pride-lyrics",
 "pyongs_count": null,
 "relationships_index_url": "https://genius.com/U2-pride-sample",
 "release_date_components": {
  "year": 1984,
  "month": null,
  "day": null
 },
 "release_date_for_display": "1984",
 "release_date_with_abbreviated_month_for_display": "1984",
 "song_art_image_thumbnail_url": "https://images.genius.com/8db092a26bf9c7ef5de645655056bcc3.300x300x1.jpg",
 "song_art_image_url": "https://images.genius.com/8db092a26bf9c7ef5de645655056bcc3.600x600x1.jpg",
 "stats": {
  "unreviewed_annotations": 3,
  "hot": false,
  "pageviews": 14670
 },
 "title": "Pride",
 "title_with_featured": "Pride",
 "updated_by_human_at": 1657155473,
 "url": "https://genius.com/U2-pride-lyrics",
 "featured_artists": [],
 "primary_artist": {
  "_type": "artist",
  "api_path": "/artists/23895",
  "header_image_url": "https://images.genius.com/ee67b5a6bc567af7c680ee086c2e0c8d.620x349x1.jpg",
  "id": 23895,
  "image_url": "https://images.genius.com/0565db2dbe447e1e79c41d785d3e6b26.819x819x1.jpg",
  "index_character": "u",
  "is_meme_verified": false,
  "is_verified": false,
  "name": "U2",
  "slug": "U2",
  "url": "https://genius.com/artists/U2"
 },
 "artist": "U2",
 "lyrics": "12 ContributorsPride LyricsOne man come in the name of love\nOne man come and go\nOne man come, he to justify\nOne man to overthrow\n\nIn the name of love\nWhat more in the name of love\nIn the name of love\nWhat more in the name of love\n\nOne man caught on a barbed wire fence\nOne man he resist\nOne man washed on an empty beach\nOne man betrayed with a kiss\n\nIn the name of love\nWhat more in the name of love\nIn the name of love\nWhat more in the name of love\n\n(nobody like you...)\n\nEarly morning, april 4\nShot rings out in the memphis sky\nFree at last, they took your life\nThey could not take your pride\nSee U2 LiveGet tickets as low as $151You might also likeIn the name of love\nWhat more in the name of love\nIn the name of love\nWhat more in the name of love\nIn the name of love\nWhat more in the name of love...Embed"
}