{
 "_type": "song",
 "annotation_count": 1,
 "api_path": "/songs/1558695",
 "artist_names": "Three Dog Night",
 "full_title": "The Family of Man by\u00a0Three\u00a0Dog Night",
 "header_image_thumbnail_url": "https://images.genius.com/af400f56d3cd75185b2bc0a927d8bf20.300x300x1.png",
 "header_image_url": "https://images.genius.com/af400f56d3cd75185b2bc0a927d8bf20.1000x1000x1.png",
 "id": 1558695,
 "instrumental": false,
 "lyrics_owner_id": 3492882,
 "lyrics_state": "complete",
 "lyrics_updated_at": 1635817785,
 "path": "/Three-dog-night-the-family-of-man-lyrics",
 "pyongs_count": null,
 "relationships_index_url": "https://genius.com/Three-dog-night-the-family-of-man-sample",
 "release_date_components": {
  "year": 1971,
  "month": 9,
  "day": 30
 },
 "release_date_for_display": "September 30, 1971",
 "release_date_with_abbreviated_month_for_display": "Sep. 30, 1971",
 "song_art_image_thumbnail_url": "https://images.genius.com/af400f56d3cd75185b2bc0a927d8bf20.300x300x1.png",
 "song_art_image_url": "https://images.genius.com/af400f56d3cd75185b2bc0a927d8bf20.1000x1000x1.png",
 "stats": {
  "unreviewed_annotations": 0,
  "hot": false
 },
 "title": "The Family of Man",
 "title_with_featured": "The Family of Man",
 "updated_by_human_at": 1665633598,
 "url": "https://genius.com/Three-dog-night-the-family-of-man-lyrics",
 "featured_artists": [],
 "primary_artist": {
  "_type": "artist",
  "api_path": "/artists/42922",
  "header_image_url": "https://images.genius.com/c9ee06f0e47d9ded3807177e42cf9a05.1000x373x1.jpg",
  "id": 42922,
  "image_url": "https://images.genius.com/37ed6706e104957fc50aec693a95f571.630x630x1.jpg",
  "index_character": "t",
  "is_meme_verified": false,
  "is_verified": false,
  "name": "Three Dog Night",
  "slug": "Three-dog-night",
  "url": "https://genius.com/artists/Three-dog-night"
 },
 "artist": "Three Dog Night",
 "lyrics": "7 ContributorsThe Family of Man Lyrics[Verse 1]\nThis tired city was somebody's dream\nBillboard horizon as black as they seem\nA four-level highway across the land\nWe're building a home for the family of man\n\n[Refrain]\nDoo-doo-doo, doo-doo-doo\nDoo-doo-doo, doo-doo-doo\n\n[Verse 2]\nPrices are rising, the devil's to pay\nMoving the mountain that got in the way\nPrayer books and meetings to find a plan\nDeciding the fate of the family of man\n\n[Refrain]\nDoo-doo-doo, doo-doo-doo\nDoo-doo-doo, doo-doo-doo\n\n[Bridge]\nSo hard\nWhatever are we coming to?\nYes, it's so hard\nWith so little time and so much to do\nSee Three Dog Night LiveGet tickets as low as $66You might also like[Verse 3]\nMemories replacing the loves that we lost\nBurning our bridges as soon as they're crossed\nFactories built where the rivers ran\nTime's running out for the family of man\n\n[Refrain]\nDoo-doo-doo, doo-doo-doo\nDoo-doo-doo, doo, doo-doo-doo\n\n[Bridge]\nSo hard\n\n[Instrumental Break]\n\n[Outro]\nSo hard\nSo, so hard\nSo hard, family of man\nSo, so hard, family of man\nSo hard, family of man\nSo, so hard, family of man\nSo hard, family of man\nSo, so hard, family of man\nSo hard, family of man\nSo, so hard, family of man\nSo hard, family of man\nSo, so hardEmbed"
}