{
 "_type": "song",
 "annotation_count": 2,
 "api_path": "/songs/980774",
 "artist_names": "Morrissey",
 "full_title": "The More You Ignore Me, the Closer I Get by\u00a0Morrissey",
 "header_image_thumbnail_url": "https://images.genius.com/00424f082d307504e153e168ac63ca9d.300x300x1.jpg",
 "header_image_url": "https://images.genius.com/00424f082d307504e153e168ac63ca9d.600x600x1.jpg",
 "id": 980774,
 "instrumental": false,
 "lyrics_owner_id": 4987272,
 "lyrics_state": "complete",
 "lyrics_updated_at": 1649977563,
 "path": "/Morrissey-the-more-you-ignore-me-the-closer-i-get-lyrics",
 "pyongs_count": 1,
 "relationships_index_url": "https://genius.com/Morrissey-the-more-you-ignore-me-the-closer-i-get-sample",
 "release_date_components": {
  "year": 1997,
  "month": 3,
  "day": 14
 },
 "release_date_for_display": "March 14, 1997",
 "release_date_with_abbreviated_month_for_display": "Mar. 14, 1997",
 "song_art_image_thumbnail_url": "https://images.genius.com/00424f082d307504e153e168ac63ca9d.300x300x1.jpg",
 "song_art_image_url": "https://images.genius.com/00424f082d307504e153e168ac63ca9d.600x600x1.jpg",
 "stats": {
  "unreviewed_annotations": 0,
  "hot": false,
  "pageviews": 17806
 },
 "title": "The More You Ignore Me, the Closer I Get",
 "title_with_featured": "The More You Ignore Me, the Closer I Get",
 "updated_by_human_at": 1685544211,
 "url": "https://genius.com/Morrissey-the-more-you-ignore-me-the-closer-i-get-lyrics",
 "featured_artists": [],
 "primary_artist": {
  "_type": "artist",
  "api_path": "/artists/39064",
  "header_image_url": "https://images.genius.com/38deb38b3cfbbbe74500f9a394e1186c.964x424x1.png",
  "id": 39064,
  "image_url": "https://images.genius.com/74769dc74e2873837c709cdd6feb3bf0.500x500x1.png",
  "index_character": "m",
  "is_meme_verified": false,
  "is_verified": false,
  "name": "Morrissey",
  "slug": "Morrissey",
  "url": "https://genius.com/artists/Morrissey"
 },
 "artist": "Morrissey",
 "lyrics": "13 ContributorsThe More You Ignore Me, the Closer I Get Lyrics[Chorus]\nThe more you ignore me, the closer I get\nYou're wasting your time\nThe more you ignore me, the closer I get\nYou're wasting your time\n\n[Verse 1]\nI will be in the bar with my head on the bar\nI am now a central part of your mind's landscape\nWhether you care or do not\nYeah, I've made up your mind\n\n[Chorus]\nThe more you ignore me, the closer I get\nYou're wasting your time\nThe more you ignore me, the closer I get\nYou're wasting your time\n\n[Verse 2]\nBeware, I bear more grudges than lonely high court judges\nWhen you sleep, I will creep into your thoughts\nLike a bad debt that you can't pay\nTake the easy way and give in, yeah, and let me in\n\n[Bridge]\nOh, let me in\nOh, let me, let me in\nIt's war, it's war, it's war, it's war\nIt's war, war, war, war, war\nSee Morrissey LiveGet tickets as low as $31You might also like[Outro]\nOh, let me in\nAh, the closer I get\nAh, you're asking for it\nAh, the closer I get\nAh, the closer I1Embed"
}