{
 "_type": "song",
 "annotation_count": 1,
 "api_path": "/songs/1006832",
 "artist_names": "Gregory Porter",
 "full_title": "Lonely One by\u00a0Gregory\u00a0Porter",
 "header_image_thumbnail_url": "https://images.genius.com/2d3feee219f3b70eaf19229d23f5ea87.300x300x1.jpg",
 "header_image_url": "https://images.genius.com/2d3feee219f3b70eaf19229d23f5ea87.1000x1000x1.jpg",
 "id": 1006832,
 "instrumental": false,
 "lyrics_owner_id": 3023498,
 "lyrics_state": "complete",
 "lyrics_updated_at": 1565321091,
 "path": "/Gregory-porter-lonely-one-lyrics",
 "pyongs_count": null,
 "relationships_index_url": "https://genius.com/Gregory-porter-lonely-one-sample",
 "release_date_components": null,
 "release_date_for_display": null,
 "release_date_with_abbreviated_month_for_display": null,
 "song_art_image_thumbnail_url": "https://images.genius.com/2d3feee219f3b70eaf19229d23f5ea87.300x300x1.jpg",
 "song_art_image_url": "https://images.genius.com/2d3feee219f3b70eaf19229d23f5ea87.1000x1000x1.jpg",
 "stats": {
  "unreviewed_annotations": 0,
  "hot": false
 },
 "title": "Lonely One",
 "title_with_featured": "Lonely One",
 "updated_by_human_at": 1699183985,
 "url": "https://genius.com/Gregory-porter-lonely-one-lyrics",
 "featured_artists": [],
 "primary_artist": {
  "_type": "artist",
  "api_path": "/artists/62352",
  "header_image_url": "https://images.genius.com/d52674d47bd30e0bb53ca90422fda19a.1000x585x1.jpg",
  "id": 62352,
  "image_url": "https://images.genius.com/d8f50e4c3e198031f96296d11b6b16b0.900x900x1.jpg",
  "index_character": "g",
  "is_meme_verified": false,
  "is_verified": false,
  "name": "Gregory Porter",
  "slug": "Gregory-porter",
  "url": "https://genius.com/artists/Gregory-porter"
 },
 "artist": "Gregory Porter",
 "lyrics": "4 ContributorsLonely One LyricsDid you pick the wrong one\nDid he break your heart\nHe started acting crazy\nWhen you wanted to part\n\nHe left some scars on your face\nAnd bruised your grace with friends\nIt will be okay\nThe lonely one is here\n\nDid you pick the wrong one\nConfused you with his smile\nTricked you with his letters\nAnd his fancy style\n\nHe pushed a ring on you\nBefore you knew\nYou're isolated now\nIt will be okay\nThe lonely one is here\nOh, the lonely one is here\n\nYou're not just meant to wait it out\nBe patient until he figures it out\nHe ought to know the obvious\nGirl, that you're, you're so marvelous\nSee Gregory Porter LiveGet tickets as low as $80You might also likeHe asks some questions of love\nThat you answered long ago\nDoes he care for you, I don't know\nBut I wish you, I wish you let, let it go\nIt will be okay, the lonely one is here\nOh, the lonely one is here\n\nDid you pick the wrong one\nDid you pick the wrong one\nThe wrong oneEmbed"
}