{
 "_type": "song",
 "annotation_count": 1,
 "api_path": "/songs/494736",
 "artist_names": "Silversun Pickups",
 "full_title": "Growing Old Is Getting Old by\u00a0Silversun\u00a0Pickups",
 "header_image_thumbnail_url": "https://images.genius.com/9635c93bec1024989fbffe45a760df16.300x300x1.jpg",
 "header_image_url": "https://images.genius.com/9635c93bec1024989fbffe45a760df16.1000x1000x1.jpg",
 "id": 494736,
 "instrumental": false,
 "lyrics_owner_id": 1085290,
 "lyrics_state": "complete",
 "lyrics_updated_at": 1674416352,
 "path": "/Silversun-pickups-growing-old-is-getting-old-lyrics",
 "pyongs_count": 2,
 "relationships_index_url": "https://genius.com/Silversun-pickups-growing-old-is-getting-old-sample",
 "release_date_components": {
  "year": 2009,
  "month": 4,
  "day": 14
 },
 "release_date_for_display": "April 14, 2009",
 "release_date_with_abbreviated_month_for_display": "Apr. 14, 2009",
 "song_art_image_thumbnail_url": "https://images.genius.com/9635c93bec1024989fbffe45a760df16.300x300x1.jpg",
 "song_art_image_url": "https://images.genius.com/9635c93bec1024989fbffe45a760df16.1000x1000x1.jpg",
 "stats": {
  "unreviewed_annotations": 0,
  "hot": false,
  "pageviews": 9251
 },
 "title": "Growing Old Is Getting Old",
 "title_with_featured": "Growing Old Is Getting Old",
 "updated_by_human_at": 1676823635,
 "url": "https://genius.com/Silversun-pickups-growing-old-is-getting-old-lyrics",
 "featured_artists": [],
 "primary_artist": {
  "_type": "artist",
  "api_path": "/artists/28985",
  "header_image_url": "https://images.genius.com/c3f3671afe58675644a05f35c39e1289.1000x904x1.jpg",
  "id": 28985,
  "image_url": "https://images.genius.com/2296954840f0882084eb3a5d6ff59dd4.1000x1000x1.jpg",
  "index_character": "s",
  "is_meme_verified": false,
  "is_verified": false,
  "name": "Silversun Pickups",
  "slug": "Silversun-pickups",
  "url": "https://genius.com/artists/Silversun-pickups"
 },
 "artist": "Silversun Pickups",
 "lyrics": "8 ContributorsGrowing Old Is Getting Old Lyrics[Verse 1]\nSo we all are growing old\nAnd it's getting old\nPressure on our hollow bones\nAnd the varicose\nSuddenly, we decompose\nBut we're not alone\nSo we all are growing old\n\n[Chorus]\nMaybe we're sealed in silence\nAnd maybe we feel a guidance\nMaybe your own devices\nWill keep you afraid and cold, but I\n\n[Verse 2]\nMemorized your smile lines\nWhen lips divide\nKept alive your childlike\nReaction time\nWe're allowed to expire\nWith ourselves in mind\nSo we all are growing old\n\n[Chorus]\nPut out the fear of silence\nAnd put out the need for guidance\nAnd put out your own devices\nAnd don't be afraid of the cold\nSee Silversun Pickups LiveGet tickets as low as $49You might also like[Bridge]\nWe sing, we sing, we sing\nWe fight, we fight, we fight\nThen we cry, we cry, we cry\nThen we slide, we slide, we slide into the light\n\n[Guitar Solo]\n\n[Bridge]\nDo we sing, we fight, we cry?\nWe slide, we slide, we slide into the light\n\n[Chorus]\nMaybe we're sealed in silence\nMaybe we feel a guidance\nMaybe your own devices\nWill keep you afraid and cold, well\nPut out the fear of silence\nPut out the need for guidance\nPut out your own devices\nDon't be afraid of the cold\nAfraid of the cold, afraid over time\nYou've got nowhere to go but here2Embed"
}