{
 "_type": "song",
 "annotation_count": 1,
 "api_path": "/songs/804744",
 "artist_names": "Gregg Allman",
 "full_title": "I Believe I'll Go Back Home by\u00a0Gregg\u00a0Allman",
 "header_image_thumbnail_url": "https://images.genius.com/cf9ee4914e7e74403d23040a38a64213.300x300x1.jpg",
 "header_image_url": "https://images.genius.com/cf9ee4914e7e74403d23040a38a64213.1000x1000x1.jpg",
 "id": 804744,
 "instrumental": false,
 "lyrics_owner_id": 1549345,
 "lyrics_state": "complete",
 "lyrics_updated_at": 1429202079,
 "path": "/Gregg-allman-i-believe-ill-go-back-home-lyrics",
 "pyongs_count": null,
 "relationships_index_url": "https://genius.com/Gregg-allman-i-believe-ill-go-back-home-sample",
 "release_date_components": {
  "year": 2011,
  "month": 1,
  "day": 18
 },
 "release_date_for_display": "January 18, 2011",
 "release_date_with_abbreviated_month_for_display": "Jan. 18, 2011",
 "song_art_image_thumbnail_url": "https://images.genius.com/cf9ee4914e7e74403d23040a38a64213.300x300x1.jpg",
 "song_art_image_url": "https://images.genius.com/cf9ee4914e7e74403d23040a38a64213.1000x1000x1.jpg",
 "stats": {
  "unreviewed_annotations": 0,
  "hot": false
 },
 "title": "I Believe I\u2019ll Go Back Home",
 "title_with_featured": "I Believe I'll Go Back Home",
 "updated_by_human_at": 1628534131,
 "url": "https://genius.com/Gregg-allman-i-believe-ill-go-back-home-lyrics",
 "featured_artists": [],
 "primary_artist": {
  "_type": "artist",
  "api_path": "/artists/344545",
  "header_image_url": "https://images.genius.com/6a619c3530e9f3235ce13781aea1ed71.800x310x1.png",
  "id": 344545,
  "image_url": "https://images.genius.com/c3683b360627dbfb71a75918cb8d2111.300x300x1.jpg",
  "index_character": "g",
  "is_meme_verified": false,
  "is_verified": false,
  "name": "Gregg Allman",
  "slug": "Gregg-allman",
  "url": "https://genius.com/artists/Gregg-allman"
 },
 "artist": "Gregg Allman",
 "lyrics": "2 ContributorsI Believe I\u2019ll Go Back Home LyricsI believe I'll go back home\nI believe I'll go back home\nI believe I'll go back home\nAcknowledge that I've done wrong\n\nFather, kind and patient, as kind as he could be\nGave to me my portion that he had promised me\nFather told his servants, bring the fatted calf down\nPass it on to my gone child that he best come back home\n\nWell, I believe I'll go back home\nI believe I'll go back home\nI believe I'll go back home\nAcknowledge that I've done wrong\n\nI'm going back to my father, fall down on my knee\nGotta do better than I did, recognize me if you please\nMy father saw him a-coming, immediately when he cried\n\"Gonna bring home again now, this is my begotten child\"\n\nI believe I'll go back home\nI believe I'll go back home\nI believe I'll go back home\nAcknowledge that I've done wrong\n\nFather, kind and patient, as kind as he could be\nGave to me my portion that he had promised me\nYou might also likeSo I believe I'll go back home\nI believe I'll go back home\nI believe I'll go back home\nAcknowledge that I've done wrongEmbed"
}