{
 "_type": "song",
 "annotation_count": 2,
 "api_path": "/songs/432800",
 "artist_names": "Marvin Gaye",
 "full_title": "Pride and Joy by\u00a0Marvin\u00a0Gaye",
 "header_image_thumbnail_url": "https://images.genius.com/920dd50ff281c59addb972fde868f7a3.300x300x1.jpg",
 "header_image_url": "https://images.genius.com/920dd50ff281c59addb972fde868f7a3.1000x1000x1.jpg",
 "id": 432800,
 "instrumental": false,
 "lyrics_owner_id": 390623,
 "lyrics_state": "complete",
 "lyrics_updated_at": 1653373441,
 "path": "/Marvin-gaye-pride-and-joy-lyrics",
 "pyongs_count": null,
 "relationships_index_url": "https://genius.com/Marvin-gaye-pride-and-joy-sample",
 "release_date_components": {
  "year": 1962,
  "month": 12,
  "day": 1
 },
 "release_date_for_display": "December 1, 1962",
 "release_date_with_abbreviated_month_for_display": "Dec. 1, 1962",
 "song_art_image_thumbnail_url": "https://images.genius.com/920dd50ff281c59addb972fde868f7a3.300x300x1.jpg",
 "song_art_image_url": "https://images.genius.com/920dd50ff281c59addb972fde868f7a3.1000x1000x1.jpg",
 "stats": {
  "unreviewed_annotations": 0,
  "hot": false
 },
 "title": "Pride and Joy",
 "title_with_featured": "Pride and Joy",
 "updated_by_human_at": 1677652467,
 "url": "https://genius.com/Marvin-gaye-pride-and-joy-lyrics",
 "featured_artists": [],
 "primary_artist": {
  "_type": "artist",
  "api_path": "/artists/944",
  "header_image_url": "https://images.genius.com/446e5592dc5e3c295cf1b0e6088dc084.1000x692x1.jpg",
  "id": 944,
  "image_url": "https://images.genius.com/ee7f453224dcc21cb8b8cf57475530dc.217x217x1.png",
  "index_character": "m",
  "is_meme_verified": false,
  "is_verified": false,
  "name": "Marvin Gaye",
  "slug": "Marvin-gaye",
  "url": "https://genius.com/artists/Marvin-gaye"
 },
 "artist": "Marvin Gaye",
 "lyrics": "8 ContributorsPride and Joy Lyrics[Verse 1]\nYou are my pride and joy\nAnd I just love you, love you, darling\nLike a baby boy loves his toy\n\n[Pre-Chorus]\nYou've got kisses sweeter than honey\nAnd I work seven days a week to give you all my money\nAnd that's why you are my pride and joy\n\n[Chorus]\nAnd I'm telling the world\nYou're my (Pride and joy)\nPride and joy (Pride and joy)\nI believe I'm your (Baby boy)\nBaby boy (Baby boy)\nAnd I know you're mine (Pride and joy)\nMy pride and joy (Pride and joy)\nYeah, baby (Baby boy)\nYeah, baby (Baby boy)\n\n[Verse 2]\nYou, you are my pride and joy\nAnd a love like mine, yeah baby\nIs something nobody can ever destroy\nYou might also like[Pre-Chorus]\nYou pick me up (Pick me up) when I'm down (When I'm down)\nAnd when we go out, pretty baby\nYou shake up the whole town (Whole town)\nAnd that's why (That's why)\nI believe you're my (You're my) pride and joy (Pride and joy)\nYeah (Yeah yeah yeah)\nYeah\n\n[Outro]\n(Pride and joy)\nYeah yeah (Pride and joy)\nI said every day (Pride and joy)\nIn the midnight hour (Pride and joy)\nAnd I'm your (Baby boy)\nBaby boy (Baby boy)\nWoo (Pride and joy)\nMy pride and joy (Pride and joy)\nAnd I love you like a baby loves his toy (Pride and joy)\nUh, yea yea yeah yeah (Pride and joy)\nMy pride and joy (Pride and joy)\nOh (Pride and joy)\nIn the mornin' (Pride and joy)\nAnd I'm your (Baby boy)\nBaby boy (Baby boy)Embed"
}