{
 "_type": "song",
 "annotation_count": 1,
 "api_path": "/songs/393193",
 "artist_names": "Stevie Wonder",
 "full_title": "Ordinary Pain by\u00a0Stevie\u00a0Wonder",
 "header_image_thumbnail_url": "https://images.genius.com/9c9efcb3e5c2ba5daa29c788c7e62d64.300x300x1.jpg",
 "header_image_url": "https://images.genius.com/9c9efcb3e5c2ba5daa29c788c7e62d64.1000x1000x1.jpg",
 "id": 393193,
 "instrumental": false,
 "lyrics_owner_id": 1412100,
 "lyrics_state": "complete",
 "lyrics_updated_at": 1663625765,
 "path": "/Stevie-wonder-ordinary-pain-lyrics",
 "pyongs_count": 4,
 "relationships_index_url": "https://genius.com/Stevie-wonder-ordinary-pain-sample",
 "release_date_components": {
  "year": 1976,
  "month": 9,
  "day": 28
 },
 "release_date_for_display": "September 28, 1976",
 "release_date_with_abbreviated_month_for_display": "Sep. 28, 1976",
 "song_art_image_thumbnail_url": "https://images.genius.com/9c9efcb3e5c2ba5daa29c788c7e62d64.300x300x1.jpg",
 "song_art_image_url": "https://images.genius.com/9c9efcb3e5c2ba5daa29c788c7e62d64.1000x1000x1.jpg",
 "stats": {
  "unreviewed_annotations": 1,
  "hot": false,
  "pageviews": 21800
 },
 "title": "Ordinary Pain",
 "title_with_featured": "Ordinary Pain",
 "updated_by_human_at": 1691569398,
 "url": "https://genius.com/Stevie-wonder-ordinary-pain-lyrics",
 "featured_artists": [],
 "primary_artist": {
  "_type": "artist",
  "api_path": "/artists/1602",
  "header_image_url": "https://images.genius.com/8bb3f2a398b71495e10ac75e56180faa.1000x661x1.jpg",
  "id": 1602,
  "image_url": "https://images.genius.com/378a1d769bbb5652314149bff8252c75.696x696x1.jpg",
  "index_character": "s",
  "is_meme_verified": false,
  "is_verified": false,
  "name": "Stevie Wonder",
  "slug": "Stevie-wonder",
  "url": "https://genius.com/artists/Stevie-wonder"
 },
 "artist": "Stevie Wonder",
 "lyrics": "15 ContributorsOrdinary Pain Lyrics[Verse 1]\nWhen by the phone\nIn vain you sit\nYou very soon in your mind realize that it's not just\nAn ordinary pain in your heart\nWhen you by chance\nGo knock on her door\nWalkin' away, you're convinced that it's much more\nThan just an ordinary pain in your heart\nIt's more than just\nAn ordinary pain in your heart\n\n[Chorus]\nDon't fool yourself\nBut tell no one else\nThat it's more than just\nAn ordinary pain\nIn your heart\n\n[Verse 2]\nWhen you catch up\nBut she says goodbye\nHold back your tears and before you start to cry\nSay you feel unnecessary pain in your heart\nTell her you're glad\nIt's over, in fact\nCan she take with her the pain she brought you back?\nTakin' that ordinary pain from your heart\nIt's more than just\nAn ordinary pain from your heart\nYou might also like[Chorus]\nDon't fool yourself\nBut tell no one else\nThat it's more than just\nAn ordinary pain\nIn your heart\nYour heart\nIn your heart\nIn your heart\n\n[Verse 3: Shirley Brewer]\nYou're just a masochistic fool\nBecause you knew my love was cruel\nYou never listened when they said\nDon't let that girl go to your head\nBut like a playboy, you said no (Ordinary pain, ordinary pain)\nThis little girl mind, you will blow (Ordinary pain, ordinary pain)\nBut then it blew you out the box (Ordinary pain, ordinary pain)\nWhen I put my stuff on key and lock (Ordinary pain, ordinary pain)\nIt makes me feel kind of sick (Ordinary pain, ordinary pain)\nTo know love put you in a trick (Ordinary pain, ordinary pain)\nI knew our love would have to end (Ordinary pain, ordinary pain)\nThe day I made it with your friend (Ordinary pain, ordinary pain)\nGiving your love to one unreal (Ordinary pain, ordinary pain)\nLike a big fool, I know you feel (Ordinary pain, ordinary pain)\nBut in this lovie-dovie game (Ordinary pain, ordinary pain)\nWith all its joy, there must be pain (Ordinary pain, ordinary pain)\nBut now the time has surely come (Ordinary pain, ordinary pain)\nThis game don't seem like so much fun (Ordinary pain, ordinary pain)\nYou're crying big crocodile tears (Ordinary pain, ordinary pain)\nDon't match the ones I've cried for years (Ordinary pain, ordinary pain)\nWhen I was home waiting for you (Ordinary pain, ordinary pain)\nYou were out somewhere doing the do (Ordinary pain, ordinary pain)\nYou know I'd really like to stay (Ordinary pain, ordinary pain)\nBut like you did, I've got to play (Ordinary pain, ordinary pain)\nYou're dumb to think I'd let you be (Ordinary pain, ordinary pain)\nScott-free without some pain from me (Ordinary pain, ordinary pain)\nI heard your song and took a chance (Ordinary pain, ordinary pain)\nBut to your music, I can't dance (Ordinary pain, ordinary pain)\nGo tell your story, sob-sad (Ordinary pain, ordinary pain)\nAbout you blowing what you had (Ordinary pain, ordinary pain)\nSince one ain't good enough for you (Ordinary pain, ordinary pain)\nThen do yourself, see how you do (Ordinary pain, ordinary pain)\n[Outro]\n(Ordinary pain, ordinary pain)\n(Ordinary pain, ordinary pain)\n(Ordinary pain, ordinary pain)\n(Ordinary pain, ordinary pain)\n(Ordinary pain, ordinary pain)\n(Ordinary pain, ordinary pain)4Embed"
}