{
 "_type": "song",
 "annotation_count": 1,
 "api_path": "/songs/991689",
 "artist_names": "Ryan Shaw",
 "full_title": "We Got Love by\u00a0Ryan\u00a0Shaw",
 "header_image_thumbnail_url": "https://images.genius.com/b809e2fac13c8d75f7bc6eb49e1dc3de.300x300x1.jpg",
 "header_image_url": "https://images.genius.com/b809e2fac13c8d75f7bc6eb49e1dc3de.500x500x1.jpg",
 "id": 991689,
 "instrumental": false,
 "lyrics_owner_id": 1549345,
 "lyrics_state": "complete",
 "lyrics_updated_at": 1429576834,
 "path": "/Ryan-shaw-we-got-love-lyrics",
 "pyongs_count": null,
 "relationships_index_url": "https://genius.com/Ryan-shaw-we-got-love-sample",
 "release_date_components": null,
 "release_date_for_display": null,
 "release_date_with_abbreviated_month_for_display": null,
 "song_art_image_thumbnail_url": "https://images.genius.com/b809e2fac13c8d75f7bc6eb49e1dc3de.300x300x1.jpg",
 "song_art_image_url": "https://images.genius.com/b809e2fac13c8d75f7bc6eb49e1dc3de.500x500x1.jpg",
 "stats": {
  "unreviewed_annotations": 0,
  "hot": false
 },
 "title": "We Got Love",
 "title_with_featured": "We Got Love",
 "updated_by_human_at": 1585665872,
 "url": "https://genius.com/Ryan-shaw-we-got-love-lyrics",
 "featured_artists": [],
 "primary_artist": {
  "_type": "artist",
  "api_path": "/artists/355592",
  "header_image_url": "https://images.genius.com/26919ef6faab200ca4903fc9675d541c.300x300x1.jpg",
  "id": 355592,
  "image_url": "https://images.genius.com/26919ef6faab200ca4903fc9675d541c.300x300x1.jpg",
  "index_character": "r",
  "is_meme_verified": false,
  "is_verified": false,
  "name": "Ryan Shaw",
  "slug": "Ryan-shaw",
  "url": "https://genius.com/artists/Ryan-shaw"
 },
 "artist": "Ryan Shaw",
 "lyrics": "3 ContributorsWe Got Love LyricsBaby, when I'm wrapped up in your arms\nIt never rains\nAnd I'm prayin' for more, more and more\nEach and every day, oh, baby\n\nWe're flyin' high and no one can deny\nThey can't tell by the look in your eyes\n\nThat we got love, you got me\nIf I got you, baby, we got more than money\nYou are everything a man's been dreamin' of\nOh, we got love, baby, we got love, oh, yeah\n\nAnd you know I love to see you smile, oh\nAnd what you done for me\nWhat you done for me makes it all worthwhile, oh, baby\n'Cause you, you are my desire\nAnd with the slightest touch\nWith the slightest touch my soul's on fire\n\n'Cause we got love, baby, you got me\nAnd if I got you we got more than money\nYou are everything a man's been dreamin' of\nOh, we got love, baby, we got love\n\nStorms are gonna rise and winds are gonna blow\nBut it ain't no need to worry as long as we know\nAs long as we know\nYou might also likeWe got love, baby, you got me\nAnd if I got you whole, we got more than money\nYou are everything a man's been dreamin' of\nOh, we got love, baby, we got love\n\n'Cause I've been new, I've been around\nBut we won't let nothing, nothing shake the love we found\nWe got love, baby, we got love\nYeah, yeah, love, baby, we got love\n\nI, I know we gotta, gotta, got, got love\nSoon we, I need a little bit of love\nBaby, we got, we got love\nOh, love, oh, loveEmbed"
}