{
 "_type": "song",
 "annotation_count": 1,
 "api_path": "/songs/920691",
 "artist_names": "Kurt Elling",
 "full_title": "Say It by\u00a0Kurt\u00a0Elling",
 "header_image_thumbnail_url": "https://images.genius.com/fd20588e63d1de5c0203a28f8146b967.300x300x1.jpg",
 "header_image_url": "https://images.genius.com/fd20588e63d1de5c0203a28f8146b967.1000x1000x1.jpg",
 "id": 920691,
 "instrumental": false,
 "lyrics_owner_id": 1549345,
 "lyrics_state": "complete",
 "lyrics_updated_at": 1429537263,
 "path": "/Kurt-elling-say-it-lyrics",
 "pyongs_count": null,
 "relationships_index_url": "https://genius.com/Kurt-elling-say-it-sample",
 "release_date_components": null,
 "release_date_for_display": null,
 "release_date_with_abbreviated_month_for_display": null,
 "song_art_image_thumbnail_url": "https://images.genius.com/fd20588e63d1de5c0203a28f8146b967.300x300x1.jpg",
 "song_art_image_url": "https://images.genius.com/fd20588e63d1de5c0203a28f8146b967.1000x1000x1.jpg",
 "stats": {
  "unreviewed_annotations": 0,
  "hot": false
 },
 "title": "Say It",
 "title_with_featured": "Say It",
 "updated_by_human_at": 1689542037,
 "url": "https://genius.com/Kurt-elling-say-it-lyrics",
 "featured_artists": [],
 "primary_artist": {
  "_type": "artist",
  "api_path": "/artists/214522",
  "header_image_url": "https://images.genius.com/d6e18b72b657f002d6b3d0dcf3e0877a.304x192x1.jpg",
  "id": 214522,
  "image_url": "https://images.genius.com/4a7b063ee9df9e8828b4bc428339cd00.1000x1000x1.jpg",
  "index_character": "k",
  "is_meme_verified": false,
  "is_verified": false,
  "name": "Kurt Elling",
  "slug": "Kurt-elling",
  "url": "https://genius.com/artists/Kurt-elling"
 },
 "artist": "Kurt Elling",
 "lyrics": "2 ContributorsSay It LyricsSay it over and over again\nNever stop saying you're mine\nTell me ever and ever so sweet\nSoft words of love be repeating\nJust like an old valentine\nWhen you say I love you\nThe same old i love you\nThey whisper in stories and plays\nYou can change i love you\nSame old i love you\nTo oh such a heaveny phrase\nSo say it softly and gently and then\nOver and over again\nNever stop saying you're mineYou might also likeEmbed"
}