{
 "_type": "song",
 "annotation_count": 1,
 "api_path": "/songs/1135766",
 "artist_names": "Fear Factory",
 "full_title": "Fear Campaign by\u00a0Fear\u00a0Factory",
 "header_image_thumbnail_url": "https://images.genius.com/8c26367b575f3cf889d0a6cf20a30082.300x300x1.jpg",
 "header_image_url": "https://images.genius.com/8c26367b575f3cf889d0a6cf20a30082.1000x1000x1.jpg",
 "id": 1135766,
 "instrumental": false,
 "lyrics_owner_id": 4872770,
 "lyrics_state": "complete",
 "lyrics_updated_at": 1517317902,
 "path": "/Fear-factory-fear-campaign-lyrics",
 "pyongs_count": null,
 "relationships_index_url": "https://genius.com/Fear-factory-fear-campaign-sample",
 "release_date_components": null,
 "release_date_for_display": null,
 "release_date_with_abbreviated_month_for_display": null,
 "song_art_image_thumbnail_url": "https://images.genius.com/8c26367b575f3cf889d0a6cf20a30082.300x300x1.jpg",
 "song_art_image_url": "https://images.genius.com/8c26367b575f3cf889d0a6cf20a30082.1000x1000x1.jpg",
 "stats": {
  "unreviewed_annotations": 0,
  "hot": false
 },
 "title": "Fear Campaign",
 "title_with_featured": "Fear Campaign",
 "updated_by_human_at": 1625052615,
 "url": "https://genius.com/Fear-factory-fear-campaign-lyrics",
 "featured_artists": [],
 "primary_artist": {
  "_type": "artist",
  "api_path": "/artists/8341",
  "header_image_url": "https://images.genius.com/fb0848e6504e33e9203507f521e33c22.1000x165x1.png",
  "id": 8341,
  "image_url": "https://images.genius.com/5c2952ca198d8eda91b478829b867fd6.1000x1000x1.jpg",
  "index_character": "f",
  "is_meme_verified": false,
  "is_verified": true,
  "name": "Fear Factory",
  "slug": "Fear-factory",
  "url": "https://genius.com/artists/Fear-factory",
  "iq": 303
 },
 "artist": "Fear Factory",
 "lyrics": "4 ContributorsFear Campaign Lyrics\"Fear\"\n\"The mind is fear\"\n\nHate, war and terror, murder, disaster\nRape, drugs and violence, lost in our failure\nFear is suffering, intimidate to obey\nFear is control, suffering is hell\nPolice enforce obedient behavior\nManufactured weapon of conformity\n\nFears of war and pestilence\nFear of loss and failure\nFear the hate of your enemy\nFear your god and savior\nFailure\nWhat do you fear?\n\n(\"Fear\")\n(\"The mind is fear\")\n\nIt is the most strategic tool used to manipulate\nIntimidation to make me weak in order to obey\nStrategy to manipulate, paralyze, intimidate\nRighteous greed suffocates, a powerful fear campaign\nMind killing, restricting\nFear is the enemy on my path\nMind killing, restricting\nFear is the enemy on my path\nSee Fear Factory LiveGet tickets as low as $41You might also likeFears of war and pestilence\nFear of loss and failure\nFear the hate of your enemy\nFear your god and savior\nFailure\nWhat do you fear?\n\nWhat do you fear?\nFear is your god\nWhat do you fear?\nFear is your godEmbed"
}