{
 "_type": "song",
 "annotation_count": 1,
 "api_path": "/songs/1222145",
 "artist_names": "Dan Deacon",
 "full_title": "Okie Dokie by\u00a0Dan\u00a0Deacon",
 "header_image_thumbnail_url": "https://images.genius.com/1160d64dd624599f3c839662c5a2008d.220x219x1.jpg",
 "header_image_url": "https://images.genius.com/1160d64dd624599f3c839662c5a2008d.220x219x1.jpg",
 "id": 1222145,
 "instrumental": false,
 "lyrics_owner_id": 1549345,
 "lyrics_state": "complete",
 "lyrics_updated_at": 1429707057,
 "path": "/Dan-deacon-okie-dokie-lyrics",
 "pyongs_count": null,
 "relationships_index_url": "https://genius.com/Dan-deacon-okie-dokie-sample",
 "release_date_components": {
  "year": 2007,
  "month": 5,
  "day": 8
 },
 "release_date_for_display": "May 8, 2007",
 "release_date_with_abbreviated_month_for_display": "May. 8, 2007",
 "song_art_image_thumbnail_url": "https://images.genius.com/1160d64dd624599f3c839662c5a2008d.220x219x1.jpg",
 "song_art_image_url": "https://images.genius.com/1160d64dd624599f3c839662c5a2008d.220x219x1.jpg",
 "stats": {
  "unreviewed_annotations": 0,
  "hot": false
 },
 "title": "Okie Dokie",
 "title_with_featured": "Okie Dokie",
 "updated_by_human_at": 1660159990,
 "url": "https://genius.com/Dan-deacon-okie-dokie-lyrics",
 "featured_artists": [],
 "primary_artist": {
  "_type": "artist",
  "api_path": "/artists/26484",
  "header_image_url": "https://images.genius.com/5f972299cbba8eb6870bfe20ff0bb439.1000x563x1.jpg",
  "id": 26484,
  "image_url": "https://images.genius.com/be8c110b6d6de16af64947e59a96ae1b.447x447x1.jpg",
  "index_character": "d",
  "is_meme_verified": false,
  "is_verified": false,
  "name": "Dan Deacon",
  "slug": "Dan-deacon",
  "url": "https://genius.com/artists/Dan-deacon"
 },
 "artist": "Dan Deacon",
 "lyrics": "3 ContributorsOkie Dokie LyricsI've got a rattlesnake gun\nI've got a rattlesnake gun\nI've got a rattlesnake gun\n\nI've got an Aerosmith gun\nI've got an Aerosmith gun\nI've got an Aerosmith gun\nOkie dokie, let's dance!\n\nI've got a rattlesnake gun\nI've got a rattlesnake gun\nI've got a rattlesnake gun\n\nI've got an Aerosmith gun\nI've got an Aerosmith gun\nI've got an Aerosmith gunSee Dan Deacon LiveGet tickets as low as $32You might also likeEmbed"
}