{
 "_type": "song",
 "annotation_count": 1,
 "api_path": "/songs/1219904",
 "artist_names": "Dropkick Murphys (Ft. Bruce Springsteen)",
 "full_title": "Peg O' My Heart by\u00a0Dropkick\u00a0Murphys (Ft.\u00a0Bruce\u00a0Springsteen)",
 "header_image_thumbnail_url": "https://images.genius.com/3136556b7cb5c5a5c25bd73162a8651f.300x300x1.jpg",
 "header_image_url": "https://images.genius.com/3136556b7cb5c5a5c25bd73162a8651f.600x600x1.jpg",
 "id": 1219904,
 "instrumental": false,
 "lyrics_owner_id": 3666056,
 "lyrics_state": "complete",
 "lyrics_updated_at": 1501967906,
 "path": "/Dropkick-murphys-peg-o-my-heart-lyrics",
 "pyongs_count": null,
 "relationships_index_url": "https://genius.com/Dropkick-murphys-peg-o-my-heart-sample",
 "release_date_components": {
  "year": 2011,
  "month": 3,
  "day": 1
 },
 "release_date_for_display": "March 1, 2011",
 "release_date_with_abbreviated_month_for_display": "Mar. 1, 2011",
 "song_art_image_thumbnail_url": "https://images.genius.com/3136556b7cb5c5a5c25bd73162a8651f.300x300x1.jpg",
 "song_art_image_url": "https://images.genius.com/3136556b7cb5c5a5c25bd73162a8651f.600x600x1.jpg",
 "stats": {
  "unreviewed_annotations": 0,
  "hot": false
 },
 "title": "Peg O\u2019 My Heart",
 "title_with_featured": "Peg O' My Heart (Ft.\u00a0Bruce\u00a0Springsteen)",
 "updated_by_human_at": 1610557741,
 "url": "https://genius.com/Dropkick-murphys-peg-o-my-heart-lyrics",
 "featured_artists": [
  {
   "_type": "artist",
   "api_path": "/artists/19041",
   "header_image_url": "https://images.genius.com/165db399fee32f0fcaf8e66bfd2dcd12.500x331x1.jpg",
   "id": 19041,
   "image_url": "https://images.genius.com/d6f0b4a599f183a9a74251a0033f786b.908x908x1.jpg",
   "index_character": "b",
   "is_meme_verified": false,
   "is_verified": false,
   "name": "Bruce Springsteen",
   "slug": "Bruce-springsteen",
   "url": "https://genius.com/artists/Bruce-springsteen"
  }
 ],
 "primary_artist": {
  "_type": "artist",
  "api_path": "/artists/30732",
  "header_image_url": "https://images.genius.com/5c9056fb24c0f1e7359b189badd983e8.1000x668x1.jpg",
  "id": 30732,
  "image_url": "https://images.genius.com/722269a711e1537be85b80cc5db21671.1000x1000x1.jpg",
  "index_character": "d",
  "is_meme_verified": false,
  "is_verified": true,
  "name": "Dropkick Murphys",
  "slug": "Dropkick-murphys",
  "url": "https://genius.com/artists/Dropkick-murphys",
  "iq": 777
 },
 "artist": "Dropkick Murphys",
 "lyrics": "4 ContributorsPeg O\u2019 My Heart LyricsPeg o' my heart I love you\nDon't let us part I love you\nI always knew it would be you\nPeg o' my heart\nSince I heard your lilting laughter\nIt's your Irish heart I'm after\nPeg o' my heart\n\n[Bruce Springsteen]\nPeg o' my heart, oh your glances\nMake my heart sing how's chances\nCome be my own\nCome make your home in my heart\n\nPeg o' my heart I love you\nWe'll never never part I love you\nI always knew it would be you\nPeg o' my heart\nSince I heard your lilting laughter\nIt's your Irish heart I'm after\nIt's your Irish heart I'm after\nPeg o' my heart\n\n[Bruce Springsteen]\nPeg o' my heart I love you\nDon't let us part I love you\nI always knew it would be you\nPeg o' my heart\nSee Dropkick Murphys LiveGet tickets as low as $65You might also likeSince I heard your lilting laughter\nIt's your Irish heart I'm after\nIt's your Irish heart I'm after\nPeg o' my heart\nSince I heard your lilting laughter\nIt's your Irish heart I'm after\nIt's your Irish heart I'm after\nPeg o' my heart\n\nPeg o' my heart\nPeg o' my heart\nPeg o' my heart\nPeg o' my heartEmbed"
}