{
 "_type": "song",
 "annotation_count": 1,
 "api_path": "/songs/1500302",
 "artist_names": "Priestess (CAN)",
 "full_title": "Lady Killer by\u00a0Priestess\u00a0(CAN)",
 "header_image_thumbnail_url": "https://images.genius.com/7d90608e8e438bf824a3e633cfaefc51.300x300x1.jpg",
 "header_image_url": "https://images.genius.com/7d90608e8e438bf824a3e633cfaefc51.300x300x1.jpg",
 "id": 1500302,
 "instrumental": false,
 "lyrics_owner_id": 1549345,
 "lyrics_state": "complete",
 "lyrics_updated_at": 1429892203,
 "path": "/Priestess-can-lady-killer-lyrics",
 "pyongs_count": null,
 "relationships_index_url": "https://genius.com/Priestess-can-lady-killer-sample",
 "release_date_components": {
  "year": 2009,
  "month": 10,
  "day": null
 },
 "release_date_for_display": "October 2009",
 "release_date_with_abbreviated_month_for_display": "Oct. 2009",
 "song_art_image_thumbnail_url": "https://images.genius.com/7d90608e8e438bf824a3e633cfaefc51.300x300x1.jpg",
 "song_art_image_url": "https://images.genius.com/7d90608e8e438bf824a3e633cfaefc51.300x300x1.jpg",
 "stats": {
  "unreviewed_annotations": 0,
  "hot": false
 },
 "title": "Lady Killer",
 "title_with_featured": "Lady Killer",
 "updated_by_human_at": 1570565602,
 "url": "https://genius.com/Priestess-can-lady-killer-lyrics",
 "featured_artists": [],
 "primary_artist": {
  "_type": "artist",
  "api_path": "/artists/234531",
  "header_image_url": "https://images.genius.com/9e1dabd5286c869a0b2d5f579ca7d43c.275x75x1.png",
  "id": 234531,
  "image_url": "https://images.genius.com/7172cfc9d93cad5c2f7c18fbec992f7b.319x319x1.jpg",
  "index_character": "p",
  "is_meme_verified": false,
  "is_verified": false,
  "name": "Priestess (CAN)",
  "slug": "Priestess-can",
  "url": "https://genius.com/artists/Priestess-can"
 },
 "artist": "Priestess (CAN)",
 "lyrics": "4 ContributorsLady Killer LyricsTurn the scissors with open blades\nAll the darkness will burn\nRecalling pictures of olden days\nAll these feelings return\nIf you're breathing you've been afraid\nIn the shadows remain\nI'll be stalking you night and day\nTill you share all my pain\n\nNow we step into the fire\n\nBeware you will pay\nLadykiller\nI swear you will pay\nLadykiller\n\nBait the killer and lie in wait\nTill the morning unfolds\nNow he's feeding on my mistakes\nAnd the trail has run cold\nAll the violence that fills the world\nLeaving nothing for shame\nThis is when so much pain will call out\nSuch things I have learned\n\nHear my vow and fear my vengeance\nYou might also likeBeware you will pay\nLadykiller\nI swear you will pay\nLadykiller\n\n\nExternal links\nNominate as Song of the Day\nAmazon: search for\u2026 Priestess \u2022 Ladykiller\nHype Machine: search for\u2026 Priestess \u2022 Ladykiller\nLast.fm: search for\u2026 Priestess \u2022 Ladykiller\nMusicBrainz: search for\u2026 Priestess \u2022 Ladykiller\nPandora: search for\u2026 Priestess \u2022 Ladykiller\nWikipedia: search for\u2026 Priestess \u2022 Ladykiller\nSpotify: Ladykiller\nAllmusic: search for\u2026 Priestess \u2022 LadykillerEmbed"
}