{
 "_type": "song",
 "annotation_count": 1,
 "api_path": "/songs/1329459",
 "artist_names": "Nyasia",
 "full_title": "Who's Got Your Love by\u00a0Nyasia",
 "header_image_thumbnail_url": "https://images.genius.com/655e9bb61e06135395a8ece4b6046d18.300x300x1.jpg",
 "header_image_url": "https://images.genius.com/655e9bb61e06135395a8ece4b6046d18.600x600x1.jpg",
 "id": 1329459,
 "instrumental": false,
 "lyrics_owner_id": 8243564,
 "lyrics_state": "complete",
 "lyrics_updated_at": 1626401848,
 "path": "/Nyasia-whos-got-your-love-lyrics",
 "pyongs_count": null,
 "relationships_index_url": "https://genius.com/Nyasia-whos-got-your-love-sample",
 "release_date_components": {
  "year": 1992,
  "month": null,
  "day": null
 },
 "release_date_for_display": "1992",
 "release_date_with_abbreviated_month_for_display": "1992",
 "song_art_image_thumbnail_url": "https://images.genius.com/ff365e426815a15f279e7468b9b311e2.300x236x1.jpg",
 "song_art_image_url": "https://images.genius.com/ff365e426815a15f279e7468b9b311e2.600x471x1.jpg",
 "stats": {
  "unreviewed_annotations": 0,
  "hot": false
 },
 "title": "Who\u2019s Got Your Love",
 "title_with_featured": "Who's Got Your Love",
 "updated_by_human_at": 1626401848,
 "url": "https://genius.com/Nyasia-whos-got-your-love-lyrics",
 "featured_artists": [],
 "primary_artist": {
  "_type": "artist",
  "api_path": "/artists/376905",
  "header_image_url": "https://images.genius.com/d8a2a35f720c9fd77c1066d17ac40714.1000x1000x1.jpg",
  "id": 376905,
  "image_url": "https://images.genius.com/d8a2a35f720c9fd77c1066d17ac40714.1000x1000x1.jpg",
  "index_character": "n",
  "is_meme_verified": false,
  "is_verified": false,
  "name": "Nyasia",
  "slug": "Nyasia",
  "url": "https://genius.com/artists/Nyasia"
 },
 "artist": "Nyasia",
 "lyrics": "2 ContributorsWho\u2019s Got Your Love LyricsI've seen that look before\nAnd I can't ignore its lovelessness\nI see a change in you\nHave you met someone new? I'm so upset\n\nI used to think we were in love\nAnd it all seemed so right then\nBut now I know that our love\nWill not be the same again\n\nWho's got your love\nNow that I don't have it anymore?\nWho's got your love?\nNow that I don't have it, who's it for?\nWho's got your love\nNow that I don't have it anymore?\nWho's got your love?\nNow that I don't have it, who's it for?\n\nWho's got your love?\nWho's got your love?\nWho's got your love?\nWho's got your love?\n\nWas it all up to me\nTo make our lives complete?\nYou know that's wrong\nBecause it takes two souls\nTo fulfill the roles of love and war\nYou might also likeWhat makes it right for you\nTo think that I was made of the heart of stone?\nAnd now you think that I would forget\nNow I stand alone\n\nWho's got your love\n(Who's got your love?)\nNow that I don't have it anymore?\n(Anymore)\nWho's got your love?\n(Who's got your love?)\nNow that I don't have it, who's it for?\n(Who's it for?)\nWho's got your love\n(Who's got your love?)\nNow that I don't have it anymore?\n(Anymore)\nWho's got your love?\n(Who's got your love?)\nNow that I don't have it, who's it for?\n(Who's it for?)\n\nWho's got your love?\n(Who's got your love? Who's got it?)\n(Who's got your love? Who's got it?)\nWho's got your love?\n(Who's got your love? Who's got it?)\n(Who's got your love?)\nWho's got your love?\n(Who's got your love? Who's got it?)\n(Who's got your love? Who's got it?)\nWho's got your love?\n(Who's got your love? Who's got it?)\n(Who's got your love?)\nWho's got your love?\nWho's got your love\n(Who's got your love?)\nNow that I don't have it anymore?\n(Anymore)\nWho's got your love?\n(Who's got your love?)\nNow that I don't have it, who's it for?\n(Who's it for?)\nWho's got your love\n(Who's got your love?)\nNow that I don't have it anymore?\n(Anymore)\nWho's got your love?\n(Who's got your love?)\nNow that I don't have it, who's it for?\n(Who's it for?)\n\nWho's got your love?\n(Who's got your love? Who's got it?)\n(Who's got your love? Who's got it?)\nWho's got your love?\n(Who's got your love? Who's got it?)\n(Who's got your love?)\nWho's got your love?\n(Who's got your love? Who's got it?)\n(Who's got your love? Who's got it?)\nWho's got your love?\n(Who's got your love? Who's got it?)\n(Who's got your love?)\nWho's got your love?\n(Who's got your love? Who's got it?)\n(Who's got your love? Who's got it?)\n(Who's got your love? Who's got it?)\n(Who's got your love?)\n(Who's got your love? Who's got it?)Embed"
}