{
 "_type": "song",
 "annotation_count": 1,
 "api_path": "/songs/1612673",
 "artist_names": "Jackie Wilson",
 "full_title": "To Be Loved by\u00a0Jackie\u00a0Wilson",
 "header_image_thumbnail_url": "https://images.genius.com/cb7bebcecf178b81e7e210790cd3afde.300x300x1.jpg",
 "header_image_url": "https://images.genius.com/cb7bebcecf178b81e7e210790cd3afde.500x500x1.jpg",
 "id": 1612673,
 "instrumental": false,
 "lyrics_owner_id": 2457824,
 "lyrics_state": "complete",
 "lyrics_updated_at": 1681709822,
 "path": "/Jackie-wilson-to-be-loved-lyrics",
 "pyongs_count": null,
 "relationships_index_url": "https://genius.com/Jackie-wilson-to-be-loved-sample",
 "release_date_components": {
  "year": 1958,
  "month": null,
  "day": null
 },
 "release_date_for_display": "1958",
 "release_date_with_abbreviated_month_for_display": "1958",
 "song_art_image_thumbnail_url": "https://images.genius.com/cb7bebcecf178b81e7e210790cd3afde.300x300x1.jpg",
 "song_art_image_url": "https://images.genius.com/cb7bebcecf178b81e7e210790cd3afde.500x500x1.jpg",
 "stats": {
  "unreviewed_annotations": 1,
  "hot": false,
  "pageviews": 11987
 },
 "title": "To Be Loved",
 "title_with_featured": "To Be Loved",
 "updated_by_human_at": 1681709909,
 "url": "https://genius.com/Jackie-wilson-to-be-loved-lyrics",
 "featured_artists": [],
 "primary_artist": {
  "_type": "artist",
  "api_path": "/artists/91643",
  "header_image_url": "https://images.genius.com/fccfc86810e2433c490597837210b194.830x830x1.jpg",
  "id": 91643,
  "image_url": "https://images.genius.com/fccfc86810e2433c490597837210b194.830x830x1.jpg",
  "index_character": "j",
  "is_meme_verified": false,
  "is_verified": false,
  "name": "Jackie Wilson",
  "slug": "Jackie-wilson",
  "url": "https://genius.com/artists/Jackie-wilson"
 },
 "artist": "Jackie Wilson",
 "lyrics": "4 ContributorsTo Be Loved Lyrics[Verse 1]\nSomeone to care\nSomeone to share\nLonely hours and moments of despair\nTo be loved, to be loved (To be loved)\nOh what a feeling to be loved\n\n[Verse 2]\nSomeone to kiss\nSomeone to miss\nWhen you're away\nTo hear from each day\nTo be loved, to be loved (To be loved, to be loved)\nOh what a feeling to be loved\n\n[Bridge]\nSome wish to be a king or a queen\nSome wish for fortune and fame\nBut to be, truly, truly, truly loved is\nMore than all of these things, oh, oh\n\n[Verse 3]\nSomeone to kiss\nSomeone to miss\nWhen you're away to hear from each day\nTo be loved, to be loved (To be loved, to be loved)\nOh what a feeling to be loved\nTo be loved, to be loved, oh what a feeling (To be loved, to be loved)\nTo be - be lovedYou might also likeEmbed"
}