{
 "_type": "song",
 "annotation_count": 2,
 "api_path": "/songs/879515",
 "artist_names": "Ladytron",
 "full_title": "Seventeen by\u00a0Ladytron",
 "header_image_thumbnail_url": "https://images.genius.com/a522ef458068a8e2413ef1d0a0559393.300x300x1.jpg",
 "header_image_url": "https://images.genius.com/a522ef458068a8e2413ef1d0a0559393.1000x1000x1.jpg",
 "id": 879515,
 "instrumental": false,
 "lyrics_owner_id": 4653093,
 "lyrics_state": "complete",
 "lyrics_updated_at": 1693937518,
 "path": "/Ladytron-seventeen-lyrics",
 "pyongs_count": 4,
 "relationships_index_url": "https://genius.com/Ladytron-seventeen-sample",
 "release_date_components": {
  "year": 2002,
  "month": 9,
  "day": 17
 },
 "release_date_for_display": "September 17, 2002",
 "release_date_with_abbreviated_month_for_display": "Sep. 17, 2002",
 "song_art_image_thumbnail_url": "https://images.genius.com/603cd8233100bbd7d068f816b60c7fa8.300x300x1.jpg",
 "song_art_image_url": "https://images.genius.com/603cd8233100bbd7d068f816b60c7fa8.1000x1000x1.jpg",
 "stats": {
  "unreviewed_annotations": 1,
  "hot": false,
  "pageviews": 73931
 },
 "title": "Seventeen",
 "title_with_featured": "Seventeen",
 "updated_by_human_at": 1693937518,
 "url": "https://genius.com/Ladytron-seventeen-lyrics",
 "featured_artists": [],
 "primary_artist": {
  "_type": "artist",
  "api_path": "/artists/71266",
  "header_image_url": "https://images.genius.com/cb7f3d9077ebdfd511d3eb57eaa56e0e.820x360x1.jpg",
  "id": 71266,
  "image_url": "https://images.genius.com/c4de142313e386e1d4a640ef7f7066c7.750x750x1.jpg",
  "index_character": "l",
  "is_meme_verified": false,
  "is_verified": false,
  "name": "Ladytron",
  "slug": "Ladytron",
  "url": "https://genius.com/artists/Ladytron"
 },
 "artist": "Ladytron",
 "lyrics": "12 ContributorsSeventeen Lyrics[Helen Marnie:]\nThey only want you when you're seventeen\nWhen you're twenty-one\nYou're no fun\nThey take a Polaroid and let you go\nSay they'll let you know\nSo come on\n\nThey only want you when you're seventeen\nWhen you're twenty-one\nYou're no fun\nThey take a Polaroid and let you go\nSay they'll let you know\nSo come on\n\nThey only want you when you're seventeen\nWhen you're twenty-one\nYou're no fun\nThey take a Polaroid and let you go\nSay they'll let you know\nSo come on\n\nThey only want you when you're seventeen\nWhen you're twenty-one\nYou're no fun\nThey take a Polaroid and let you go\nSay they'll let you know\nSo come on\nSee Ladytron LiveGet tickets as low as $40You might also likeThey only want you when you're seventeen\nWhen you're twenty-one\nYou're no fun\nThey take a Polaroid and let you go\nSay they'll let you know\nSo come on\n\nThey only want you when you're seventeen\nWhen you're twenty-one\nYou're no fun\nThey take a Polaroid and let you go\nSay they'll let you know\nSo come on\n\nThey only want you when you're seventeen\nWhen you're twenty-one\nYou're no fun\nThey take a Polaroid and let you go\nSay they'll let you know\nSo come on\n\nThey only want you when you're seventeen\nWhen you're twenty-one\nYou're no fun\nThey take a Polaroid and let you go\nSay they'll let you know\nSo come on\nThey only want you when you're seventeen\nWhen you're twenty-one\nYou're no fun\nThey take a Polaroid and let you go\nSay they'll let you know\nSo come on\n\nThey only want you when you're seventeen\nWhen you're twenty-one\nYou're no fun\nThey take a Polaroid and let you go\nSay they'll let you know\nSo come on\n\nThey take a Polaroid and let you go\nSay they'll let you know\nSo come on\n\nThey take a Polaroid and let you go\nSay they'll let you know\nSo come on\n\nThey take a Polaroid and let you go\nSay they'll let you know\nSo come on\nThey take a Polaroid and let you go4Embed"
}