{
 "_type": "song",
 "annotation_count": 1,
 "api_path": "/songs/1033709",
 "artist_names": "Kansas",
 "full_title": "Fight Fire with Fire by\u00a0Kansas",
 "header_image_thumbnail_url": "https://images.genius.com/65e004ebcb5cf49869690d927d2734aa.300x169x1.jpg",
 "header_image_url": "https://images.genius.com/65e004ebcb5cf49869690d927d2734aa.1000x563x1.jpg",
 "id": 1033709,
 "instrumental": false,
 "lyrics_owner_id": 4616892,
 "lyrics_state": "complete",
 "lyrics_updated_at": 1593207873,
 "path": "/Kansas-fight-fire-with-fire-lyrics",
 "pyongs_count": null,
 "relationships_index_url": "https://genius.com/Kansas-fight-fire-with-fire-sample",
 "release_date_components": {
  "year": 1983,
  "month": 7,
  "day": null
 },
 "release_date_for_display": "July 1983",
 "release_date_with_abbreviated_month_for_display": "Jul. 1983",
 "song_art_image_thumbnail_url": "https://images.genius.com/b4df258750d6397a7afa1a4568704daf.220x212x1.jpg",
 "song_art_image_url": "https://images.genius.com/b4df258750d6397a7afa1a4568704daf.220x212x1.jpg",
 "stats": {
  "unreviewed_annotations": 1,
  "hot": false
 },
 "title": "Fight Fire with Fire",
 "title_with_featured": "Fight Fire with Fire",
 "updated_by_human_at": 1644998964,
 "url": "https://genius.com/Kansas-fight-fire-with-fire-lyrics",
 "featured_artists": [],
 "primary_artist": {
  "_type": "artist",
  "api_path": "/artists/27011",
  "header_image_url": "https://images.genius.com/55bdc2564558961f00134ccb0c40b87c.736x501x1.jpg",
  "id": 27011,
  "image_url": "https://images.genius.com/38b86b34d96c64644ea86409c667a448.480x480x1.jpg",
  "index_character": "k",
  "is_meme_verified": false,
  "is_verified": false,
  "name": "Kansas",
  "slug": "Kansas",
  "url": "https://genius.com/artists/Kansas"
 },
 "artist": "Kansas",
 "lyrics": "5 ContributorsFight Fire with Fire LyricsThere's a hole in the wall\nWith a light shining in\nAnd it's letting me know to get up\nIt's time to begin\n\nOh there is nothing to lose\n'Cause it's already lost\nIn a runaway world\nOf confusion\nI'm not gonna take it\n\nThat's why I fight fire with fire\nOh I'm burning inside and my heart is a-cryin'\nFire with fire\nI don't want to lose this flamin' desire\n\nStanding alone\nIn a crowded room\nI can feel a chill in the air\nI'm shakin'\n\nI'm miles away\nI want to cry out loud\nI want to fight till the end\nI won't let 'em take me alive\nSee Kansas LiveGet tickets as low as $62You might also likeAnd you know I'll fight fire with fire\nOh I'm burning inside and my heart is a-cryin'\nFire with fire\n'Cause I'm never gonna lose this flamin' desireEmbed"
}