{
 "_type": "song",
 "annotation_count": 1,
 "api_path": "/songs/870609",
 "artist_names": "Ti\u00ebsto (Ft. Nelly Furtado)",
 "full_title": "Who Wants to Be Alone by\u00a0Ti\u00ebsto (Ft.\u00a0Nelly\u00a0Furtado)",
 "header_image_thumbnail_url": "https://images.genius.com/4401f53b7a368f22e6d111f3eecb33f4.300x300x1.jpg",
 "header_image_url": "https://images.genius.com/4401f53b7a368f22e6d111f3eecb33f4.1000x1000x1.jpg",
 "id": 870609,
 "instrumental": false,
 "lyrics_owner_id": 1549345,
 "lyrics_state": "complete",
 "lyrics_updated_at": 1465209534,
 "path": "/Tiesto-who-wants-to-be-alone-lyrics",
 "pyongs_count": null,
 "relationships_index_url": "https://genius.com/Tiesto-who-wants-to-be-alone-sample",
 "release_date_components": {
  "year": 2009,
  "month": 10,
  "day": 6
 },
 "release_date_for_display": "October 6, 2009",
 "release_date_with_abbreviated_month_for_display": "Oct. 6, 2009",
 "song_art_image_thumbnail_url": "https://images.genius.com/4401f53b7a368f22e6d111f3eecb33f4.300x300x1.jpg",
 "song_art_image_url": "https://images.genius.com/4401f53b7a368f22e6d111f3eecb33f4.1000x1000x1.jpg",
 "stats": {
  "unreviewed_annotations": 1,
  "hot": false
 },
 "title": "Who Wants to Be Alone",
 "title_with_featured": "Who Wants to Be Alone (Ft.\u00a0Nelly\u00a0Furtado)",
 "updated_by_human_at": 1698663578,
 "url": "https://genius.com/Tiesto-who-wants-to-be-alone-lyrics",
 "featured_artists": [
  {
   "_type": "artist",
   "api_path": "/artists/1505",
   "header_image_url": "https://images.genius.com/dd09fe9b5cbf24077418682c29ad89f5.1000x242x1.jpg",
   "id": 1505,
   "image_url": "https://images.genius.com/08b5978288c1b0bde670af69c6d82a3e.892x892x1.jpg",
   "index_character": "n",
   "is_meme_verified": false,
   "is_verified": false,
   "name": "Nelly Furtado",
   "slug": "Nelly-furtado",
   "url": "https://genius.com/artists/Nelly-furtado"
  }
 ],
 "primary_artist": {
  "_type": "artist",
  "api_path": "/artists/1082",
  "header_image_url": "https://images.genius.com/04eb2f7123f436e8a71d78fa167e0f97.1000x426x1.jpg",
  "id": 1082,
  "image_url": "https://images.genius.com/e291c5b283776be966783a199415d02e.514x514x1.jpg",
  "index_character": "t",
  "is_meme_verified": false,
  "is_verified": false,
  "name": "Ti\u00ebsto",
  "slug": "Tiesto",
  "url": "https://genius.com/artists/Tiesto"
 },
 "artist": "Ti\u00ebsto",
 "lyrics": "10 ContributorsWho Wants to Be Alone LyricsI was waiting for you to notice me\nI been hanging around for a minute\nBaby dont give me u it won't hurt me\nI dont even know if u deserve me\n\nBut with that moon in the sky\nWho wants to be alone\nAnd when the stars shine so bright\nWho wants to be alone\n\n\nDont take me home till the sun comes up till the sun comes up\nDont take me home till the sun comes up till the sun comes up\nDont take me home till the sun comes up till the sun comes up\nDont take me home till the sun comes up till the sun comes up\n\nRight next to me\nYou wanna be\nTill the sun comes up\n\nI am goin nowhere in a hurry\nBaby come take away all my worries\n\nBut with that moon in the sky\nWho wants to be alone\nAnd when the stars shine so bright\nWho wants to be alone\nSee Ti\u00ebsto LiveGet tickets as low as $123You might also likeDont take me home till the sun comes up till the sun comes up\nDont take me home till the sun comes up till the sun comes up\nDont take me home till the sun comes up till the sun comes up\nDont take me home till the sun comes up till the sun comes up\n\nRight next to me\nYou wanna be\nTill the sun comes up\n\nIm out of my head\nIm out of my head\nIm out of my head\nIm out of my head\nIm out of my head\n\nBut with that moon in the sky\nWho wants to be alone\nAnd when the stars shine so bright\nWho wants to be alone\n\nDont take me home till the sun comes up till the sun comes up\nDont take me home till the sun comes up till the sun comes up\nDont take me home till the sun comes up till the sun comes up\nDont take me home till the sun comes up till the sun comes up\n\nRight next to me\nYou wanna be\nTill the sun comes upEmbed"
}