{
 "_type": "song",
 "annotation_count": 3,
 "api_path": "/songs/1048914",
 "artist_names": "Steel Panther (Ft. Corey Taylor)",
 "full_title": "Death to All But Metal by\u00a0Steel\u00a0Panther (Ft.\u00a0Corey\u00a0Taylor)",
 "header_image_thumbnail_url": "https://images.genius.com/d4579bab658c8ad0bdaa3ec3f04a8dd2.300x300x1.jpg",
 "header_image_url": "https://images.genius.com/d4579bab658c8ad0bdaa3ec3f04a8dd2.1000x1000x1.jpg",
 "id": 1048914,
 "instrumental": false,
 "lyrics_owner_id": 1989544,
 "lyrics_state": "complete",
 "lyrics_updated_at": 1583787588,
 "path": "/Steel-panther-death-to-all-but-metal-lyrics",
 "pyongs_count": 3,
 "relationships_index_url": "https://genius.com/Steel-panther-death-to-all-but-metal-sample",
 "release_date_components": {
  "year": 2009,
  "month": 10,
  "day": 6
 },
 "release_date_for_display": "October 6, 2009",
 "release_date_with_abbreviated_month_for_display": "Oct. 6, 2009",
 "song_art_image_thumbnail_url": "https://images.genius.com/d4579bab658c8ad0bdaa3ec3f04a8dd2.300x300x1.jpg",
 "song_art_image_url": "https://images.genius.com/d4579bab658c8ad0bdaa3ec3f04a8dd2.1000x1000x1.jpg",
 "stats": {
  "unreviewed_annotations": 3,
  "hot": false,
  "pageviews": 32439
 },
 "title": "Death to All But Metal",
 "title_with_featured": "Death to All But Metal (Ft.\u00a0Corey\u00a0Taylor)",
 "updated_by_human_at": 1693796431,
 "url": "https://genius.com/Steel-panther-death-to-all-but-metal-lyrics",
 "featured_artists": [
  {
   "_type": "artist",
   "api_path": "/artists/44044",
   "header_image_url": "https://images.genius.com/118c5d10a82f6040d3155df1b42c720e.1000x523x1.jpg",
   "id": 44044,
   "image_url": "https://images.genius.com/00be22169b7c272db9e1f38438982627.1000x1000x1.jpg",
   "index_character": "c",
   "is_meme_verified": false,
   "is_verified": false,
   "name": "Corey Taylor",
   "slug": "Corey-taylor",
   "url": "https://genius.com/artists/Corey-taylor"
  }
 ],
 "primary_artist": {
  "_type": "artist",
  "api_path": "/artists/247279",
  "header_image_url": "https://images.genius.com/990c4714978094c0c5d056aa5275b4c2.450x636x1.jpg",
  "id": 247279,
  "image_url": "https://images.genius.com/f254e7d75d73e3b98a68578d7bdfa79d.368x368x1.jpg",
  "index_character": "s",
  "is_meme_verified": false,
  "is_verified": false,
  "name": "Steel Panther",
  "slug": "Steel-panther",
  "url": "https://genius.com/artists/Steel-panther"
 },
 "artist": "Steel Panther",
 "lyrics": "15 ContributorsDeath to All But Metal LyricsAll right!\nYeah!\nC-c-come on!\n\nFuck the Goo Goo Dolls, they can suck my balls\nThey look like the dorks that hang out at the mall\nEminem can suck it, so can Dr. Dre\nThey can suck each other, just because they\u2019re gay\n\nThey can suck a dick, they can lick a sack\nEverybody shout, \u201cHeavy metal\u2019s back!\u201d\n\nDeath to all but metal\nDeath to all but metal\nDeath to all but metal\n\nDeath to Papa Roach, Blink-182\nAll those fucking pussies sounds like doggy-doo\nWearing baggy pants, spiking up their hair\nThey\u2019re not worth the crust on my underwear\n\nWhere is Def Leppard? Where is M\u00f6tley Cr\u00fce?\nWhy do all my lyrics sound like Dr. Seuss?\n\nDeath to all but metal\nDeath to all but metal\nDeath to all but metal\nSee Steel Panther LiveGet tickets as low as $37You might also likeKill those fucking fuckheads who program MTV\nThey can suck my ass with all the record companies\n\nDeath to Britney Spears, kill the little slut\nKill Madonna too and then fuck her in the butt\nFuck Mariah Carey, death to Sheryl Crow\nThey can kiss each other on their camel toe\n\n50 Cent\u2019s a fag, so is Kanye West\nShooting hot sperm on each others\u2019 chest\n\nDeath to all but metal\nDeath to all but metal\nDeath to all but metal3Embed"
}