{
 "_type": "song",
 "annotation_count": 1,
 "api_path": "/songs/1233449",
 "artist_names": "Musiq Soulchild (Ft. AAries)",
 "full_title": "Settle for My Love by\u00a0Musiq\u00a0Soulchild (Ft.\u00a0AAries)",
 "header_image_thumbnail_url": "https://images.genius.com/381c33064e5d8dd23e310fdf8de02b7e.300x300x1.jpg",
 "header_image_url": "https://images.genius.com/381c33064e5d8dd23e310fdf8de02b7e.1000x1000x1.jpg",
 "id": 1233449,
 "instrumental": false,
 "lyrics_owner_id": 3492882,
 "lyrics_state": "complete",
 "lyrics_updated_at": 1644993237,
 "path": "/Musiq-soulchild-settle-for-my-love-lyrics",
 "pyongs_count": null,
 "relationships_index_url": "https://genius.com/Musiq-soulchild-settle-for-my-love-sample",
 "release_date_components": {
  "year": 2000,
  "month": 11,
  "day": 14
 },
 "release_date_for_display": "November 14, 2000",
 "release_date_with_abbreviated_month_for_display": "Nov. 14, 2000",
 "song_art_image_thumbnail_url": "https://images.genius.com/381c33064e5d8dd23e310fdf8de02b7e.300x300x1.jpg",
 "song_art_image_url": "https://images.genius.com/381c33064e5d8dd23e310fdf8de02b7e.1000x1000x1.jpg",
 "stats": {
  "unreviewed_annotations": 0,
  "hot": false
 },
 "title": "Settle for My Love",
 "title_with_featured": "Settle for My Love (Ft.\u00a0AAries)",
 "updated_by_human_at": 1645247443,
 "url": "https://genius.com/Musiq-soulchild-settle-for-my-love-lyrics",
 "featured_artists": [
  {
   "_type": "artist",
   "api_path": "/artists/7734",
   "header_image_url": "https://assets.genius.com/images/default_avatar_300.png?1699303299",
   "id": 7734,
   "image_url": "https://assets.genius.com/images/default_avatar_300.png?1699303299",
   "index_character": "a",
   "is_meme_verified": false,
   "is_verified": false,
   "name": "AAries",
   "slug": "Aaries",
   "url": "https://genius.com/artists/Aaries"
  }
 ],
 "primary_artist": {
  "_type": "artist",
  "api_path": "/artists/2605",
  "header_image_url": "https://images.genius.com/cqdz8hnhhs37mvgzqs4zn5wb1.450x600x1.jpg",
  "id": 2605,
  "image_url": "https://images.genius.com/cqdz8hnhhs37mvgzqs4zn5wb1.450x600x1.jpg",
  "index_character": "m",
  "is_meme_verified": false,
  "is_verified": false,
  "name": "Musiq Soulchild",
  "slug": "Musiq-soulchild",
  "url": "https://genius.com/artists/Musiq-soulchild"
 },
 "artist": "Musiq Soulchild",
 "lyrics": "4 ContributorsSettle for My Love Lyrics[Verse 1: Aaries, Musiq Soulchild, Both]\nYour love means the world to me\nWords could not express the joy you bring\nYour love moves me tenderly\nTo have you by my side means everything, I sing\nYour love has the best of me\nIf I could give you more then that would be, yeah\n\n[Chorus: Aaries]\nSettle for my love, settle for my kiss\nSettle for my love, that you'll never miss\nSo dear to me, darling, take my hand\nSettle for my kiss\n'Cause it's all I can give\nSettle for my love, that you'll never miss\n\n[Verse 2: Aaries, with Musiq Soulchild]\nYour love, it means the world to me\nOoh-hoo, like the ocean wide your love runs deep\nYour love, (Oh baby) it moves me tenderly\nLike the birds outside my window sing\n\n[Chorus: Aaries, Musiq Soulchild]\nSettle for my love (Oh, settle for), settle for my kiss (Hey, hey, hey)\nSettle for my love, that you'll never miss (Yeah)\nSo dear to me, darling, take my hand\nSettle for my kiss\n'Cause that's all I can give\nSettle for my love (Baby), that you'll never miss\nYou might also like[Bridge: Aaries, Musiq Soulchild]\nI can't bring you precious stars or paradise\nAnd all these things are really on my mind\nAll that I can give to you is love so true\nFrom the heart, ooh\n\n[Verse 3: Aaries with Musiq Soulchild]\nYour love, it means the world to me (Means the world)\nNo words, no words, express the joy you bring\nYour love (Oh), it has the best of me\nIf I, if I can only give you everything, baby\n\n[Chorus: Aaries, Musiq Soulchild]\nSettle for my love, settle for my kiss (Hey, hey, hey)\nSettle for my love (Oh), that you'll never miss\nSo dear to me, darling, take my hand\nSettle for my kiss\n'Cause that's all I can give\nSettle for my love (Baby, yeah, yeah), that you'll never miss (Hey)\n\n[Outro: Aaries, Musiq Soulchild]\nSettle for my love\n(Settle for my love, hey, hey, hey)\nSettle for my love\n(Settle for, settle for my, my love, yeah, oh)\nSettle for my love\n(Settle, settle, ow, yeah, uh, whoa-ho)\nSettle for my love\n(Whoa-ho-ho-ho-ho-ho, oh now, woo-woo, yeah, settle for)\nSettle for my love\n(Settle for my love, baby, settle for my kiss)\nSettle for my love\n(Settle for, settle for my love)\nSettle for my love\n(Hey, settle for my, settle, hey, settle for)\nSettle for my love\n(Settle for, hey, settle for, hey, settle for my, hey)\nSettle for my love\n(Ooh-ooh-ooh-hoo, hey, hey, ooh)\nSettle for my love\n(Said now, ooh, hoo, woo-hoo, yeah)\nSettle for my love\n(Ooh, said ooh-ooh-ooh-ooh, mmm, mmm, mhm)\nSettle for my love\n(Ooh, said ooh-dudin-ow, oh, oh, yeah)Embed"
}