{
 "_type": "song",
 "annotation_count": 1,
 "api_path": "/songs/1631974",
 "artist_names": "Walls Of Jericho",
 "full_title": "A Trigger Full Of Promises by\u00a0Walls\u00a0Of Jericho",
 "header_image_thumbnail_url": "https://images.genius.com/4b0eb52017f97d67c9f5352de65f9a82.300x300x1.jpg",
 "header_image_url": "https://images.genius.com/4b0eb52017f97d67c9f5352de65f9a82.300x300x1.jpg",
 "id": 1631974,
 "instrumental": false,
 "lyrics_owner_id": 9366852,
 "lyrics_state": "complete",
 "lyrics_updated_at": 1636708202,
 "path": "/Walls-of-jericho-a-trigger-full-of-promises-lyrics",
 "pyongs_count": null,
 "relationships_index_url": "https://genius.com/Walls-of-jericho-a-trigger-full-of-promises-sample",
 "release_date_components": {
  "year": 2006,
  "month": 4,
  "day": 11
 },
 "release_date_for_display": "April 11, 2006",
 "release_date_with_abbreviated_month_for_display": "Apr. 11, 2006",
 "song_art_image_thumbnail_url": "https://images.genius.com/4b0eb52017f97d67c9f5352de65f9a82.300x300x1.jpg",
 "song_art_image_url": "https://images.genius.com/4b0eb52017f97d67c9f5352de65f9a82.300x300x1.jpg",
 "stats": {
  "unreviewed_annotations": 0,
  "hot": false
 },
 "title": "A Trigger Full Of Promises",
 "title_with_featured": "A Trigger Full Of Promises",
 "updated_by_human_at": 1637499282,
 "url": "https://genius.com/Walls-of-jericho-a-trigger-full-of-promises-lyrics",
 "featured_artists": [],
 "primary_artist": {
  "_type": "artist",
  "api_path": "/artists/356753",
  "header_image_url": "https://images.genius.com/1f9d0d743a83d3f720c78be84798e7b9.1000x1000x1.png",
  "id": 356753,
  "image_url": "https://images.genius.com/b68262c06b0183c0e264517f3b518a34.696x696x1.jpg",
  "index_character": "w",
  "is_meme_verified": false,
  "is_verified": false,
  "name": "Walls Of Jericho",
  "slug": "Walls-of-jericho",
  "url": "https://genius.com/artists/Walls-of-jericho"
 },
 "artist": "Walls Of Jericho",
 "lyrics": "3 ContributorsA Trigger Full Of Promises LyricsDo you forgive me?\nYou never lost your sight\nSo scream your heart out\nTo reject one more time\n\nThis tragic, need for hope\nWon't give up\nIt's what, keeps us alive\nNow who will survive\nIn this game of chess\nNow hold out your hand\nAnd give me\nThis final kiss\n\nIf I load this gun, would you hold in your heart and give your life for love?\n\nSo bleed (so bleed)\nThis hate (this hate)\nWith me\nAnd fight these broken dreams\n\nIf I load this gun, would you give your life for love?\n\nSo bleed (so bleed)\nThis hate (this hate)\nWith me\nAnd fight these broken dreams!\nYou might also likeThis is more than hopeless romantics\nI will never let it die\nI walk the line\nAnd your daybreak eyes\nThe whispers\nAnd the brand new scars\nThe brand new scars\n\nDo you forgive me?\nWe will never let this die\nWe scream our hearts out\nTo reject one more time\n\nIf I load this gun, could you hold it to your heart and give your life, your love?\n\nSo bleed\nThis hate\nWith me\nAnd fight these broken dreams\n\nSo bleed\nThis hate\nAnd fight these broken dreams\n\nIf I load this gun will you hold it to your heart and give your life for love?\nSo bleed (so bleed)\nThis hate (this hate)\nWith me\nAnd fight these broken dreams\nAnd fight these broken dreams\n\nAnd fight\nFight\nFight\nFight\nFight\n\nThese broken dreamsEmbed"
}