{
 "_type": "song",
 "annotation_count": 1,
 "api_path": "/songs/1184197",
 "artist_names": "Lucinda Williams",
 "full_title": "Kiss Like Your Kiss by\u00a0Lucinda\u00a0Williams",
 "header_image_thumbnail_url": "https://images.genius.com/29b233e63107b6b2ae6b447a590281fc.300x300x1.jpg",
 "header_image_url": "https://images.genius.com/29b233e63107b6b2ae6b447a590281fc.400x400x1.jpg",
 "id": 1184197,
 "instrumental": false,
 "lyrics_owner_id": 1549345,
 "lyrics_state": "complete",
 "lyrics_updated_at": 1429685380,
 "path": "/Lucinda-williams-kiss-like-your-kiss-lyrics",
 "pyongs_count": null,
 "relationships_index_url": "https://genius.com/Lucinda-williams-kiss-like-your-kiss-sample",
 "release_date_components": {
  "year": 2011,
  "month": 3,
  "day": 1
 },
 "release_date_for_display": "March 1, 2011",
 "release_date_with_abbreviated_month_for_display": "Mar. 1, 2011",
 "song_art_image_thumbnail_url": "https://images.genius.com/29b233e63107b6b2ae6b447a590281fc.300x300x1.jpg",
 "song_art_image_url": "https://images.genius.com/29b233e63107b6b2ae6b447a590281fc.400x400x1.jpg",
 "stats": {
  "unreviewed_annotations": 0,
  "hot": false
 },
 "title": "Kiss Like Your Kiss",
 "title_with_featured": "Kiss Like Your Kiss",
 "updated_by_human_at": 1592500942,
 "url": "https://genius.com/Lucinda-williams-kiss-like-your-kiss-lyrics",
 "featured_artists": [],
 "primary_artist": {
  "_type": "artist",
  "api_path": "/artists/226120",
  "header_image_url": "https://images.genius.com/04c0a66743076c9ab313c7c9ed78c014.547x547x1.png",
  "id": 226120,
  "image_url": "https://images.genius.com/04c0a66743076c9ab313c7c9ed78c014.547x547x1.png",
  "index_character": "l",
  "is_meme_verified": false,
  "is_verified": false,
  "name": "Lucinda Williams",
  "slug": "Lucinda-williams",
  "url": "https://genius.com/artists/Lucinda-williams"
 },
 "artist": "Lucinda Williams",
 "lyrics": "3 ContributorsKiss Like Your Kiss LyricsThere'll never be a spring so perfect again\nWe'll never see a yellow so rich\nThe grass will never be quite as green\nAnd there will never be a kiss like your kiss\n\nThere will never be a summer so complete\nWe'll never see a palette like this\nThe berries will never taste as sweet\nThere will never be a kiss like your kiss\n\nThere will never be an autumn so vivid and warm\nSo rare, so gold and so crisp\nWe'll never see it colored in aubergine\nThere will never be a kiss like your kiss\n\nThere'll never be a winter quite so true\nWhen the sky is painted with gifts\nAnd there'll never be a moon so full and blue\nThere will never be a kiss like your kiss\nThere will never be a kiss like your kissSee Lucinda Williams LiveGet tickets as low as $69You might also likeEmbed"
}