{
 "_type": "song",
 "annotation_count": 14,
 "api_path": "/songs/73315",
 "artist_names": "Red Hot Chili Peppers",
 "full_title": "Scar Tissue by\u00a0Red\u00a0Hot Chili Peppers",
 "header_image_thumbnail_url": "https://images.genius.com/829b9657aa704020a959c959aee99315.300x300x1.jpg",
 "header_image_url": "https://images.genius.com/829b9657aa704020a959c959aee99315.1000x1000x1.jpg",
 "id": 73315,
 "instrumental": false,
 "lyrics_owner_id": 11524,
 "lyrics_state": "complete",
 "lyrics_updated_at": 1685326555,
 "path": "/Red-hot-chili-peppers-scar-tissue-lyrics",
 "pyongs_count": 95,
 "relationships_index_url": "https://genius.com/Red-hot-chili-peppers-scar-tissue-sample",
 "release_date_components": {
  "year": 1999,
  "month": 5,
  "day": 25
 },
 "release_date_for_display": "May 25, 1999",
 "release_date_with_abbreviated_month_for_display": "May. 25, 1999",
 "song_art_image_thumbnail_url": "https://images.genius.com/5bf6094c9bd6e9cbb09cf9a8b0ad8e72.300x251x1.jpg",
 "song_art_image_url": "https://images.genius.com/5bf6094c9bd6e9cbb09cf9a8b0ad8e72.300x251x1.jpg",
 "stats": {
  "unreviewed_annotations": 4,
  "hot": false,
  "pageviews": 732252
 },
 "title": "Scar Tissue",
 "title_with_featured": "Scar Tissue",
 "updated_by_human_at": 1687025975,
 "url": "https://genius.com/Red-hot-chili-peppers-scar-tissue-lyrics",
 "featured_artists": [],
 "primary_artist": {
  "_type": "artist",
  "api_path": "/artists/1460",
  "header_image_url": "https://images.genius.com/6e77d524b2ef67ee3335e5051f68d03d.1000x667x1.jpg",
  "id": 1460,
  "image_url": "https://images.genius.com/820be47c04f1906ec5b8e73eeda9f2f4.1000x1000x1.jpg",
  "index_character": "r",
  "is_meme_verified": false,
  "is_verified": false,
  "name": "Red Hot Chili Peppers",
  "slug": "Red-hot-chili-peppers",
  "url": "https://genius.com/artists/Red-hot-chili-peppers"
 },
 "artist": "Red Hot Chili Peppers",
 "lyrics": "79 ContributorsTranslationsPortugu\u00easScar Tissue Lyrics[Verse 1]\nScar tissue that I wish you saw\nSarcastic mister know-it-all\nClose your eyes and I'll kiss you\n'Cause with the birds I'll share\n\n[Chorus]\nWith the birds, I'll share this lonely view\nWith the birds, I'll share this lonely view\n\n[Verse 2]\nAh, push me up against the wall\nYoung Kentucky girl in a push-up bra\nAh, fallin' all over myself\nTo lick your heart and taste your health, 'cause\n\n[Chorus]\nWith the birds (Share this lone\u2014), I'll share this lonely view\nWith the birds (Share this lone\u2014), I'll share this lonely view\nWith the birds (Share this lone\u2014), I'll share this lonely view\n\n[Verse 3]\nBlood loss in a bathroom stall\nA southern girl with a scarlet drawl\nI wave good-bye to Ma and Pa\n'Cause with the birds I'll share\nSee Red Hot Chili Peppers LiveGet tickets as low as $57You might also like[Chorus]\nWith the birds (Share this lonely), I'll share this lonely view\nWith the birds (Share this lonely), I'll share this lonely view\n\n[Verse 4]\nSoft-spoken with a broken jaw\nStep outside but not to brawl and\nAutumn's sweet, we call it fall\nI'll make it to the moon if I have to crawl and\n\n[Chorus]\n(I will share this lonely)\nWith the birds, I'll share this lonely view\n(I will share this lonely)\nWith the birds, I'll share this lonely view\n(I will share this lonely)\nWith the birds, I'll share this lonely view\n\n[Instrumental Break]\n\n[Verse 1]\nScar tissue that I wish you saw\nSarcastic mister know-it-all\nClose your eyes and I'll kiss you\n'Cause with the birds I'll share\n[Chorus]\n(I will share this lonely)\nWith the birds, I'll share this lonely view\n(I will share this lonely)\nWith the birds, I'll share this lonely view\n(I will share this lonely)\nWith the birds, I'll share this lonely view\n\n[Guitar Solo]95Embed"
}