{
 "_type": "song",
 "annotation_count": 7,
 "api_path": "/songs/510203",
 "artist_names": "Chevelle",
 "full_title": "Send the Pain Below by\u00a0Chevelle",
 "header_image_thumbnail_url": "https://images.genius.com/50037488cab0b3babe1c993c55b2f918.300x300x1.png",
 "header_image_url": "https://images.genius.com/50037488cab0b3babe1c993c55b2f918.877x877x1.png",
 "id": 510203,
 "instrumental": false,
 "lyrics_owner_id": 1077573,
 "lyrics_state": "complete",
 "lyrics_updated_at": 1612185129,
 "path": "/Chevelle-send-the-pain-below-lyrics",
 "pyongs_count": 7,
 "relationships_index_url": "https://genius.com/Chevelle-send-the-pain-below-sample",
 "release_date_components": {
  "year": 2002,
  "month": 10,
  "day": 8
 },
 "release_date_for_display": "October 8, 2002",
 "release_date_with_abbreviated_month_for_display": "Oct. 8, 2002",
 "song_art_image_thumbnail_url": "https://images.genius.com/9e44f7bbed1879473da2bab023ec7b69.300x300x1.png",
 "song_art_image_url": "https://images.genius.com/9e44f7bbed1879473da2bab023ec7b69.877x877x1.png",
 "stats": {
  "unreviewed_annotations": 7,
  "hot": false,
  "pageviews": 42147
 },
 "title": "Send the Pain Below",
 "title_with_featured": "Send the Pain Below",
 "updated_by_human_at": 1692727906,
 "url": "https://genius.com/Chevelle-send-the-pain-below-lyrics",
 "featured_artists": [],
 "primary_artist": {
  "_type": "artist",
  "api_path": "/artists/26718",
  "header_image_url": "https://images.genius.com/540366be6d5638c526aa7791f1efa033.960x960x1.jpg",
  "id": 26718,
  "image_url": "https://images.genius.com/2bcb6f63fe23883fe74885bbb9246c19.1000x1000x1.jpg",
  "index_character": "c",
  "is_meme_verified": false,
  "is_verified": false,
  "name": "Chevelle",
  "slug": "Chevelle",
  "url": "https://genius.com/artists/Chevelle"
 },
 "artist": "Chevelle",
 "lyrics": "24 ContributorsSend the Pain Below Lyrics[Verse 1]\nI liked having hurt\nSo send the pain below, where I need it\nYou used to beg me to take care of things\nAnd smile at the thought of me failing\nBut long before having hurt\nI'd send the pain below\nI'd send the pain below\n\n[Chorus]\nMuch like suffocating\nMuch like suffocating\nMuch like suffocating\n(I'd send the pain below)\nMuch like suffocating\n(I'd send the pain below)\n\n[Verse 2]\nYou used to run me away\nAll while laughing\nThen cry about that fact\n'Til I returned\nBut long before having hurt\nI'd send the pain below\nI'd send the pain below\nYou might also like[Chorus]\nMuch like suffocating\nMuch like suffocating\nMuch like suffocating\n(I'd send the pain below)\nMuch like suffocating\n(I'd send the pain below)\nMuch like suffocating\n\n[Bridge]\nI can't feel my chest\nNeed more\nDrop down\nClosing in\nI can't feel my chest\nDrop down\n\n[Chorus]\nI liked having hurt\nSo send the pain below\nSo send the pain below\n(Much like suffocating)\nI liked\nSo send the pain below\n(Much like suffocating)\nHaving hurt\nSo send the pain below\n(Much like suffocating)\nSo send the pain below\n(Much like suffocating)\nSo send the pain below7Embed"
}