{
 "_type": "song",
 "annotation_count": 1,
 "api_path": "/songs/1795867",
 "artist_names": "Los \u00c1ngeles Negros",
 "full_title": "A Ti by\u00a0Los\u00a0\u00c1ngeles Negros",
 "header_image_thumbnail_url": "https://images.genius.com/20c2f7e544cbde2e8d9138ee0d74bb20.300x300x1.jpg",
 "header_image_url": "https://images.genius.com/20c2f7e544cbde2e8d9138ee0d74bb20.482x482x1.jpg",
 "id": 1795867,
 "instrumental": false,
 "lyrics_owner_id": 1549345,
 "lyrics_state": "complete",
 "lyrics_updated_at": 1431531001,
 "path": "/Los-angeles-negros-a-ti-lyrics",
 "pyongs_count": null,
 "relationships_index_url": "https://genius.com/Los-angeles-negros-a-ti-sample",
 "release_date_components": null,
 "release_date_for_display": null,
 "release_date_with_abbreviated_month_for_display": null,
 "song_art_image_thumbnail_url": "https://images.genius.com/20c2f7e544cbde2e8d9138ee0d74bb20.300x300x1.jpg",
 "song_art_image_url": "https://images.genius.com/20c2f7e544cbde2e8d9138ee0d74bb20.482x482x1.jpg",
 "stats": {
  "unreviewed_annotations": 0,
  "hot": false
 },
 "title": "A Ti",
 "title_with_featured": "A Ti",
 "updated_by_human_at": 1445441784,
 "url": "https://genius.com/Los-angeles-negros-a-ti-lyrics",
 "featured_artists": [],
 "primary_artist": {
  "_type": "artist",
  "api_path": "/artists/40573",
  "header_image_url": "https://images.genius.com/20c2f7e544cbde2e8d9138ee0d74bb20.482x482x1.jpg",
  "id": 40573,
  "image_url": "https://images.genius.com/20c2f7e544cbde2e8d9138ee0d74bb20.482x482x1.jpg",
  "index_character": "l",
  "is_meme_verified": false,
  "is_verified": false,
  "name": "Los \u00c1ngeles Negros",
  "slug": "Los-angeles-negros",
  "url": "https://genius.com/artists/Los-angeles-negros"
 },
 "artist": "Los \u00c1ngeles Negros",
 "lyrics": "1 ContributorA Ti LyricsA ti que de todo te r\u00edes, y que nunca piensas\nY que vives esperando que otros, arreglen las cosas\nMientras tu disfrutas, de lo que ellos consiguen\n\nYo traigo la verdad en mi palabra\nVengo a decirte de un ni\u00f1o sin abrigo\nVengo a decirte que hay inviernos que nos muerden\nDe la falta de un amigo\n\nVengo a contarte que hay luces que nos hieren\nQue existen noches sin whiskys ni placeres\nVengo a decirte que esta cerca tu condena\nHoy una madre muri\u00f3 de pena\n\nD\u00e9jame cantar tengo verg\u00fcenza\nDe ser humano como tu y en tu presencia\nDescubrirme a mi mismo en tu figura\nQue poca cosa somos sin ternura\n\nA ti que a\u00fan puedes re\u00edr, tan solo vengo a pedirte\nUn peque\u00f1o favor, que me des un minuto\nDe tu tiempo mejor para darte lo m\u00edo\nEn mi, mejor canci\u00f3n\n\nYo traigo la verdad en mi palabra\nVengo a decirte de un ni\u00f1o sin abrigo\nVengo a decirte que hay inviernos que nos muerden\nDe la falta de un amigo\nYou might also likeVengo a contarte que hay luces que nos hieren\nQue existen noches sin whiskys ni placeres\nVengo a decirte que esta cerca tu condena\nHoy una madre muri\u00f3 de pena\n\nD\u00e9jame cantar tengo verg\u00fcenza\nDe ser humano como tu y en tu presencia\nDescubrirme a mi mismo en tu figura\nQue poca cosa somos sin ternuraEmbed"
}