{
 "_type": "song",
 "annotation_count": 1,
 "api_path": "/songs/1836309",
 "artist_names": "Grupo Bryndis",
 "full_title": "As\u00ed Es El Amor by\u00a0Grupo\u00a0Bryndis",
 "header_image_thumbnail_url": "https://images.genius.com/e0c8bc2d9f3a6e9dde370172a446621a.300x300x1.jpg",
 "header_image_url": "https://images.genius.com/e0c8bc2d9f3a6e9dde370172a446621a.500x500x1.jpg",
 "id": 1836309,
 "instrumental": false,
 "lyrics_owner_id": 1549345,
 "lyrics_state": "complete",
 "lyrics_updated_at": 1431627398,
 "path": "/Grupo-bryndis-asi-es-el-amor-lyrics",
 "pyongs_count": null,
 "relationships_index_url": "https://genius.com/Grupo-bryndis-asi-es-el-amor-sample",
 "release_date_components": {
  "year": 1997,
  "month": null,
  "day": null
 },
 "release_date_for_display": "1997",
 "release_date_with_abbreviated_month_for_display": "1997",
 "song_art_image_thumbnail_url": "https://images.genius.com/e0c8bc2d9f3a6e9dde370172a446621a.300x300x1.jpg",
 "song_art_image_url": "https://images.genius.com/e0c8bc2d9f3a6e9dde370172a446621a.500x500x1.jpg",
 "stats": {
  "unreviewed_annotations": 0,
  "hot": false
 },
 "title": "As\u00ed Es El Amor",
 "title_with_featured": "As\u00ed Es El Amor",
 "updated_by_human_at": 1641673126,
 "url": "https://genius.com/Grupo-bryndis-asi-es-el-amor-lyrics",
 "featured_artists": [],
 "primary_artist": {
  "_type": "artist",
  "api_path": "/artists/354121",
  "header_image_url": "https://images.genius.com/e1b9bc80de1a5e05fda4783684b8bf22.1000x1000x1.jpg",
  "id": 354121,
  "image_url": "https://images.genius.com/e1b9bc80de1a5e05fda4783684b8bf22.1000x1000x1.jpg",
  "index_character": "g",
  "is_meme_verified": false,
  "is_verified": false,
  "name": "Grupo Bryndis",
  "slug": "Grupo-bryndis",
  "url": "https://genius.com/artists/Grupo-bryndis"
 },
 "artist": "Grupo Bryndis",
 "lyrics": "2 ContributorsAs\u00ed Es El Amor LyricsElla es aun muy joven\nApenas sus dies y seis\nEl mucho mayor que ella\nCon casi sus treinta y tres\nElla con su inosencia de ni\u00f1a a el conquisto\nEl no se dio ni cuenta que de ella se enamoro\n\nEl amor nos puede aser sufrir\nPor que el pertenese a otra mujer\nElla comiensa a vivir y el la empiesa a querer\n\nEl amor asi es el amor\nNos hace sufrir y llorar\nCuando se ama de verdad y se entrega el corazonYou might also likeEmbed"
}