{
 "_type": "song",
 "annotation_count": 1,
 "api_path": "/songs/1149165",
 "artist_names": "Jo Dee Messina",
 "full_title": "Silent Night by\u00a0Jo\u00a0Dee Messina",
 "header_image_thumbnail_url": "https://images.genius.com/e747ec4b73323b1d895597b1749e40f9.300x300x1.jpg",
 "header_image_url": "https://images.genius.com/e747ec4b73323b1d895597b1749e40f9.355x355x1.jpg",
 "id": 1149165,
 "instrumental": false,
 "lyrics_owner_id": 1549345,
 "lyrics_state": "complete",
 "lyrics_updated_at": 1429668767,
 "path": "/Jo-dee-messina-silent-night-lyrics",
 "pyongs_count": null,
 "relationships_index_url": "https://genius.com/Jo-dee-messina-silent-night-sample",
 "release_date_components": null,
 "release_date_for_display": null,
 "release_date_with_abbreviated_month_for_display": null,
 "song_art_image_thumbnail_url": "https://images.genius.com/e747ec4b73323b1d895597b1749e40f9.300x300x1.jpg",
 "song_art_image_url": "https://images.genius.com/e747ec4b73323b1d895597b1749e40f9.355x355x1.jpg",
 "stats": {
  "unreviewed_annotations": 0,
  "hot": false
 },
 "title": "Silent Night",
 "title_with_featured": "Silent Night",
 "updated_by_human_at": 1480538243,
 "url": "https://genius.com/Jo-dee-messina-silent-night-lyrics",
 "featured_artists": [],
 "primary_artist": {
  "_type": "artist",
  "api_path": "/artists/257237",
  "header_image_url": "https://images.genius.com/3ac972bad2aa991319db37ac0678b660.851x315x1.png",
  "id": 257237,
  "image_url": "https://images.genius.com/d12206572ee1ab8aa710b31acd3e9692.694x694x1.jpg",
  "index_character": "j",
  "is_meme_verified": false,
  "is_verified": false,
  "name": "Jo Dee Messina",
  "slug": "Jo-dee-messina",
  "url": "https://genius.com/artists/Jo-dee-messina"
 },
 "artist": "Jo Dee Messina",
 "lyrics": "1 ContributorSilent Night LyricsSilent night, holy night\nAll is calm, all is bright\nRound yon virgin Mother and child\nHoly infant so tender and mild\nSleep in heavenly peace\nSleep in heavenly peace\n\nSilent night, holy night\nShepherds quake at the sight\nGlories stream from heaven afar\nHeav'nly hosts sing Allelujah\n\nChrist the Savior is born\nChrist the Savior is born\nSleep in heavenly peaceYou might also likeEmbed"
}