{
 "_type": "song",
 "annotation_count": 2,
 "api_path": "/songs/388536",
 "artist_names": "The Cure",
 "full_title": "Prayers for Rain by\u00a0The\u00a0Cure",
 "header_image_thumbnail_url": "https://images.genius.com/662745b6cf527d84bbf00106949b867e.300x300x1.jpg",
 "header_image_url": "https://images.genius.com/662745b6cf527d84bbf00106949b867e.873x873x1.jpg",
 "id": 388536,
 "instrumental": false,
 "lyrics_owner_id": 354382,
 "lyrics_state": "complete",
 "lyrics_updated_at": 1612465038,
 "path": "/The-cure-prayers-for-rain-lyrics",
 "pyongs_count": 5,
 "relationships_index_url": "https://genius.com/The-cure-prayers-for-rain-sample",
 "release_date_components": {
  "year": 1989,
  "month": 5,
  "day": 2
 },
 "release_date_for_display": "May 2, 1989",
 "release_date_with_abbreviated_month_for_display": "May. 2, 1989",
 "song_art_image_thumbnail_url": "https://images.genius.com/662745b6cf527d84bbf00106949b867e.300x300x1.jpg",
 "song_art_image_url": "https://images.genius.com/662745b6cf527d84bbf00106949b867e.873x873x1.jpg",
 "stats": {
  "unreviewed_annotations": 0,
  "hot": false,
  "pageviews": 31270
 },
 "title": "Prayers for Rain",
 "title_with_featured": "Prayers for Rain",
 "updated_by_human_at": 1649943066,
 "url": "https://genius.com/The-cure-prayers-for-rain-lyrics",
 "featured_artists": [],
 "primary_artist": {
  "_type": "artist",
  "api_path": "/artists/15758",
  "header_image_url": "https://images.genius.com/cd329cd267a717821150770e9f47e920.1000x600x1.jpg",
  "id": 15758,
  "image_url": "https://images.genius.com/a0eeac26e313b49cc558102ed0a5622b.640x640x1.jpg",
  "index_character": "c",
  "is_meme_verified": false,
  "is_verified": false,
  "name": "The Cure",
  "slug": "The-cure",
  "url": "https://genius.com/artists/The-cure"
 },
 "artist": "The Cure",
 "lyrics": "18 ContributorsPrayers for Rain Lyrics[Verse 1]\nYou shatter me, your grip on me\nA hold on me so dull it kills\nYou stifle me, infectious sense\nOf hopelessness and prayers for rain\n\n[Verse 2]\nI suffocate, I breathe in dirt\nAnd nowhere shines but desolate and drab\nThe hours all spent on killing time again\nAll waiting for the rain\n\n[Chorus]\nYou fracture me, your hands on me\nA touch so plain, so stale it kills\nYou strangle me, entangle me\nIn hopelessness and prayers for rain\n\n[Verse 3]\nI deteriorate, I live in dirt\nAnd nowhere glows but drearily and tired\nThe hours all spent on killing time again\nAll waiting for the rain\n\n[Chorus]\nYou fracture me, your hands on me\nA touch so plain, so stale it kills\nYou strangle me, entangle me\nIn hopelessness and prayers for rain\nSee The Cure LiveGet tickets as low as $44You might also like[Outro]\nPrayers for rain\nPrayers for rain\nPrayers for rain5Embed"
}