{
 "_type": "song",
 "annotation_count": 1,
 "api_path": "/songs/1746324",
 "artist_names": "Out of Eden",
 "full_title": "O Little Town of Bethlehem by\u00a0Out\u00a0of Eden",
 "header_image_thumbnail_url": "https://images.genius.com/9484357ed1719cd3207bb75bb376f1da.219x219x1.png",
 "header_image_url": "https://images.genius.com/9484357ed1719cd3207bb75bb376f1da.219x219x1.png",
 "id": 1746324,
 "instrumental": false,
 "lyrics_owner_id": 1549345,
 "lyrics_state": "complete",
 "lyrics_updated_at": 1430202463,
 "path": "/Out-of-eden-o-little-town-of-bethlehem-lyrics",
 "pyongs_count": null,
 "relationships_index_url": "https://genius.com/Out-of-eden-o-little-town-of-bethlehem-sample",
 "release_date_components": null,
 "release_date_for_display": null,
 "release_date_with_abbreviated_month_for_display": null,
 "song_art_image_thumbnail_url": "https://images.genius.com/9484357ed1719cd3207bb75bb376f1da.219x219x1.png",
 "song_art_image_url": "https://images.genius.com/9484357ed1719cd3207bb75bb376f1da.219x219x1.png",
 "stats": {
  "unreviewed_annotations": 0,
  "hot": false
 },
 "title": "O Little Town of Bethlehem",
 "title_with_featured": "O Little Town of Bethlehem",
 "updated_by_human_at": 1445007016,
 "url": "https://genius.com/Out-of-eden-o-little-town-of-bethlehem-lyrics",
 "featured_artists": [],
 "primary_artist": {
  "_type": "artist",
  "api_path": "/artists/358585",
  "header_image_url": "https://images.genius.com/9c2f458a12b0dc054514b84cb5b83db6.426x195x1.jpg",
  "id": 358585,
  "image_url": "https://images.genius.com/9484357ed1719cd3207bb75bb376f1da.219x219x1.png",
  "index_character": "o",
  "is_meme_verified": false,
  "is_verified": false,
  "name": "Out of Eden",
  "slug": "Out-of-eden",
  "url": "https://genius.com/artists/Out-of-eden"
 },
 "artist": "Out of Eden",
 "lyrics": "1 ContributorO Little Town of Bethlehem LyricsO little town of Bethlehem\nHow still we see the lie!\nAbove thy deep and dreamless sleep\nThe silent stars go by; (go by)\nYet in thy dark streets shineth\nThe everlasting Light;\nThe hopes and fears of all the years\nAre met in thee tonight\n\nO\nAre met in thee tonight\n\nFor Christ is born of Mary\nAnd gathered all above\nWhile mortals sleep, the angels keep\nTheir watch of wondering love\nO morning stars, together\nProclaim the holy birth\nAnd praises sing to God our King\nAnd peace to men on earth!\n\nO\nAnd praises sing to God our King\nAnd peace to men on earth!\n\nLet there be peace on Earth\nAnd let it begin with me\nYou might also likeLet there be peace on Earth\nAnd let it begin right now\n\nPlease, Jesus, You know we need You\nPeace on Earth\nCome and hear us\nAngel voices\nPeace on Earth\nHere and now\n\nAll our hopes and fears in all the years\nAre met in Thee tonight\n\nSo let there be peace tonightEmbed"
}