{
 "_type": "song",
 "annotation_count": 0,
 "api_path": "/songs/789170",
 "artist_names": "Alkaline Trio",
 "full_title": "Burn by\u00a0Alkaline\u00a0Trio",
 "header_image_thumbnail_url": "https://images.genius.com/1f0c7bcdbda581d0c5bd798d3c3a5636.240x240x1.jpg",
 "header_image_url": "https://images.genius.com/1f0c7bcdbda581d0c5bd798d3c3a5636.240x240x1.jpg",
 "id": 789170,
 "instrumental": false,
 "lyrics_owner_id": 7070255,
 "lyrics_state": "complete",
 "lyrics_updated_at": 1654193796,
 "path": "/Alkaline-trio-burn-lyrics",
 "pyongs_count": null,
 "relationships_index_url": "https://genius.com/Alkaline-trio-burn-sample",
 "release_date_components": {
  "year": 2006,
  "month": 2,
  "day": 19
 },
 "release_date_for_display": "February 19, 2006",
 "release_date_with_abbreviated_month_for_display": "Feb. 19, 2006",
 "song_art_image_thumbnail_url": "https://images.genius.com/1f0c7bcdbda581d0c5bd798d3c3a5636.240x240x1.jpg",
 "song_art_image_url": "https://images.genius.com/1f0c7bcdbda581d0c5bd798d3c3a5636.240x240x1.jpg",
 "stats": {
  "unreviewed_annotations": 0,
  "hot": false,
  "pageviews": 5803
 },
 "title": "Burn",
 "title_with_featured": "Burn",
 "updated_by_human_at": 1654193796,
 "url": "https://genius.com/Alkaline-trio-burn-lyrics",
 "featured_artists": [],
 "primary_artist": {
  "_type": "artist",
  "api_path": "/artists/2055",
  "header_image_url": "https://images.genius.com/3db95dc1ac93b0490b432aeda36055c2.972x222x1.jpg",
  "id": 2055,
  "image_url": "https://images.genius.com/e4c6a0e7a762089df08a34443ca616a2.427x427x1.jpg",
  "index_character": "a",
  "is_meme_verified": false,
  "is_verified": false,
  "name": "Alkaline Trio",
  "slug": "Alkaline-trio",
  "url": "https://genius.com/artists/Alkaline-trio"
 },
 "artist": "Alkaline Trio",
 "lyrics": "8 ContributorsBurn Lyrics[Intro]\nThere's a lightning storm each and every night\nCrashing inside you like motorbikes\nWe toss and turn, sleep so loud\nGrind the teeth in our empty mouths\nOur empty...\n\n[Verse 1]\nThere's a forest fire burning bright\nSpreading quickly towards our last rites\nNowhere to run, pointless to hide\nJust lay there and scream, pretending to try\nPretending...\n\n[Chorus]\nIntending to burn, pretending to fight it\nEveryone learns faster on fire\nThings took a turn, lost all desire\nYou live and you burn\nYou live and you burn\n\n[Verse 2]\nThis impending doom is left deep inside\nAnd it's haunting you each and every night\nLike starving wolves counting sheep\nWe close our eyes, pretending to sleep\nDescending...\nSee Alkaline Trio LiveGet tickets as low as $38You might also like[Chorus]\nIntending to burn, pretending to fight it\nEveryone learns faster on fire\nThings took a turn, lost all desire\nYou live and you burn, you live and\n\n[Bridge]\nLike hell, we are anxiously waiting\nLike hell, burning silently strong\nSomehow we fell down by the wayside\nAnd somehow this hell is home\n\n[Chorus]\nAs we burn, pretending to fight it\nEveryone learns faster on fire\nThings took a turn, lost all desire\nYou live and you burn\nYou live and...\n\n[Outro]\nLike hell, we are anxiously waiting\nLike hell, burning silently strong\nSomehow we fell down by the wayside\nAnd somehow this hell is home\nRight now, this hell is my homeEmbed"
}