{
 "_type": "song",
 "annotation_count": 0,
 "api_path": "/songs/1536815",
 "artist_names": "Obituary",
 "full_title": "Slowly We Rot by\u00a0Obituary",
 "header_image_thumbnail_url": "https://images.genius.com/4528fe80d9bec8db8d21c0204fb49c2f.300x300x1.jpg",
 "header_image_url": "https://images.genius.com/4528fe80d9bec8db8d21c0204fb49c2f.1000x1000x1.jpg",
 "id": 1536815,
 "instrumental": false,
 "lyrics_owner_id": 7373605,
 "lyrics_state": "complete",
 "lyrics_updated_at": 1683594929,
 "path": "/Obituary-slowly-we-rot-lyrics",
 "pyongs_count": null,
 "relationships_index_url": "https://genius.com/Obituary-slowly-we-rot-sample",
 "release_date_components": {
  "year": 1989,
  "month": 6,
  "day": 14
 },
 "release_date_for_display": "June 14, 1989",
 "release_date_with_abbreviated_month_for_display": "Jun. 14, 1989",
 "song_art_image_thumbnail_url": "https://images.genius.com/4528fe80d9bec8db8d21c0204fb49c2f.300x300x1.jpg",
 "song_art_image_url": "https://images.genius.com/4528fe80d9bec8db8d21c0204fb49c2f.1000x1000x1.jpg",
 "stats": {
  "unreviewed_annotations": 0,
  "hot": false,
  "pageviews": 9718
 },
 "title": "Slowly We Rot",
 "title_with_featured": "Slowly We Rot",
 "updated_by_human_at": 1683586874,
 "url": "https://genius.com/Obituary-slowly-we-rot-lyrics",
 "featured_artists": [],
 "primary_artist": {
  "_type": "artist",
  "api_path": "/artists/344004",
  "header_image_url": "https://images.genius.com/fed1e05e4735a38efa427b86c9d9a8dd.1000x417x1.png",
  "id": 344004,
  "image_url": "https://images.genius.com/cec7108e157df88a4669523624e787d9.1000x1000x1.jpg",
  "index_character": "o",
  "is_meme_verified": false,
  "is_verified": false,
  "name": "Obituary",
  "slug": "Obituary",
  "url": "https://genius.com/artists/Obituary"
 },
 "artist": "Obituary",
 "lyrics": "6 ContributorsSlowly We Rot Lyrics[Intro]\nKill all!\nFight death!\nLesions\nFighting love\n\n[Guitar Solo]\n\n[Verse 1]\nFight them all in a living hell\nSlowly rot and you die\nYou fight death as you\nSlowly realize\nKill them all, fight death\nAnd slowly read in the love\nFight them all, join me\nSlowly we rot\nSlowly we rot!\n\n[Verse 2]\nDead to all, fighting as you\nSlowly read in your love\nFighting the sword\nThe sword is your plow\nDead to all, fighting as you're\nSlowly rotting in hell\nFight them all, join me\nSlowly we dwell\nSlowly we dwell!\nYou might also like[Bridge]\nDecharge!\n\n[Guitar Solo]\n\n[Outro]\nRot!Embed"
}