{
 "_type": "song",
 "annotation_count": 1,
 "api_path": "/songs/855832",
 "artist_names": "Andy Williams",
 "full_title": "Silent Night by\u00a0Andy\u00a0Williams",
 "header_image_thumbnail_url": "https://images.genius.com/849af14c07b1ba24a0de0478443e685c.300x300x1.jpg",
 "header_image_url": "https://images.genius.com/849af14c07b1ba24a0de0478443e685c.600x600x1.jpg",
 "id": 855832,
 "instrumental": false,
 "lyrics_owner_id": 1549345,
 "lyrics_state": "complete",
 "lyrics_updated_at": 1429285020,
 "path": "/Andy-williams-silent-night-lyrics",
 "pyongs_count": null,
 "relationships_index_url": "https://genius.com/Andy-williams-silent-night-sample",
 "release_date_components": {
  "year": 1995,
  "month": 6,
  "day": 19
 },
 "release_date_for_display": "June 19, 1995",
 "release_date_with_abbreviated_month_for_display": "Jun. 19, 1995",
 "song_art_image_thumbnail_url": "https://images.genius.com/849af14c07b1ba24a0de0478443e685c.300x300x1.jpg",
 "song_art_image_url": "https://images.genius.com/849af14c07b1ba24a0de0478443e685c.600x600x1.jpg",
 "stats": {
  "unreviewed_annotations": 0,
  "hot": false
 },
 "title": "Silent Night",
 "title_with_featured": "Silent Night",
 "updated_by_human_at": 1618322085,
 "url": "https://genius.com/Andy-williams-silent-night-lyrics",
 "featured_artists": [],
 "primary_artist": {
  "_type": "artist",
  "api_path": "/artists/526003",
  "header_image_url": "https://images.genius.com/fb0104d19f52a9bd0c477a307616c5e8.1000x600x1.jpg",
  "id": 526003,
  "image_url": "https://images.genius.com/ffea53a774874fd997fc4a52f3e0712c.960x960x1.jpg",
  "index_character": "a",
  "is_meme_verified": false,
  "is_verified": false,
  "name": "Andy Williams",
  "slug": "Andy-williams",
  "url": "https://genius.com/artists/Andy-williams"
 },
 "artist": "Andy Williams",
 "lyrics": "4 ContributorsSilent Night LyricsSilent night, holy night\nAll is calm, all is bright\nRound yon Virgin Mother and Child\nHoly Infant so tender and mild\nSleep in heavenly peace\nSleep in heavenly peace\n\nSilent night, holy night\nSon of God, love's pure light\nRadiant beams from Thy holy face\nWith the dawn of redeeming grace\nJesus, Lord, at Thy birth\nJesus, Lord, at Thy birthYou might also likeEmbed"
}