{
 "_type": "song",
 "annotation_count": 3,
 "api_path": "/songs/7750277",
 "artist_names": "Genius Users",
 "full_title": "TheTrueChildProdigy's Listening Log Post-2021 2021 Listening Log by\u00a0Genius\u00a0Users",
 "header_image_thumbnail_url": "https://images.genius.com/06a6907d48a2ab17f6ad831e4973a22a.300x300x1.jpg",
 "header_image_url": "https://images.genius.com/06a6907d48a2ab17f6ad831e4973a22a.1000x1000x1.jpg",
 "id": 7750277,
 "instrumental": false,
 "lyrics_owner_id": 11091096,
 "lyrics_state": "complete",
 "lyrics_updated_at": 1646179821,
 "path": "/Genius-users-thetruechildprodigys-listening-log-post-2021-2021-listening-log-annotated",
 "pyongs_count": null,
 "relationships_index_url": "https://genius.com/Genius-users-thetruechildprodigys-listening-log-post-2021-2021-listening-log-sample",
 "release_date_components": {
  "year": 2022,
  "month": 2,
  "day": 28
 },
 "release_date_for_display": "February 28, 2022",
 "release_date_with_abbreviated_month_for_display": "Feb. 28, 2022",
 "song_art_image_thumbnail_url": "https://images.genius.com/06a6907d48a2ab17f6ad831e4973a22a.300x300x1.jpg",
 "song_art_image_url": "https://images.genius.com/06a6907d48a2ab17f6ad831e4973a22a.1000x1000x1.jpg",
 "stats": {
  "unreviewed_annotations": 3,
  "hot": false
 },
 "title": "TheTrueChildProdigy\u2019s Listening Log Post-2021 2021 Listening Log",
 "title_with_featured": "TheTrueChildProdigy's Listening Log Post-2021 2021 Listening Log",
 "updated_by_human_at": 1646179821,
 "url": "https://genius.com/Genius-users-thetruechildprodigys-listening-log-post-2021-2021-listening-log-annotated",
 "featured_artists": [],
 "primary_artist": {
  "_type": "artist",
  "api_path": "/artists/226635",
  "header_image_url": "https://images.genius.com/24d1831aec98c8a94b5006f4714dab59.1000x439x1.jpg",
  "id": 226635,
  "image_url": "https://images.genius.com/572b51ce3c79ecabece7c4a976ba915f.1000x1000x1.png",
  "index_character": "g",
  "is_meme_verified": false,
  "is_verified": false,
  "name": "Genius Users",
  "slug": "Genius-users",
  "url": "https://genius.com/artists/Genius-users"
 },
 "artist": "Genius Users",
 "lyrics": "1 ContributorTheTrueChildProdigy\u2019s Listening Log Post-2021 2021 Listening Log Lyrics~January~18 The Drug In Me Is You - Falling in Reverse\n(wow i only listened to 1 new album this month)~February~03 From The Cradle To Enslave - Cradle of Filth\n21 Follow the Leader - Korn\n28 Sehnsucht - Rammstein~March~06 Godspeed on the Devil\u2019s Thunder: The Life and Crimes of Gilles de Rais - Cradle of Filth\n14 The Lunar Injection Kool Aid Eclipse Conspiracy - Rob Zombie\n20 Elasticity - Serj Tankain~April~23 Into The Storm (single) - Gojira\n23 Nevermind - Nirvana~May~No new albums~June~16 Nymphetamine - Cradle of Filth\n21 Damnation and a Day - Cradle of Filth~July~No new albums~August~02 Elect The Dead - Serj Tankian\n11 The Elysian Grandeval Gal\u00e8riarch - Infant Annihilator\n21 fleabag - Yungblud\n21 Paranoid - Black Sabbath\n21 ...And I Return to Nothingness - EP - Lorna Shore\n23 Dead Again - Type O Negative~September~02 Going Hunting - Avatar\n02 Barren Cloth Mother - Avatar\n05 When the Kite String Pops - Acid Bath\n06 The Evolution of Tears - The Gentle Men\n12 Use Your Illusion I - Guns N' Roses\n18 Finding Beauty In Negative Spaces - Seether\n26 N / O / I / S / E - Ghostemane~October~02 11 Burial Masses - Cradle of Filth\n24 Existence Is Futile - Cradle of Filth\n30 Evermore Darkly... - Cradle of Filth~November~07 The Nightmare Before Christmas (Original Motion Picture Soundtrack) - Danny Elfman\n07 Baader-Meinhof - Baader-Meinhof\n07 Evil Beneath a Veil of Justice - Baader-Meinhof\n20 Metallica (aka The Black Album) - Metallica\n24 GIANT ROBOT - Buckethead\n25 Master of Reality - Black Sabbath\n27 Construction of Souls - Avatar\n28 Shame - System of a Down\n29 Paegan Terrorism Tactics - Acid Bath~December~05 Monsters & Robots\n07 Transilvanian Hunger - Darkthrone\n09 GENOCIDE - Lil Darkie\n12 Enter The Chicken - Buckethead\n29 Lovecraft & Witch Hearts - Cradle of Filth\n29 Peace Through Superior Firepower (Live In Paris) - Cradle of Filth\n30 Live Bait for the Dead - Cradle of Filth\n31 Cruel and Unusual - AvatarEmbed"
}