{
 "_type": "song",
 "annotation_count": 0,
 "api_path": "/songs/7093140",
 "artist_names": "Bing Crosby (Ft. Guardsmen Quartet)",
 "full_title": "Silent Night by\u00a0Bing\u00a0Crosby (Ft.\u00a0Guardsmen\u00a0Quartet)",
 "header_image_thumbnail_url": "https://images.genius.com/30bde35d6957c9f3ac4e0029916d36cc.300x300x1.jpg",
 "header_image_url": "https://images.genius.com/30bde35d6957c9f3ac4e0029916d36cc.979x979x1.jpg",
 "id": 7093140,
 "instrumental": false,
 "lyrics_owner_id": 2457824,
 "lyrics_state": "complete",
 "lyrics_updated_at": 1628620581,
 "path": "/Bing-crosby-silent-night-lyrics",
 "pyongs_count": null,
 "relationships_index_url": "https://genius.com/Bing-crosby-silent-night-sample",
 "release_date_components": {
  "year": 1935,
  "month": null,
  "day": null
 },
 "release_date_for_display": "1935",
 "release_date_with_abbreviated_month_for_display": "1935",
 "song_art_image_thumbnail_url": "https://images.genius.com/30bde35d6957c9f3ac4e0029916d36cc.300x300x1.jpg",
 "song_art_image_url": "https://images.genius.com/30bde35d6957c9f3ac4e0029916d36cc.979x979x1.jpg",
 "stats": {
  "unreviewed_annotations": 0,
  "hot": false
 },
 "title": "Silent Night",
 "title_with_featured": "Silent Night (Ft.\u00a0Guardsmen\u00a0Quartet)",
 "updated_by_human_at": 1665665958,
 "url": "https://genius.com/Bing-crosby-silent-night-lyrics",
 "featured_artists": [
  {
   "_type": "artist",
   "api_path": "/artists/2841882",
   "header_image_url": "https://assets.genius.com/images/default_avatar_300.png?1699303299",
   "id": 2841882,
   "image_url": "https://assets.genius.com/images/default_avatar_300.png?1699303299",
   "index_character": "g",
   "is_meme_verified": false,
   "is_verified": false,
   "name": "Guardsmen Quartet",
   "slug": "Guardsmen-quartet",
   "url": "https://genius.com/artists/Guardsmen-quartet"
  }
 ],
 "primary_artist": {
  "_type": "artist",
  "api_path": "/artists/30989",
  "header_image_url": "https://images.genius.com/813ca5eb1229e559a7c61fef553222af.594x594x1.jpg",
  "id": 30989,
  "image_url": "https://images.genius.com/813ca5eb1229e559a7c61fef553222af.594x594x1.jpg",
  "index_character": "b",
  "is_meme_verified": false,
  "is_verified": false,
  "name": "Bing Crosby",
  "slug": "Bing-crosby",
  "url": "https://genius.com/artists/Bing-crosby"
 },
 "artist": "Bing Crosby",
 "lyrics": "4 ContributorsSilent Night Lyrics[Verse 1: Bing Crosby]\nSilent night, holy night\nAll is calm and all is bright\nRound yon virgin, mother and child\nHoly infant so tender and mild\nSleep in heavenly peace, sleep in heavenly peace\n\n[Verse 2: Guardsmen Quartet]\nSilent night, holy night\nShepherds quake at the sight\nGlories stream from heaven afar\nHeavenly hosts sing Alleluia\nChrist the Savior is born\nChrist the Savior is born\n\n[Verse 3: Bing Crosby & Guardsmen Quartet]\nSilent night, holy night (Mmm)\nChild of heaven, oh how bright (Mmm)\nThou did smile when thou was born (Mmm)\nBlessed be that happy morn (Mmm)\nAll of heaven rejoice (Ahh)\nAll of heaven rejoice (Ahh)You might also likeEmbed"
}