{
 "_type": "song",
 "annotation_count": 2,
 "api_path": "/songs/359012",
 "artist_names": "Beck",
 "full_title": "Nobody's Fault But My Own by\u00a0Beck",
 "header_image_thumbnail_url": "https://images.genius.com/658097527d975ba15bcaca96999f5f5e.300x300x1.jpg",
 "header_image_url": "https://images.genius.com/658097527d975ba15bcaca96999f5f5e.500x500x1.jpg",
 "id": 359012,
 "instrumental": false,
 "lyrics_owner_id": 360989,
 "lyrics_state": "complete",
 "lyrics_updated_at": 1674253032,
 "path": "/Beck-nobodys-fault-but-my-own-lyrics",
 "pyongs_count": 5,
 "relationships_index_url": "https://genius.com/Beck-nobodys-fault-but-my-own-sample",
 "release_date_components": {
  "year": 1998,
  "month": 11,
  "day": 3
 },
 "release_date_for_display": "November 3, 1998",
 "release_date_with_abbreviated_month_for_display": "Nov. 3, 1998",
 "song_art_image_thumbnail_url": "https://images.genius.com/658097527d975ba15bcaca96999f5f5e.300x300x1.jpg",
 "song_art_image_url": "https://images.genius.com/658097527d975ba15bcaca96999f5f5e.500x500x1.jpg",
 "stats": {
  "unreviewed_annotations": 1,
  "hot": false,
  "pageviews": 11218
 },
 "title": "Nobody\u2019s Fault But My Own",
 "title_with_featured": "Nobody's Fault But My Own",
 "updated_by_human_at": 1694998563,
 "url": "https://genius.com/Beck-nobodys-fault-but-my-own-lyrics",
 "featured_artists": [],
 "primary_artist": {
  "_type": "artist",
  "api_path": "/artists/2073",
  "header_image_url": "https://images.genius.com/e51a50f91141de2e416603d46ef41ed9.1000x600x1.jpg",
  "id": 2073,
  "image_url": "https://images.genius.com/ffc8308e5bc88850b2e8a0234ec8ee3b.320x320x1.jpg",
  "index_character": "b",
  "is_meme_verified": false,
  "is_verified": false,
  "name": "Beck",
  "slug": "Beck",
  "url": "https://genius.com/artists/Beck"
 },
 "artist": "Beck",
 "lyrics": "8 ContributorsNobody\u2019s Fault But My Own Lyrics[Verse 1]\nTreated you like a rusty blade\nA throwaway from an open grave\nCut you loose from a chain gang and let you go\nAnd on the day you said it's true\nSome love holds, some gets used\nTried to tell you I never knew it could be so sweet\n\nWho could ever be so cruel\nBlame the devil for the things you do\n\n[Chorus]\nIt's such a selfish way to lose\nThe way you lose these wasted blues\nThese wasted blues\n\nTell me that it's nobody's fault\nNobody's fault but my own\nTell me that it's nobody's fault\nNobody's fault but my own\n\nTell me that it's nobody's fault\nNobody's fault but my own\nTell me that it's nobody's fault\nNobody's fault but my own\nSee Beck LiveGet tickets as low as $73You might also like[Verse 2]\nWhen the moon is a counterfeit\nBetter find the one that fits\nBetter find the one that lights the way for you\nWhen the road is full of nails\nGarbage pails and darkened jails\nAnd their tongues are full of heartless tales\nThat drain on you\n\nWho would ever notice you?\nYou fade into a shaded room\n\n[Chorus]\nIt's such a selfish way to lose\nThe way you lose these wasted blues\nThese wasted blues\n\nTell me that it's nobody's fault\nNobody's fault but my own\nTell me that it's nobody's fault\nNobody's fault but my own\n\nTell me that it's nobody's fault\nNobody's fault but my own\nTell me that it's nobody's fault\nNobody's fault but my own\nTell me that it's nobody's fault\nNobody's fault but my own\nTell me that it's nobody's fault\nNobody's fault but my own5Embed"
}