{
 "_type": "song",
 "annotation_count": 3,
 "api_path": "/songs/555203",
 "artist_names": "Miike Snow",
 "full_title": "Burial by\u00a0Miike\u00a0Snow",
 "header_image_thumbnail_url": "https://images.genius.com/79ceb7234f416ccd2b2b2efb28e29320.300x300x1.jpg",
 "header_image_url": "https://images.genius.com/79ceb7234f416ccd2b2b2efb28e29320.325x325x1.jpg",
 "id": 555203,
 "instrumental": false,
 "lyrics_owner_id": 1111159,
 "lyrics_state": "complete",
 "lyrics_updated_at": 1682279218,
 "path": "/Miike-snow-burial-lyrics",
 "pyongs_count": 1,
 "relationships_index_url": "https://genius.com/Miike-snow-burial-sample",
 "release_date_components": {
  "year": 2009,
  "month": 5,
  "day": 22
 },
 "release_date_for_display": "May 22, 2009",
 "release_date_with_abbreviated_month_for_display": "May. 22, 2009",
 "song_art_image_thumbnail_url": "https://images.genius.com/79ceb7234f416ccd2b2b2efb28e29320.300x300x1.jpg",
 "song_art_image_url": "https://images.genius.com/79ceb7234f416ccd2b2b2efb28e29320.325x325x1.jpg",
 "stats": {
  "unreviewed_annotations": 3,
  "hot": false
 },
 "title": "Burial",
 "title_with_featured": "Burial",
 "updated_by_human_at": 1682279218,
 "url": "https://genius.com/Miike-snow-burial-lyrics",
 "featured_artists": [],
 "primary_artist": {
  "_type": "artist",
  "api_path": "/artists/17659",
  "header_image_url": "https://images.genius.com/357d7b34c2b2cb3c3861713733f739f2.300x300x1.jpg",
  "id": 17659,
  "image_url": "https://images.genius.com/357d7b34c2b2cb3c3861713733f739f2.300x300x1.jpg",
  "index_character": "m",
  "is_meme_verified": false,
  "is_verified": false,
  "name": "Miike Snow",
  "slug": "Miike-snow",
  "url": "https://genius.com/artists/Miike-snow"
 },
 "artist": "Miike Snow",
 "lyrics": "7 ContributorsBurial Lyrics[Verse 1]\nMisery is all we know lately\nSaturdays are all the same\nSympathy is overrated\nLike a snapshot when you've lost the game\n\n[Pre-Chorus]\nNow it's all a funeral\nI've become a serial killer of us all\nNow it's all a funeral\nI've become a serial killer of us all\n[Chorus]\nNo, I don't wanna get thrown in your ocean\nDon't try, you know that we already know it\nIt's over\nAt your own burial\nDon't forget to cry at your own burial\n\n[Verse 2]\nThinking of my 81st birthday\nEvery day this body goes to waste\nRemembering how I would raise an army\nWhen we went back to your place\n\n[Pre-Chorus]\nNow it's all a funeral\nI've become a serial killer of us all\nNow it's all a funeral\nI've become a serial killer of us all\nYou might also like[Chorus]\nNo, I don't wanna get thrown in your ocean\nDon't try, you know that we already know it\nIt's over\nAt your own burial\nDon't forget to cry at your own burial\nAt your own burial\nDon\u2019t forget to cry at your own burial\n\nAt your own burial\nDon't forget to cry\nAt your own burial1Embed"
}