{
 "_type": "song",
 "annotation_count": 1,
 "api_path": "/songs/82289",
 "artist_names": "Caribou",
 "full_title": "Sun by\u00a0Caribou",
 "header_image_thumbnail_url": "https://images.genius.com/7d5aaad0e629d322b8458f3fccc58475.300x298x1.jpg",
 "header_image_url": "https://images.genius.com/7d5aaad0e629d322b8458f3fccc58475.1000x992x1.jpg",
 "id": 82289,
 "instrumental": false,
 "lyrics_owner_id": 25274,
 "lyrics_state": "complete",
 "lyrics_updated_at": 1602187142,
 "path": "/Caribou-sun-lyrics",
 "pyongs_count": 1,
 "relationships_index_url": "https://genius.com/Caribou-sun-sample",
 "release_date_components": {
  "year": 2010,
  "month": 4,
  "day": 20
 },
 "release_date_for_display": "April 20, 2010",
 "release_date_with_abbreviated_month_for_display": "Apr. 20, 2010",
 "song_art_image_thumbnail_url": "https://images.genius.com/7d5aaad0e629d322b8458f3fccc58475.300x298x1.jpg",
 "song_art_image_url": "https://images.genius.com/7d5aaad0e629d322b8458f3fccc58475.1000x992x1.jpg",
 "stats": {
  "unreviewed_annotations": 0,
  "hot": false
 },
 "title": "Sun",
 "title_with_featured": "Sun",
 "updated_by_human_at": 1652898157,
 "url": "https://genius.com/Caribou-sun-lyrics",
 "featured_artists": [],
 "primary_artist": {
  "_type": "artist",
  "api_path": "/artists/22962",
  "header_image_url": "https://images.genius.com/1cde55c66372acfdf7d5a96cc7e880d7.1000x393x1.png",
  "id": 22962,
  "image_url": "https://images.genius.com/69657dcdd025072521b571c2f2b367e9.1000x1000x1.png",
  "index_character": "c",
  "is_meme_verified": false,
  "is_verified": false,
  "name": "Caribou",
  "slug": "Caribou",
  "url": "https://genius.com/artists/Caribou"
 },
 "artist": "Caribou",
 "lyrics": "4 ContributorsSun Lyrics[Verse 1: Caribou]\n\nSun!You might also like1Embed"
}