{
 "_type": "song",
 "annotation_count": 5,
 "api_path": "/songs/335454",
 "artist_names": "The Clash",
 "full_title": "Hate & War by\u00a0The\u00a0Clash",
 "header_image_thumbnail_url": "https://images.genius.com/7cb0673caa792f5fdabea68b624c8bc1.300x294x1.jpg",
 "header_image_url": "https://images.genius.com/7cb0673caa792f5fdabea68b624c8bc1.500x490x1.jpg",
 "id": 335454,
 "instrumental": false,
 "lyrics_owner_id": 211004,
 "lyrics_state": "complete",
 "lyrics_updated_at": 1687078316,
 "path": "/The-clash-hate-and-war-lyrics",
 "pyongs_count": 2,
 "relationships_index_url": "https://genius.com/The-clash-hate-and-war-sample",
 "release_date_components": {
  "year": 1977,
  "month": 4,
  "day": 8
 },
 "release_date_for_display": "April 8, 1977",
 "release_date_with_abbreviated_month_for_display": "Apr. 8, 1977",
 "song_art_image_thumbnail_url": "https://images.genius.com/7cb0673caa792f5fdabea68b624c8bc1.300x294x1.jpg",
 "song_art_image_url": "https://images.genius.com/7cb0673caa792f5fdabea68b624c8bc1.500x490x1.jpg",
 "stats": {
  "unreviewed_annotations": 2,
  "hot": false,
  "pageviews": 12125
 },
 "title": "Hate & War",
 "title_with_featured": "Hate & War",
 "updated_by_human_at": 1697817147,
 "url": "https://genius.com/The-clash-hate-and-war-lyrics",
 "featured_artists": [],
 "primary_artist": {
  "_type": "artist",
  "api_path": "/artists/648",
  "header_image_url": "https://images.genius.com/6cd9cb3e75708676d0c48b586c7df0c6.820x305x1.jpg",
  "id": 648,
  "image_url": "https://images.genius.com/f22e1da19e62023f606ff53fbd445585.1000x1000x1.jpg",
  "index_character": "c",
  "is_meme_verified": false,
  "is_verified": false,
  "name": "The Clash",
  "slug": "The-clash",
  "url": "https://genius.com/artists/The-clash"
 },
 "artist": "The Clash",
 "lyrics": "18 ContributorsHate & War Lyrics[Intro]\nHate and war\nThe only things we got today\n\n[Verse 1]\nAnd if I close my eyes\nIt will not go away\nYou have to deal with it\nIt is the currency\n\n[Break]\nHate, hate, hate, hate, hate, hate\n\n[Verse 2]\nThe hate of a nation\nA million miles from home\nAnd get war from the junkies\nWho don't like my form\nI'm gonna stay in the city\nEven when the house fall down\nI don't dream of a holiday\nWhen hate and war come around\n\n[Chorus]\nHate and war\nThe only thing we got today\nHate and war\nThe only thing\nYou might also like[Verse 3]\nI have no will to survive\nI cheat if I can't win\nIf someone locks me out\nI kick my way back in\nAnd if I get aggression\nI give it two time back\nEvery day it's just the same\nWith hate and war on my back\n\n[Chorus]\nHate and war (I hate English men)\nHate and war (Just as bad as wops)\nHate and war (I hate all the politeness)\nHate and war (I hate all the cops)\nHate and war (I want to walk down any street)\nHate and war (Dressed like a creep)\nHate and war (I don't care if I get beat up)\nHate and war (By any rotten Greek)2Embed"
}