{
 "_type": "song",
 "annotation_count": 1,
 "api_path": "/songs/1067642",
 "artist_names": "Bowerbirds",
 "full_title": "House of Diamonds by\u00a0Bowerbirds",
 "header_image_thumbnail_url": "https://images.genius.com/e60dca9ee98ebfd7c207009257ded3b1.300x300x1.jpg",
 "header_image_url": "https://images.genius.com/e60dca9ee98ebfd7c207009257ded3b1.1000x1000x1.jpg",
 "id": 1067642,
 "instrumental": false,
 "lyrics_owner_id": 1549345,
 "lyrics_state": "complete",
 "lyrics_updated_at": 1429619140,
 "path": "/Bowerbirds-house-of-diamonds-lyrics",
 "pyongs_count": null,
 "relationships_index_url": "https://genius.com/Bowerbirds-house-of-diamonds-sample",
 "release_date_components": {
  "year": 2009,
  "month": null,
  "day": null
 },
 "release_date_for_display": "2009",
 "release_date_with_abbreviated_month_for_display": "2009",
 "song_art_image_thumbnail_url": "https://images.genius.com/e60dca9ee98ebfd7c207009257ded3b1.300x300x1.jpg",
 "song_art_image_url": "https://images.genius.com/e60dca9ee98ebfd7c207009257ded3b1.1000x1000x1.jpg",
 "stats": {
  "unreviewed_annotations": 0,
  "hot": false
 },
 "title": "House of Diamonds",
 "title_with_featured": "House of Diamonds",
 "updated_by_human_at": 1588258973,
 "url": "https://genius.com/Bowerbirds-house-of-diamonds-lyrics",
 "featured_artists": [],
 "primary_artist": {
  "_type": "artist",
  "api_path": "/artists/332983",
  "header_image_url": "https://images.genius.com/8d3a9f6ff4e50a3229fb01d1f22d0c84.700x250x1.png",
  "id": 332983,
  "image_url": "https://images.genius.com/5631c9dafeaee0d94a154eb4236dd92c.900x900x1.jpg",
  "index_character": "b",
  "is_meme_verified": false,
  "is_verified": false,
  "name": "Bowerbirds",
  "slug": "Bowerbirds",
  "url": "https://genius.com/artists/Bowerbirds"
 },
 "artist": "Bowerbirds",
 "lyrics": "2 ContributorsHouse of Diamonds LyricsOne morning you wake to find\nYou are shackled to your bed\nAnd bound and gagged\nOh my, what a predicament\n\nAnd further, further on\nThe day grows long\nAnd your sister marries a nice young man\nAnd they build a house of diamonds\n\nBut the sun is snuffed by the curtains\nCan someone come untie you?\nBut there is too much work to do\nYes, they all admire you\n\nYou are free\nYou are already free\nYou are already free\n\nYou are free from the greed of your culture\nYou are free from the lust for the luster\nOf the diamond houses in the city's cluster\nFrom your own ego, from your own blunder\n\nYes, you own the stars, you own the thunder\nBut you have to share it all\nYes, you own the stars, you own the thunder\nBut you have to share\nYou might also likeYou are free\nYou are already free\nYou are already freeEmbed"
}