{
 "_type": "song",
 "annotation_count": 1,
 "api_path": "/songs/1246472",
 "artist_names": "Evile",
 "full_title": "Armoured Assault by\u00a0Evile",
 "header_image_thumbnail_url": "https://images.genius.com/7ea82ca672377cf7bf06bc3fdab22652.300x300x1.jpg",
 "header_image_url": "https://images.genius.com/7ea82ca672377cf7bf06bc3fdab22652.1000x1000x1.jpg",
 "id": 1246472,
 "instrumental": false,
 "lyrics_owner_id": 1549345,
 "lyrics_state": "complete",
 "lyrics_updated_at": 1429719207,
 "path": "/Evile-armoured-assault-lyrics",
 "pyongs_count": null,
 "relationships_index_url": "https://genius.com/Evile-armoured-assault-sample",
 "release_date_components": null,
 "release_date_for_display": null,
 "release_date_with_abbreviated_month_for_display": null,
 "song_art_image_thumbnail_url": "https://images.genius.com/7ea82ca672377cf7bf06bc3fdab22652.300x300x1.jpg",
 "song_art_image_url": "https://images.genius.com/7ea82ca672377cf7bf06bc3fdab22652.1000x1000x1.jpg",
 "stats": {
  "unreviewed_annotations": 0,
  "hot": false
 },
 "title": "Armoured Assault",
 "title_with_featured": "Armoured Assault",
 "updated_by_human_at": 1477899357,
 "url": "https://genius.com/Evile-armoured-assault-lyrics",
 "featured_artists": [],
 "primary_artist": {
  "_type": "artist",
  "api_path": "/artists/1024461",
  "header_image_url": "https://images.genius.com/4dc2437a037d755cebff0c55548017ed.1000x562x1.jpg",
  "id": 1024461,
  "image_url": "https://images.genius.com/95a2262b96d5fd7c9321c54da1f6293d.1000x1000x1.jpg",
  "index_character": "e",
  "is_meme_verified": false,
  "is_verified": false,
  "name": "Evile",
  "slug": "Evile",
  "url": "https://genius.com/artists/Evile"
 },
 "artist": "Evile",
 "lyrics": "2 ContributorsArmoured Assault LyricsThunder through the darkness\nThe curse of war has come\nAn armoured force invading\nSerenities undone\nDisciples of pure hatred\nLike lightning they attack\nThe carry a torch of evil\nThe flame that burns black\n\nSigned in blood\nA pact is made\nDestruction and murder has come\nWith blistering pace\nLet battle commence\nArmoured assault has begun\n\nCites burn in flames\nOnly ruins remain\nBlood stains the earth\nDefenders fight in vain\nCrushing all before them\nWith metal armoured might\nFutile prayers for mercy\nUnanswered in the fight\n\nSigned in blood\nA pact is made\nDestruction and murder has come\nWith blistering pace\nLet battle commence\nArmoured assault has begun\nYou might also likeLocked in bitter conflict\nLeg devastation begin\nThe iron fist of evil\nCondemns you and your kin\nDestruction of subhuman race\nInnocents shall die\nThe plague of war corrupts the earth\nThey\u2019re fighting for a lie\n\nSigned in blood\nA pact is made\nDestruction and murder has come\nWith blistering pace\nLet battle commence\nArmoured assault has begunEmbed"
}