{
 "_type": "song",
 "annotation_count": 4,
 "api_path": "/songs/162596",
 "artist_names": "Musiq Soulchild (Ft. Ayana)",
 "full_title": "Girl Next Door by\u00a0Musiq\u00a0Soulchild (Ft.\u00a0Ayana)",
 "header_image_thumbnail_url": "https://images.genius.com/381c33064e5d8dd23e310fdf8de02b7e.300x300x1.jpg",
 "header_image_url": "https://images.genius.com/381c33064e5d8dd23e310fdf8de02b7e.1000x1000x1.jpg",
 "id": 162596,
 "instrumental": false,
 "lyrics_owner_id": 8534,
 "lyrics_state": "complete",
 "lyrics_updated_at": 1464403655,
 "path": "/Musiq-soulchild-girl-next-door-lyrics",
 "pyongs_count": null,
 "relationships_index_url": "https://genius.com/Musiq-soulchild-girl-next-door-sample",
 "release_date_components": {
  "year": 2000,
  "month": 11,
  "day": 14
 },
 "release_date_for_display": "November 14, 2000",
 "release_date_with_abbreviated_month_for_display": "Nov. 14, 2000",
 "song_art_image_thumbnail_url": "https://images.genius.com/381c33064e5d8dd23e310fdf8de02b7e.300x300x1.jpg",
 "song_art_image_url": "https://images.genius.com/381c33064e5d8dd23e310fdf8de02b7e.1000x1000x1.jpg",
 "stats": {
  "unreviewed_annotations": 3,
  "hot": false,
  "pageviews": 6275
 },
 "title": "Girl Next Door",
 "title_with_featured": "Girl Next Door (Ft.\u00a0Ayana)",
 "updated_by_human_at": 1678668857,
 "url": "https://genius.com/Musiq-soulchild-girl-next-door-lyrics",
 "featured_artists": [
  {
   "_type": "artist",
   "api_path": "/artists/10549",
   "header_image_url": "https://assets.genius.com/images/default_avatar_300.png?1699303299",
   "id": 10549,
   "image_url": "https://assets.genius.com/images/default_avatar_300.png?1699303299",
   "index_character": "a",
   "is_meme_verified": false,
   "is_verified": false,
   "name": "Ayana",
   "slug": "Ayana",
   "url": "https://genius.com/artists/Ayana"
  }
 ],
 "primary_artist": {
  "_type": "artist",
  "api_path": "/artists/2605",
  "header_image_url": "https://images.genius.com/cqdz8hnhhs37mvgzqs4zn5wb1.450x600x1.jpg",
  "id": 2605,
  "image_url": "https://images.genius.com/cqdz8hnhhs37mvgzqs4zn5wb1.450x600x1.jpg",
  "index_character": "m",
  "is_meme_verified": false,
  "is_verified": false,
  "name": "Musiq Soulchild",
  "slug": "Musiq-soulchild",
  "url": "https://genius.com/artists/Musiq-soulchild"
 },
 "artist": "Musiq Soulchild",
 "lyrics": "6 ContributorsGirl Next Door Lyrics[Hook: Musiq Soulchild]\nIf I would've knew the girl next door\nWould've been you\nI would've been nice to you\nA little more kind to you\nI would've looked twice at you\nIf I would've knew the girl next door\nWould've been you\nI probably would've shared my grub\nDepending on how close we was\nBy now we would be so in love\n\n[Verse 1: Musiq Soulchild]\nGirl I'm so surprised to see\nThe young, fine woman that you grew up to be\nYour body's banging like a 400-SE\nEven your attitude flows pleasantly\nI remember when you was just Tonya Hall\nA girl that likes to play basketball\nAs far as I was concerned, you were one of my boys\nI never cared about my sex or yours, but...\n\n[Hook: Musiq Soulchild]\nIf I would've knew the girl next door\nWould've been you\nI would've been nice to you\nA little more kind to you\nI would've looked twice at you\nIf I would've knew the girl next door\nWould've been you\nI probably would've shared my grub\nDepending on how close we was\nBy now we would be so in love\nYou might also like[Verse 2: Musiq Soulchild]\nI'm happy to see that you're home from school\nAnd I wanna let you know that I'm proud of you\nEven when we was younger, I admired you\nThat's why I used to always pick fights with you\nI remember when we used to call each other names\nMimic old tv shows and play those childish games\nLike I was your Tarzan and you were my Jane\nCan we do that nowadays?\n\n[Hook: Musiq Soulchild]\nIf I would've knew the girl next door\nWould've been you\nI would've been nice to you\nA little more kind to you\nI would've looked twice at you\nIf I would've knew the girl next door\nWould've been you\nI probably would've shared my grub\nDepending on how close we was\nBy now we would be so in love\n\n[Hook: Ayana]\nIf I would've knew the boy next door would've been you\nI would've been nice to you\nSpent a little time with you\nI would've dressed cuter too\nIf I would've knew the boy next door\nWould've been you\nI would've been on your team\nWhen we played hide and seek\nInstead of you chasing me\n[Bridge: Ayana (& Musiq Soulchild)]\nYou're so fly now\n(Girl stop playing)\nI didn't know you were that guy now\n(Naw I ain't)\nPhat car, phat life\nImpressed I am\nOh maybe we could jam like we used to baby\n\n[Hook: Musiq Soulchild]\nIf I would've knew the girl next door\nWould've been you\nI would've been nice to you\nA little more kind to you\nI would've looked twice at you\nIf I would've knew the girl next door\nWould've been you\nI probably would've shared my grub\nDepending on how close we was\nBy now we would be so in loveEmbed"
}