{
 "_type": "song",
 "annotation_count": 3,
 "api_path": "/songs/107916",
 "artist_names": "The Beatles",
 "full_title": "Her Majesty by\u00a0The\u00a0Beatles",
 "header_image_thumbnail_url": "https://images.genius.com/003c2b3d4b489659367e9fc1c47ffb62.300x300x1.png",
 "header_image_url": "https://images.genius.com/003c2b3d4b489659367e9fc1c47ffb62.1000x1000x1.png",
 "id": 107916,
 "instrumental": false,
 "lyrics_owner_id": 116340,
 "lyrics_state": "complete",
 "lyrics_updated_at": 1699707177,
 "path": "/The-beatles-her-majesty-lyrics",
 "pyongs_count": 12,
 "relationships_index_url": "https://genius.com/The-beatles-her-majesty-sample",
 "release_date_components": {
  "year": 1969,
  "month": 9,
  "day": 26
 },
 "release_date_for_display": "September 26, 1969",
 "release_date_with_abbreviated_month_for_display": "Sep. 26, 1969",
 "song_art_image_thumbnail_url": "https://images.genius.com/003c2b3d4b489659367e9fc1c47ffb62.300x300x1.png",
 "song_art_image_url": "https://images.genius.com/003c2b3d4b489659367e9fc1c47ffb62.1000x1000x1.png",
 "stats": {
  "unreviewed_annotations": 1,
  "hot": false,
  "pageviews": 78679
 },
 "title": "Her Majesty",
 "title_with_featured": "Her Majesty",
 "updated_by_human_at": 1699707177,
 "url": "https://genius.com/The-beatles-her-majesty-lyrics",
 "featured_artists": [],
 "primary_artist": {
  "_type": "artist",
  "api_path": "/artists/586",
  "header_image_url": "https://images.genius.com/817d7fb288bb1c8456140d7e4987e7e7.400x226x148.gif",
  "id": 586,
  "image_url": "https://images.genius.com/2a7afa0442a3805371b018ca29dfdda6.1000x1000x1.jpg",
  "index_character": "b",
  "is_meme_verified": false,
  "is_verified": false,
  "name": "The Beatles",
  "slug": "The-beatles",
  "url": "https://genius.com/artists/The-beatles"
 },
 "artist": "The Beatles",
 "lyrics": "46 ContributorsTranslationsEspa\u00f1olPortugu\u00easHer Majesty Lyrics[Verse 1]\nHer Majesty's a pretty nice girl\nBut she doesn't have a lot to say\nHer Majesty's a pretty nice girl\nBut she changes from day to day\n\n[Verse 2]\nI wanna tell her that I love her a lot\nBut I gotta get a belly full of wine\nHer Majesty's a pretty nice girl\nSomeday, I'm gonna make her mine\nOh yeah, someday I'm gonna make her mineYou might also like12Embed"
}