{
 "_type": "song",
 "annotation_count": 1,
 "api_path": "/songs/793792",
 "artist_names": "No Age",
 "full_title": "Things I Did When I Was Dead by\u00a0No\u00a0Age",
 "header_image_thumbnail_url": "https://images.genius.com/5994a4720dad73320e26ca541e178e45.300x300x1.jpg",
 "header_image_url": "https://images.genius.com/5994a4720dad73320e26ca541e178e45.640x640x1.jpg",
 "id": 793792,
 "instrumental": false,
 "lyrics_owner_id": 1549345,
 "lyrics_state": "complete",
 "lyrics_updated_at": 1429198281,
 "path": "/No-age-things-i-did-when-i-was-dead-lyrics",
 "pyongs_count": null,
 "relationships_index_url": "https://genius.com/No-age-things-i-did-when-i-was-dead-sample",
 "release_date_components": null,
 "release_date_for_display": null,
 "release_date_with_abbreviated_month_for_display": null,
 "song_art_image_thumbnail_url": "https://images.genius.com/5994a4720dad73320e26ca541e178e45.300x300x1.jpg",
 "song_art_image_url": "https://images.genius.com/5994a4720dad73320e26ca541e178e45.640x640x1.jpg",
 "stats": {
  "unreviewed_annotations": 0,
  "hot": false
 },
 "title": "Things I Did When I Was Dead",
 "title_with_featured": "Things I Did When I Was Dead",
 "updated_by_human_at": 1481839474,
 "url": "https://genius.com/No-age-things-i-did-when-i-was-dead-lyrics",
 "featured_artists": [],
 "primary_artist": {
  "_type": "artist",
  "api_path": "/artists/69795",
  "header_image_url": "https://images.genius.com/4c7c4300fb92709cbd66747d8616ef91.975x180x1.png",
  "id": 69795,
  "image_url": "https://images.genius.com/11ca384be21be87cbd7479b14a7dc502.857x857x1.jpg",
  "index_character": "n",
  "is_meme_verified": false,
  "is_verified": false,
  "name": "No Age",
  "slug": "No-age",
  "url": "https://genius.com/artists/No-age"
 },
 "artist": "No Age",
 "lyrics": "1 ContributorThings I Did When I Was Dead LyricsProblems when I wanna see you everyone I knew\nUncle lied and I could die and I said something new\nWould you like the things I saw and bring you too\nI should tell me more I'd like to see me I know where I would\n\nOooooooooooh\n\nI went down my war I shoots and I take everyone\nParties like my policy and I take where I'm some\nDamaged like my every thoughts and when you talk I do\nThings I did when I was dead and everyone loves you\n\nOoooooooooohYou might also likeEmbed"
}