{
 "_type": "song",
 "annotation_count": 0,
 "api_path": "/songs/79181",
 "artist_names": "The Grateful Dead",
 "full_title": "Till the Morning Comes by\u00a0The\u00a0Grateful Dead",
 "header_image_thumbnail_url": "https://images.genius.com/bb78204372254c3a26f43609caad49b8.300x300x1.jpg",
 "header_image_url": "https://images.genius.com/bb78204372254c3a26f43609caad49b8.1000x1000x1.jpg",
 "id": 79181,
 "instrumental": false,
 "lyrics_owner_id": 4123,
 "lyrics_state": "complete",
 "lyrics_updated_at": 1629729242,
 "path": "/The-grateful-dead-till-the-morning-comes-lyrics",
 "pyongs_count": null,
 "relationships_index_url": "https://genius.com/The-grateful-dead-till-the-morning-comes-sample",
 "release_date_components": {
  "year": 1970,
  "month": 11,
  "day": 1
 },
 "release_date_for_display": "November 1, 1970",
 "release_date_with_abbreviated_month_for_display": "Nov. 1, 1970",
 "song_art_image_thumbnail_url": "https://images.genius.com/bb78204372254c3a26f43609caad49b8.300x300x1.jpg",
 "song_art_image_url": "https://images.genius.com/bb78204372254c3a26f43609caad49b8.1000x1000x1.jpg",
 "stats": {
  "unreviewed_annotations": 0,
  "hot": false,
  "pageviews": 6880
 },
 "title": "Till the Morning Comes",
 "title_with_featured": "Till the Morning Comes",
 "updated_by_human_at": 1629729242,
 "url": "https://genius.com/The-grateful-dead-till-the-morning-comes-lyrics",
 "featured_artists": [],
 "primary_artist": {
  "_type": "artist",
  "api_path": "/artists/21900",
  "header_image_url": "https://images.genius.com/2426c533e04a03d504f7799a83648c76.1000x525x1.png",
  "id": 21900,
  "image_url": "https://images.genius.com/18f21c424e2f02f0c9a59c15bac56406.736x736x1.jpg",
  "index_character": "g",
  "is_meme_verified": false,
  "is_verified": false,
  "name": "The Grateful Dead",
  "slug": "The-grateful-dead",
  "url": "https://genius.com/artists/The-grateful-dead"
 },
 "artist": "The Grateful Dead",
 "lyrics": "8 ContributorsTill the Morning Comes Lyrics[Verse 1]\nTill the morning comes, it'll do you fine\nTill the morning comes, like a highway sign\nShowing you the way, leaving no doubt\nOf the way on in or the way back out\n\n[Chorus]\nTell you what I'll do\nI'll watch out for you\nYou're my woman now\nMake yourself easy\nMake yourself easy\nMake yourself easy\n\n[Verse 2]\nTill we all fall down, it'll do you fine\nDon't think about what you left behind\nThe way you came or the way you go\nLet your tracks be lost in the dark and snow\n\n[Chorus]\nTell you what I'll do\nI'll watch out for you\nYou're my woman now\nMake yourself easy\nMake yourself easy\nMake yourself easy\nYou might also like[Verse 3]\nWhen the shadows grow, it'll do you fine\nWhen the cold winds blow, it'll ease your mind\nThe shape it takes could be yours to choose\nWhat you may win, what you may lose\n\n[Chorus]\nTell you what I'll do\nI'll watch out for you\nYou're my woman now\nMake yourself easy\nMake yourself easy\nMake yourself easy\n\n[Outro]\nYou're my woman now\nMake yourself easy\nYou're my woman now\nMake yourself easy\nYou're my woman now\nMake yourself easy\nYou're my woman now\nMake yourself easyEmbed"
}