{
 "_type": "song",
 "annotation_count": 1,
 "api_path": "/songs/1270609",
 "artist_names": "Sarah Vaughan",
 "full_title": "Little Girl Blue by\u00a0Sarah\u00a0Vaughan",
 "header_image_thumbnail_url": "https://images.genius.com/95a4bc8206088512d2906a393faff6c2.300x300x1.jpg",
 "header_image_url": "https://images.genius.com/95a4bc8206088512d2906a393faff6c2.1000x1000x1.jpg",
 "id": 1270609,
 "instrumental": false,
 "lyrics_owner_id": 1549345,
 "lyrics_state": "complete",
 "lyrics_updated_at": 1429734319,
 "path": "/Sarah-vaughan-little-girl-blue-lyrics",
 "pyongs_count": 1,
 "relationships_index_url": "https://genius.com/Sarah-vaughan-little-girl-blue-sample",
 "release_date_components": null,
 "release_date_for_display": null,
 "release_date_with_abbreviated_month_for_display": null,
 "song_art_image_thumbnail_url": "https://images.genius.com/95a4bc8206088512d2906a393faff6c2.300x300x1.jpg",
 "song_art_image_url": "https://images.genius.com/95a4bc8206088512d2906a393faff6c2.1000x1000x1.jpg",
 "stats": {
  "unreviewed_annotations": 0,
  "hot": false
 },
 "title": "Little Girl Blue",
 "title_with_featured": "Little Girl Blue",
 "updated_by_human_at": 1664125692,
 "url": "https://genius.com/Sarah-vaughan-little-girl-blue-lyrics",
 "featured_artists": [],
 "primary_artist": {
  "_type": "artist",
  "api_path": "/artists/90980",
  "header_image_url": "https://images.genius.com/93d1478e0b95b40a6cf3da57e8a5055c.767x900x1.jpg",
  "id": 90980,
  "image_url": "https://images.genius.com/93d1478e0b95b40a6cf3da57e8a5055c.767x900x1.jpg",
  "index_character": "s",
  "is_meme_verified": false,
  "is_verified": false,
  "name": "Sarah Vaughan",
  "slug": "Sarah-vaughan",
  "url": "https://genius.com/artists/Sarah-vaughan"
 },
 "artist": "Sarah Vaughan",
 "lyrics": "2 ContributorsLittle Girl Blue LyricsWhen I was very young\nThe world was younger than I\nAs merry as a carousel\n\nThe circus tent was strung\nWith every star in the sky\nAbove the ring I loved so well\nNow the young world has grown old\nGone are the tinsel and gold\n\nSit there and count your fingers\nWhat can you do?\nOld girl, you're through\nSit there and count your little fingers\nUnlucky, little girl blue\n\nSit there and count the raindrops\nFalling on you\nIt's time you knew\nAll you can count on is the raindrops\nThat fall on little girl blue\n\nNo use, old girl\nYou may as well surrender\nYour hope is getting slender\nWhy won't somebody send a tender\nBlue boy\nTo cheer little girl blue?\nYou might also likeNo use, old girl\nYou may as well surrender\nYour hope is getting slender\nWhy won't somebody send a tender\nBlue boy\nTo cheer little girl blue?1Embed"
}