{
 "_type": "song",
 "annotation_count": 1,
 "api_path": "/songs/1149920",
 "artist_names": "Frankie Ruiz",
 "full_title": "La Rueda by\u00a0Frankie\u00a0Ruiz",
 "header_image_thumbnail_url": "https://images.genius.com/b1d1a6b1323168047ad7897414ee438e.300x300x1.jpg",
 "header_image_url": "https://images.genius.com/b1d1a6b1323168047ad7897414ee438e.953x953x1.jpg",
 "id": 1149920,
 "instrumental": false,
 "lyrics_owner_id": 4156247,
 "lyrics_state": "complete",
 "lyrics_updated_at": 1591314342,
 "path": "/Frankie-ruiz-la-rueda-lyrics",
 "pyongs_count": null,
 "relationships_index_url": "https://genius.com/Frankie-ruiz-la-rueda-sample",
 "release_date_components": null,
 "release_date_for_display": null,
 "release_date_with_abbreviated_month_for_display": null,
 "song_art_image_thumbnail_url": "https://images.genius.com/b1d1a6b1323168047ad7897414ee438e.300x300x1.jpg",
 "song_art_image_url": "https://images.genius.com/b1d1a6b1323168047ad7897414ee438e.953x953x1.jpg",
 "stats": {
  "unreviewed_annotations": 0,
  "hot": false
 },
 "title": "La Rueda",
 "title_with_featured": "La Rueda",
 "updated_by_human_at": 1591314342,
 "url": "https://genius.com/Frankie-ruiz-la-rueda-lyrics",
 "featured_artists": [],
 "primary_artist": {
  "_type": "artist",
  "api_path": "/artists/364246",
  "header_image_url": "https://images.genius.com/23c914b056a96fdab054f1ee46a4ee83.1000x550x1.jpg",
  "id": 364246,
  "image_url": "https://images.genius.com/d64d1cb5c7521b205c1148f39c32bced.293x274x1.jpg",
  "index_character": "f",
  "is_meme_verified": false,
  "is_verified": false,
  "name": "Frankie Ruiz",
  "slug": "Frankie-ruiz",
  "url": "https://genius.com/artists/Frankie-ruiz"
 },
 "artist": "Frankie Ruiz",
 "lyrics": "2 ContributorsLa Rueda Lyrics[Letra de \"La Rueda\"]\n\n[Intro]\n\u00bfQu\u00e9, qu\u00e9?\n\u00bfQu\u00e9, qu\u00e9?\n\n[Verso 1]\nT\u00fa eres la rueda, yo soy el camino\nPasas encima de mi dando vueltas\nT\u00fa rodar\u00e1s, porque ese es tu destino\nSin encontrar nadie que te detenga\n\n[Verso 2]\nQuise pararte, pero ibas sin frenos\nY tus rodadas me hicieron pedazos\nPorque no quieres los caminos buenos\nY agarras todo lo que hay en tus pasos\n\n[Puente]\n\u00bfQu\u00e9, qu\u00e9?\n\u00bfQu\u00e9, qu\u00e9?\n\n[Verso 3]\nYo que so\u00f1aba con ser en tu vida\nEl terminar de tus vueltas al mundo\nTe vi pasar como nave perdida\nDe aqu\u00ed pa' all\u00e1 sin agarrar tu rumbo\nYou might also like[Verso 4]\nNinguna rueda me hab\u00eda lastimado\nY me pasaron de las m\u00e1s pesadas\nPero contigo quede destrozado\nPorque no hiciste ninguna parada\n\n[Preg\u00f3n 1]\nYo que te ten\u00eda siempre a mi lado\nY el d\u00eda menos pensado t\u00fa te me fuiste de mi lado\nPero, ay, que barbaridad (Que barbaridad)\nY yo sin moverme del mismo lugar\nNinguna mujer a m\u00ed me hab\u00eda lastimado\nPero contigo yo quede destrozado\nPero, ay, que barbaridad (Que barbaridad)\nY yo sin moverme del mismo lugar\nYo que so\u00f1aba con ser en tu vida\nEl terminar de tus vueltas al mundo\nTe vi pasar como nave perdida\nPero, ay, que barbaridad\nY yo sin moverme del mismo lugar\nQuise pararte, pero no me escuchabas\nT\u00fa te quer\u00edas ir con \u00e9l, y de mi lado t\u00fa te alejabas\nPero, ay, que barbaridad\nY yo sin moverme del mismo lugar\n\n[Puente]\nOye negrona, sigue dando vueltas\n\u00bfVerdad que no cosigue?\n\u00a1Ah\u00ed!\n[Preg\u00f3n 2]\nPero, ay, que barbaridad\nY yo sin moverme del mismo lugar\nYo que a ti te daba todita mi lana\nNo supiste apreciar, y seguiste con tus rodadas\nPero, ay, que barbaridad (Que barbaridad)\nY yo sin moverme del mismo lugar\nT\u00fa eres la rueda, yo soy el camino\nPasas encima de m\u00ed buscando tu destino\nPero, ay, que barbaridad (Que barbaridad)\nY yo sin moverme del mismo lugar\nTe vi pasar como nave perdida\nDe aqu\u00ed para all\u00e1, sin agarrar tu rumbo; \u00a1oye, mam\u00e1!\nPero, ay, que barbaridad\nY yo sin moverme del mismo lugar\nPero, ay, que barbaridad, oye que barbaridad\nT\u00fa lo perdiste todo, y aqu\u00ed t\u00fa no tienes na'\nPero, ay, que barbaridad\nY yo sin moverme del mismo lugarEmbed"
}