{
 "_type": "song",
 "annotation_count": 1,
 "api_path": "/songs/1171619",
 "artist_names": "Kraftwerk",
 "full_title": "Neon Lights by\u00a0Kraftwerk",
 "header_image_thumbnail_url": "https://images.genius.com/69085fb145bef48d878af7ad8f1ecc74.300x300x1.jpg",
 "header_image_url": "https://images.genius.com/69085fb145bef48d878af7ad8f1ecc74.600x600x1.jpg",
 "id": 1171619,
 "instrumental": false,
 "lyrics_owner_id": 1549345,
 "lyrics_state": "complete",
 "lyrics_updated_at": 1527789139,
 "path": "/Kraftwerk-neon-lights-lyrics",
 "pyongs_count": 1,
 "relationships_index_url": "https://genius.com/Kraftwerk-neon-lights-sample",
 "release_date_components": {
  "year": 1978,
  "month": 12,
  "day": null
 },
 "release_date_for_display": "December 1978",
 "release_date_with_abbreviated_month_for_display": "Dec. 1978",
 "song_art_image_thumbnail_url": "https://images.genius.com/69085fb145bef48d878af7ad8f1ecc74.300x300x1.jpg",
 "song_art_image_url": "https://images.genius.com/69085fb145bef48d878af7ad8f1ecc74.600x600x1.jpg",
 "stats": {
  "unreviewed_annotations": 1,
  "hot": false
 },
 "title": "Neon Lights",
 "title_with_featured": "Neon Lights",
 "updated_by_human_at": 1696022722,
 "url": "https://genius.com/Kraftwerk-neon-lights-lyrics",
 "featured_artists": [],
 "primary_artist": {
  "_type": "artist",
  "api_path": "/artists/84923",
  "header_image_url": "https://images.genius.com/0b25bb865315c21822b8fa51f43092aa.800x449x1.png",
  "id": 84923,
  "image_url": "https://images.genius.com/9c0c4ec0763e818826a0c8b6a91c5924.999x999x1.png",
  "index_character": "k",
  "is_meme_verified": false,
  "is_verified": false,
  "name": "Kraftwerk",
  "slug": "Kraftwerk",
  "url": "https://genius.com/artists/Kraftwerk"
 },
 "artist": "Kraftwerk",
 "lyrics": "10 ContributorsTranslationsDeutschNeon Lights LyricsNeon lights\nShimmering neon lights\nAnd at the fall of night\nThis city's made of lightYou might also like1Embed"
}