{
 "_type": "song",
 "annotation_count": 1,
 "api_path": "/songs/813832",
 "artist_names": "Buke & Gase",
 "full_title": "Naked Cities by\u00a0Buke\u00a0& Gase",
 "header_image_thumbnail_url": "https://images.genius.com/2d855767e0b66be4ec4f577c7706df80.300x300x1.jpg",
 "header_image_url": "https://images.genius.com/2d855767e0b66be4ec4f577c7706df80.512x512x1.jpg",
 "id": 813832,
 "instrumental": false,
 "lyrics_owner_id": 1549345,
 "lyrics_state": "complete",
 "lyrics_updated_at": 1429205206,
 "path": "/Buke-and-gase-naked-cities-lyrics",
 "pyongs_count": null,
 "relationships_index_url": "https://genius.com/Buke-and-gase-naked-cities-sample",
 "release_date_components": null,
 "release_date_for_display": null,
 "release_date_with_abbreviated_month_for_display": null,
 "song_art_image_thumbnail_url": "https://images.genius.com/2d855767e0b66be4ec4f577c7706df80.300x300x1.jpg",
 "song_art_image_url": "https://images.genius.com/2d855767e0b66be4ec4f577c7706df80.512x512x1.jpg",
 "stats": {
  "unreviewed_annotations": 0,
  "hot": false
 },
 "title": "Naked Cities",
 "title_with_featured": "Naked Cities",
 "updated_by_human_at": 1477329807,
 "url": "https://genius.com/Buke-and-gase-naked-cities-lyrics",
 "featured_artists": [],
 "primary_artist": {
  "_type": "artist",
  "api_path": "/artists/350914",
  "header_image_url": "https://images.genius.com/1f9d0d743a83d3f720c78be84798e7b9.1000x1000x1.png",
  "id": 350914,
  "image_url": "https://images.genius.com/3726aee6839e479c2d5611eea877c3b4.842x842x1.jpg",
  "index_character": "b",
  "is_meme_verified": false,
  "is_verified": false,
  "name": "Buke & Gase",
  "slug": "Buke-and-gase",
  "url": "https://genius.com/artists/Buke-and-gase"
 },
 "artist": "Buke & Gase",
 "lyrics": "3 ContributorsNaked Cities LyricsI've gone blind but it's all right\n'Cause my specs give me perfect sight\nAnd in a second I can see it all\nEverything becomes delightful\nI'm not afraid of the dark or noise\nI'm not daunted by the bark of boys\nI'm with the birds flying in blue skies\nFeathery free and I'm feeling fine\nThis city is a golden gate\nThe kind of gold that I love to hate\nHow good it gets in the hype and stress\nEven though it's all a well-lit mess\nBury, bury, bury, better plant it in the ground\nTrue or false with the lost and found\nHurry, bury me up to my knees\nI'll swing my branches better in the breeze\n\nMental mammoth, I know I have a very bad habit\nOf filling up my cup halfway elephantasizing my eyes\nVision still untrained in seeing what I have gained\nA simple remedy of walking into trees\nMistaking birds as bees\nMistaking things I see\n\nBury, bury, better plant it in the ground\nTrue or false with the lost and found\nBury, bury, better plant it in the ground\nTrue or false with the lost and found\nHurry bury me over my head\nLevel with the living, level with the dead\nBury, bury better plant your feet down\nThe true and false of your lost and foundYou might also likeEmbed"
}