{
 "_type": "song",
 "annotation_count": 1,
 "api_path": "/songs/732475",
 "artist_names": "The Kills",
 "full_title": "Getting Down by\u00a0The\u00a0Kills",
 "header_image_thumbnail_url": "https://images.genius.com/e10896c03cd5b3d17f48141b361db4be.300x300x1.jpg",
 "header_image_url": "https://images.genius.com/e10896c03cd5b3d17f48141b361db4be.500x500x1.jpg",
 "id": 732475,
 "instrumental": false,
 "lyrics_owner_id": 353231,
 "lyrics_state": "complete",
 "lyrics_updated_at": 1539195246,
 "path": "/The-kills-getting-down-lyrics",
 "pyongs_count": null,
 "relationships_index_url": "https://genius.com/The-kills-getting-down-sample",
 "release_date_components": {
  "year": 2008,
  "month": 3,
  "day": 10
 },
 "release_date_for_display": "March 10, 2008",
 "release_date_with_abbreviated_month_for_display": "Mar. 10, 2008",
 "song_art_image_thumbnail_url": "https://images.genius.com/e10896c03cd5b3d17f48141b361db4be.300x300x1.jpg",
 "song_art_image_url": "https://images.genius.com/e10896c03cd5b3d17f48141b361db4be.500x500x1.jpg",
 "stats": {
  "unreviewed_annotations": 0,
  "hot": false
 },
 "title": "Getting Down",
 "title_with_featured": "Getting Down",
 "updated_by_human_at": 1554412805,
 "url": "https://genius.com/The-kills-getting-down-lyrics",
 "featured_artists": [],
 "primary_artist": {
  "_type": "artist",
  "api_path": "/artists/19135",
  "header_image_url": "https://images.genius.com/2b01d4363958cc009eae1ed70aa654de.720x480x1.jpg",
  "id": 19135,
  "image_url": "https://images.genius.com/7fa63dabf14592ab224b0c963eac5709.666x1000x1.jpg",
  "index_character": "k",
  "is_meme_verified": false,
  "is_verified": true,
  "name": "The Kills",
  "slug": "The-kills",
  "url": "https://genius.com/artists/The-kills",
  "iq": 483
 },
 "artist": "The Kills",
 "lyrics": "2 ContributorsGetting Down Lyrics[Verse 1]\nIt's going on five, I want you to know\nMy spirit's alive, I want you to know\n\n[Chorus]\nI'm getting down with the awkward moments\nI'm getting down with the sour kiss\nI'm getting down with the rumors in the back of the car\nI'm getting down with it\n\n[Post-Chorus]\nUh-uh uh-uh aaah, Uh-uh aaah, Uh-uh uh-uh aaah\nUh-uh uh-uh aaah, Uh-uh aaah, Uh-uh uh-uh aaah\n\n[Verse 2]\nSignal when you get to the top\nSignal when you want me, when you want me to stop\nWe could, we could crash\nWe could, we could burn burn\nWe could take it, we could we could take it, take it in turns\n\n[Chorus]\nGetting down\nGetting down with your new vocation\nGetting down with your cute cut wrists\nI'm getting down with the kisses and cross-stitches on it\nI'm getting down with it\nSee The Kills LiveGet tickets as low as $40You might also like[Post-Chorus]\nUh-uh uh-uh aaah, Uh-uh aaah, Uh-uh uh-uh aaah\nUh-uh uh-uh aaah, Uh-uh aaah, Uh-uh uh-uh aaah\nUh-uh uh-uh aaah, Uh-uh aaah, Uh-uh uh-uh aaah\nUh-uh uh-uh aaah, Uh-uh aaah, Uh-uh uh-uh aaah\n\n[Bridge]\nHere's a message from my old coat pocket\nMy spirit's alive and I want you to know\n\n[Chorus]\nI'm getting down with the young drunk lovers\nI'm getting down with the one-way pact\nI'm getting down with the city and the pity of it\nI'm getting down with it\n\n[Post-Chorus]\nUh-uh uh-uh aaah, Uh-uh aaah, Uh-uh uh-uh aaah\nUh-uh uh-uh aaah, Uh-uh aaah, Uh-uh uh-uh aaah\nUh-uh uh-uh aaah, Uh-uh aaah, Uh-uh uh-uh aaah\nUh-uh uh-uh aaah, Uh-uh aaah, Uh-uh uh-uh aaah\n\n[Outro]\nUh-uh, uh-uh aaah\nUh-uh, uh-uh aaah\nUh-uh, uh-uh aaah\nUh-uh, uh-uh aaahEmbed"
}