{
 "_type": "song",
 "annotation_count": 1,
 "api_path": "/songs/1260349",
 "artist_names": "Joan Sebastian",
 "full_title": "Amor limosnero by\u00a0Joan\u00a0Sebastian",
 "header_image_thumbnail_url": "https://images.genius.com/737e9b24eded78f6a95366a063cdd4cb.300x305x1.jpg",
 "header_image_url": "https://images.genius.com/737e9b24eded78f6a95366a063cdd4cb.617x627x1.jpg",
 "id": 1260349,
 "instrumental": false,
 "lyrics_owner_id": 19943961,
 "lyrics_state": "complete",
 "lyrics_updated_at": 1684343994,
 "path": "/Joan-sebastian-amor-limosnero-lyrics",
 "pyongs_count": null,
 "relationships_index_url": "https://genius.com/Joan-sebastian-amor-limosnero-sample",
 "release_date_components": null,
 "release_date_for_display": null,
 "release_date_with_abbreviated_month_for_display": null,
 "song_art_image_thumbnail_url": "https://images.genius.com/737e9b24eded78f6a95366a063cdd4cb.300x305x1.jpg",
 "song_art_image_url": "https://images.genius.com/737e9b24eded78f6a95366a063cdd4cb.617x627x1.jpg",
 "stats": {
  "unreviewed_annotations": 0,
  "hot": false
 },
 "title": "Amor limosnero",
 "title_with_featured": "Amor limosnero",
 "updated_by_human_at": 1684343994,
 "url": "https://genius.com/Joan-sebastian-amor-limosnero-lyrics",
 "featured_artists": [],
 "primary_artist": {
  "_type": "artist",
  "api_path": "/artists/355570",
  "header_image_url": "https://images.genius.com/57bb9f6ff0425f6af3f8f1700ca8a6e7.636x421x1.jpg",
  "id": 355570,
  "image_url": "https://images.genius.com/814e3eb6d0ab57562cf0344fcaefa498.421x421x1.jpg",
  "index_character": "j",
  "is_meme_verified": false,
  "is_verified": false,
  "name": "Joan Sebastian",
  "slug": "Joan-sebastian",
  "url": "https://genius.com/artists/Joan-sebastian"
 },
 "artist": "Joan Sebastian",
 "lyrics": "1 ContributorAmor limosnero Lyrics[Letra de \u201cAmor Limosnero\u201d]\n\n[Verso 1]\nYo no quisiera hablar de despedida\nMe duele mucho, me parte el alma\nPero que puedo hacer\nAhora recojo mi arrastrado orgullo\nHoy me marcho de ti\nNo lo vas a creer\n\n[Verso 2]\nYo no quisiera provocarte pena\nPues se de sobra que tu alma es buena\nPor no verme llorar\nPodias quedarte sin abrir las alas\nY en tus alas se ve que ahora quieres volar\n\n[Coro]\nY aqui se termina\nAqui se termina este amor limosnero\nMe voy de tu vida, porque te quiero\nTe doy la libertad, de que vueles en voz\nDe tu felicidad\n\n[Interludio Instrumental]\nYou might also like[Verso 3]\nYo no quisiera provocarte pena\nPues se de sobra que tu alma es buena\nPor no verme llorar\nPodias quedarte sin abrir las alas\nY en tus alas se ve que ahora quieres volar\n\n[Coro]\nY aqui se termina\nAqui se termina este amor limosnero\nMe voy de tu vida, porque te quiero\nTe doy la libertad, de que vueles en voz\nDe tu felicidad\n\n[Outro]\nAqui se termina\nAqui se termina este amor limosnero\nMe voy de tu vida, porque te quiero\nTe doy la libertad, de que vueles en voz\nDe tu felicidadEmbed"
}