{
 "_type": "song",
 "annotation_count": 1,
 "api_path": "/songs/199076",
 "artist_names": "STRFKR",
 "full_title": "Millions by\u00a0STRFKR",
 "header_image_thumbnail_url": "https://images.genius.com/a857cb331b0d0ee04c218caf9cd3d87d.300x300x1.jpg",
 "header_image_url": "https://images.genius.com/a857cb331b0d0ee04c218caf9cd3d87d.1000x1000x1.jpg",
 "id": 199076,
 "instrumental": false,
 "lyrics_owner_id": 229308,
 "lyrics_state": "complete",
 "lyrics_updated_at": null,
 "path": "/Strfkr-millions-lyrics",
 "pyongs_count": 1,
 "relationships_index_url": "https://genius.com/Strfkr-millions-sample",
 "release_date_components": {
  "year": 2011,
  "month": 3,
  "day": 8
 },
 "release_date_for_display": "March 8, 2011",
 "release_date_with_abbreviated_month_for_display": "Mar. 8, 2011",
 "song_art_image_thumbnail_url": "https://images.genius.com/a857cb331b0d0ee04c218caf9cd3d87d.300x300x1.jpg",
 "song_art_image_url": "https://images.genius.com/a857cb331b0d0ee04c218caf9cd3d87d.1000x1000x1.jpg",
 "stats": {
  "unreviewed_annotations": 0,
  "hot": false
 },
 "title": "Millions",
 "title_with_featured": "Millions",
 "updated_by_human_at": 1622395664,
 "url": "https://genius.com/Strfkr-millions-lyrics",
 "featured_artists": [],
 "primary_artist": {
  "_type": "artist",
  "api_path": "/artists/12316",
  "header_image_url": "https://images.genius.com/e6bf4ad5a4743e27c1e0359231c0d4cb.1000x802x1.png",
  "id": 12316,
  "image_url": "https://images.genius.com/be3863e874dc524697ea109650371d4c.885x885x1.png",
  "index_character": "s",
  "is_meme_verified": false,
  "is_verified": true,
  "name": "STRFKR",
  "slug": "Strfkr",
  "url": "https://genius.com/artists/Strfkr",
  "iq": 100
 },
 "artist": "STRFKR",
 "lyrics": "4 ContributorsMillions LyricsI love to see you crying\nSo happy when you're sad\nI love to see you crying\nSo happy when you're sad\n\nI love to see you crying\nSo happy when you're sad\nI love to see you crying\nSo happy when you're sad\n\nI love to see you crying\nSo happy when you're sad\nI love to see you crying\nSo happy when you're sad\n\nI love to see you crying\nSo happy when you're sad\nI love to see you crying\nSo happy when you're sadYou might also like1Embed"
}