{
 "_type": "song",
 "annotation_count": 10,
 "api_path": "/songs/104556",
 "artist_names": "The Smiths",
 "full_title": "Meat Is Murder by\u00a0The\u00a0Smiths",
 "header_image_thumbnail_url": "https://images.genius.com/288734ba209fd6f548430add32bbf03d.300x300x1.jpg",
 "header_image_url": "https://images.genius.com/288734ba209fd6f548430add32bbf03d.1000x1000x1.jpg",
 "id": 104556,
 "instrumental": false,
 "lyrics_owner_id": 116340,
 "lyrics_state": "complete",
 "lyrics_updated_at": 1699895675,
 "path": "/The-smiths-meat-is-murder-lyrics",
 "pyongs_count": 10,
 "relationships_index_url": "https://genius.com/The-smiths-meat-is-murder-sample",
 "release_date_components": {
  "year": 1985,
  "month": 2,
  "day": 11
 },
 "release_date_for_display": "February 11, 1985",
 "release_date_with_abbreviated_month_for_display": "Feb. 11, 1985",
 "song_art_image_thumbnail_url": "https://images.genius.com/288734ba209fd6f548430add32bbf03d.300x300x1.jpg",
 "song_art_image_url": "https://images.genius.com/288734ba209fd6f548430add32bbf03d.1000x1000x1.jpg",
 "stats": {
  "unreviewed_annotations": 5,
  "hot": false,
  "pageviews": 71631
 },
 "title": "Meat Is Murder",
 "title_with_featured": "Meat Is Murder",
 "updated_by_human_at": 1699895675,
 "url": "https://genius.com/The-smiths-meat-is-murder-lyrics",
 "featured_artists": [],
 "primary_artist": {
  "_type": "artist",
  "api_path": "/artists/16669",
  "header_image_url": "https://images.genius.com/bc2a15aa8f90d86c5d76be3d40ed7a0c.770x584x1.jpg",
  "id": 16669,
  "image_url": "https://images.genius.com/3fc6cae07767241ae2d54c14abc0ea8e.1000x1000x1.jpg",
  "index_character": "s",
  "is_meme_verified": false,
  "is_verified": false,
  "name": "The Smiths",
  "slug": "The-smiths",
  "url": "https://genius.com/artists/The-smiths"
 },
 "artist": "The Smiths",
 "lyrics": "47 ContributorsMeat Is Murder Lyrics[Intro]\n*Cow groans and industrial noises*\n\n[Verse 1]\nHeifer whines could be human cries\nCloser comes the screaming knife\nThis beautiful creature must die\nThis beautiful creature must die\nA death for no reason\nAnd death for no reason is murder\nAnd the flesh you so fancifully fry\nIs not succulent, tasty or kind\nIt's death for no reason\nAnd death for no reason is murder\nAnd the calf that you carve with a smile\nIt is murder\nAnd the turkey you festively slice\nIt is murder\nDo you know how animals die?\n\n[Verse 2]\nKitchen aromas aren't very homely\nIt's not comforting, cheery or kind\nIt's sizzling blood and the unholy stench of murder\nIt's not natural, normal or kind\nThe flesh you so fancifully fry\nThe meat in your mouth\nAs you savour the flavour of murder\nNo, no, no, it is murder\nNo, no, no, it is murder\nOh, and who hears when animals cry?\nYou might also like[Outro]\n*Cow groans and industrial noises*10Embed"
}