{
 "_type": "song",
 "annotation_count": 1,
 "api_path": "/songs/2088335",
 "artist_names": "Vanessa Bell Armstrong",
 "full_title": "Desire of my heart by\u00a0Vanessa\u00a0Bell Armstrong",
 "header_image_thumbnail_url": "https://images.genius.com/926edb9711749799baa3810c2676ae4a.300x300x1.jpg",
 "header_image_url": "https://images.genius.com/926edb9711749799baa3810c2676ae4a.576x576x1.jpg",
 "id": 2088335,
 "instrumental": false,
 "lyrics_owner_id": 1549345,
 "lyrics_state": "complete",
 "lyrics_updated_at": 1433957587,
 "path": "/Vanessa-bell-armstrong-desire-of-my-heart-lyrics",
 "pyongs_count": null,
 "relationships_index_url": "https://genius.com/Vanessa-bell-armstrong-desire-of-my-heart-sample",
 "release_date_components": null,
 "release_date_for_display": null,
 "release_date_with_abbreviated_month_for_display": null,
 "song_art_image_thumbnail_url": "https://images.genius.com/926edb9711749799baa3810c2676ae4a.300x300x1.jpg",
 "song_art_image_url": "https://images.genius.com/926edb9711749799baa3810c2676ae4a.576x576x1.jpg",
 "stats": {
  "unreviewed_annotations": 0,
  "hot": false
 },
 "title": "Desire of my heart",
 "title_with_featured": "Desire of my heart",
 "updated_by_human_at": 1481911481,
 "url": "https://genius.com/Vanessa-bell-armstrong-desire-of-my-heart-lyrics",
 "featured_artists": [],
 "primary_artist": {
  "_type": "artist",
  "api_path": "/artists/368930",
  "header_image_url": "https://images.genius.com/a57c21923ed756d59985c1c62addc25f.865x577x1.jpg",
  "id": 368930,
  "image_url": "https://images.genius.com/926edb9711749799baa3810c2676ae4a.576x576x1.jpg",
  "index_character": "v",
  "is_meme_verified": false,
  "is_verified": false,
  "name": "Vanessa Bell Armstrong",
  "slug": "Vanessa-bell-armstrong",
  "url": "https://genius.com/artists/Vanessa-bell-armstrong"
 },
 "artist": "Vanessa Bell Armstrong",
 "lyrics": "1 ContributorDesire of my heart LyricsPopularity : 60 users have visited this page\n\nSponsored links\n\nOh Lord, I Love You\nShow me the desires of my heart\nOh Lord I Love You\nShow me the desires of my heart\nI love You, I love You, I love You\nYea, Yea, Yeah I love You\nI love You, I love You\nYou are the desire of my heart\n[repeat]\nI praise You, I praise You, I praise You\nYes I praise You, I praise You\nYou are the desires of my heart\nAdore You, adore You, adore You\nI adore You, adore You\nYou are the desires of my heart\nHallelujah, Hallelujah, Hallelujah, Hallelujah, Hallelujah\nYou are the desire of my heart\n[repeat until end]You might also likeEmbed"
}