{
 "_type": "song",
 "annotation_count": 1,
 "api_path": "/songs/1513011",
 "artist_names": "Kenny Lattimore",
 "full_title": "And I Love Her by\u00a0Kenny\u00a0Lattimore",
 "header_image_thumbnail_url": "https://images.genius.com/747091b248e214e22d3a4ece3bc3f71e.300x299x1.jpg",
 "header_image_url": "https://images.genius.com/747091b248e214e22d3a4ece3bc3f71e.400x399x1.jpg",
 "id": 1513011,
 "instrumental": false,
 "lyrics_owner_id": 1549345,
 "lyrics_state": "complete",
 "lyrics_updated_at": 1429893463,
 "path": "/Kenny-lattimore-and-i-love-her-lyrics",
 "pyongs_count": null,
 "relationships_index_url": "https://genius.com/Kenny-lattimore-and-i-love-her-sample",
 "release_date_components": {
  "year": 2008,
  "month": 9,
  "day": 9
 },
 "release_date_for_display": "September 9, 2008",
 "release_date_with_abbreviated_month_for_display": "Sep. 9, 2008",
 "song_art_image_thumbnail_url": "https://images.genius.com/747091b248e214e22d3a4ece3bc3f71e.300x299x1.jpg",
 "song_art_image_url": "https://images.genius.com/747091b248e214e22d3a4ece3bc3f71e.400x399x1.jpg",
 "stats": {
  "unreviewed_annotations": 0,
  "hot": false
 },
 "title": "And I Love Her",
 "title_with_featured": "And I Love Her",
 "updated_by_human_at": 1496011707,
 "url": "https://genius.com/Kenny-lattimore-and-i-love-her-lyrics",
 "featured_artists": [],
 "primary_artist": {
  "_type": "artist",
  "api_path": "/artists/78209",
  "header_image_url": "https://images.genius.com/49a81a9a5b499a2f334dc40a688407eb.1000x1000x1.jpg",
  "id": 78209,
  "image_url": "https://images.genius.com/eaf716ef575869ec79629e188a6df8be.1000x1000x1.jpg",
  "index_character": "k",
  "is_meme_verified": false,
  "is_verified": false,
  "name": "Kenny Lattimore",
  "slug": "Kenny-lattimore",
  "url": "https://genius.com/artists/Kenny-lattimore"
 },
 "artist": "Kenny Lattimore",
 "lyrics": "2 ContributorsAnd I Love Her LyricsI give her all my love\nThat's all I do\nAnd if you saw my love\nYou'd love her, too\nI love her, yeah\n\nShe gives me everything\nAnd tenderly\nThe kiss my lover brings\nShe brings to me\nAnd I love her\n\nA love like ours\nCould never die\nAs long as I\nHave you near me\n\nBright are the stars that shine\nDark is the sky\nI know this love of mine\nWill never die\nAnd I love her\n\nBright are the stars that shine\nDark is the sky, the sky\nI know this love of mine\nWill never die\nAnd I love her\nAnd I love her\nI love her\nI love her\nYou might also likeAnd I love her\nI love her\nI love her\n\nAnd I love her\nI love her\nI love her\n...Embed"
}