{
 "_type": "song",
 "annotation_count": 1,
 "api_path": "/songs/1047373",
 "artist_names": "Cassandra Wilson",
 "full_title": "A Day in the Life of a Fool by\u00a0Cassandra\u00a0Wilson",
 "header_image_thumbnail_url": "https://images.genius.com/c39ecc8f124789a00b2193f147f4cc3c.300x300x1.jpg",
 "header_image_url": "https://images.genius.com/c39ecc8f124789a00b2193f147f4cc3c.1000x1000x1.jpg",
 "id": 1047373,
 "instrumental": false,
 "lyrics_owner_id": 1549345,
 "lyrics_state": "complete",
 "lyrics_updated_at": 1429603371,
 "path": "/Cassandra-wilson-a-day-in-the-life-of-a-fool-lyrics",
 "pyongs_count": null,
 "relationships_index_url": "https://genius.com/Cassandra-wilson-a-day-in-the-life-of-a-fool-sample",
 "release_date_components": {
  "year": 2010,
  "month": null,
  "day": null
 },
 "release_date_for_display": "2010",
 "release_date_with_abbreviated_month_for_display": "2010",
 "song_art_image_thumbnail_url": "https://images.genius.com/c39ecc8f124789a00b2193f147f4cc3c.300x300x1.jpg",
 "song_art_image_url": "https://images.genius.com/c39ecc8f124789a00b2193f147f4cc3c.1000x1000x1.jpg",
 "stats": {
  "unreviewed_annotations": 0,
  "hot": false
 },
 "title": "A Day in the Life of a Fool",
 "title_with_featured": "A Day in the Life of a Fool",
 "updated_by_human_at": 1695885890,
 "url": "https://genius.com/Cassandra-wilson-a-day-in-the-life-of-a-fool-lyrics",
 "featured_artists": [],
 "primary_artist": {
  "_type": "artist",
  "api_path": "/artists/208020",
  "header_image_url": "https://images.genius.com/588175ee73fe79547713705d652aa0b8.800x531x1.jpg",
  "id": 208020,
  "image_url": "https://images.genius.com/693757e701b755f42acbfdc61ff7d37a.468x468x1.jpg",
  "index_character": "c",
  "is_meme_verified": false,
  "is_verified": false,
  "name": "Cassandra Wilson",
  "slug": "Cassandra-wilson",
  "url": "https://genius.com/artists/Cassandra-wilson"
 },
 "artist": "Cassandra Wilson",
 "lyrics": "3 ContributorsA Day in the Life of a Fool LyricsA day in the life of a fool\nA sad and a long, lonely day\nI walk the avenue hoping I'll run into\nThe lovely sight of you coming my way\n\nI stop right across from your door\nBut you don't see me anymore\nSo back to my room I go with a gloom\nAnd I cry tears of goodbye\n\nA day in the life of a fool\nA sad and a long, lonely day\nI walk the avenue hoping that I'll run into\nThe lovely sight of you coming my way\n\nAnd I stop just across from your door\nBut you don't see me anymore\nSo back to my room I go with a gloom\nAnd I cry tears of goodbye\n\nTears of goodbyeYou might also likeEmbed"
}