{
 "_type": "song",
 "annotation_count": 1,
 "api_path": "/songs/928953",
 "artist_names": "Keb' Mo'",
 "full_title": "The Door by\u00a0Keb'\u00a0Mo'",
 "header_image_thumbnail_url": "https://images.genius.com/261a628762d267fc631b9592c339013d.300x300x1.jpg",
 "header_image_url": "https://images.genius.com/261a628762d267fc631b9592c339013d.1000x1000x1.jpg",
 "id": 928953,
 "instrumental": false,
 "lyrics_owner_id": 1549345,
 "lyrics_state": "complete",
 "lyrics_updated_at": 1429539419,
 "path": "/Keb-mo-the-door-lyrics",
 "pyongs_count": null,
 "relationships_index_url": "https://genius.com/Keb-mo-the-door-sample",
 "release_date_components": {
  "year": 2000,
  "month": 10,
  "day": 10
 },
 "release_date_for_display": "October 10, 2000",
 "release_date_with_abbreviated_month_for_display": "Oct. 10, 2000",
 "song_art_image_thumbnail_url": "https://images.genius.com/261a628762d267fc631b9592c339013d.300x300x1.jpg",
 "song_art_image_url": "https://images.genius.com/261a628762d267fc631b9592c339013d.1000x1000x1.jpg",
 "stats": {
  "unreviewed_annotations": 0,
  "hot": false
 },
 "title": "The Door",
 "title_with_featured": "The Door",
 "updated_by_human_at": 1650708189,
 "url": "https://genius.com/Keb-mo-the-door-lyrics",
 "featured_artists": [],
 "primary_artist": {
  "_type": "artist",
  "api_path": "/artists/180723",
  "header_image_url": "https://images.genius.com/58ad187f0822ee6a5ee90a1f0c4510f6.679x679x1.jpg",
  "id": 180723,
  "image_url": "https://images.genius.com/58ad187f0822ee6a5ee90a1f0c4510f6.679x679x1.jpg",
  "index_character": "k",
  "is_meme_verified": false,
  "is_verified": false,
  "name": "Keb\u2019 Mo\u2019",
  "slug": "Keb-mo",
  "url": "https://genius.com/artists/Keb-mo"
 },
 "artist": "Keb\u2019 Mo\u2019",
 "lyrics": "2 ContributorsThe Door LyricsI was down for so long\nEverything I did was wrong\nAnd I found fault\nIn everyone but me\n\nI was hurt and alone\nI could not find my way home\nBroke-down and hungry\nAnd too tired to moan\n\nThen I heard somebody calling my name\nSaying ain't no need to be shamed\nI found out that the door was always open\n\nI was trapped in my mind\nA prisoner of my own design\nLost in a world\nA world of confusion\n\nI was there by myself\nCouldn't find no help no where else\nThought I'd call up the hotline\nBut there was nobody there\n\nThen I heard somebody calling my name\nSaying ain't no need to be shamed\nI found out that the door was always open\nSee Keb\u2019 Mo\u2019 LiveGet tickets as low as $48You might also like(Instrumental Bridge)\nThen I heard somebody calling my name\nSaying ain't no need to be shamed\nI found out that the door was always openEmbed"
}