{
 "_type": "song",
 "annotation_count": 1,
 "api_path": "/songs/1066576",
 "artist_names": "Vivian Girls",
 "full_title": "All The Time by\u00a0Vivian\u00a0Girls",
 "header_image_thumbnail_url": "https://images.genius.com/8ccfc407aa2c83f79736e58869ba1ed5.300x300x1.jpg",
 "header_image_url": "https://images.genius.com/8ccfc407aa2c83f79736e58869ba1ed5.1000x1000x1.jpg",
 "id": 1066576,
 "instrumental": false,
 "lyrics_owner_id": 1549345,
 "lyrics_state": "complete",
 "lyrics_updated_at": 1429618683,
 "path": "/Vivian-girls-all-the-time-lyrics",
 "pyongs_count": 1,
 "relationships_index_url": "https://genius.com/Vivian-girls-all-the-time-sample",
 "release_date_components": {
  "year": 2008,
  "month": 9,
  "day": 30
 },
 "release_date_for_display": "September 30, 2008",
 "release_date_with_abbreviated_month_for_display": "Sep. 30, 2008",
 "song_art_image_thumbnail_url": "https://images.genius.com/8ccfc407aa2c83f79736e58869ba1ed5.300x300x1.jpg",
 "song_art_image_url": "https://images.genius.com/8ccfc407aa2c83f79736e58869ba1ed5.1000x1000x1.jpg",
 "stats": {
  "unreviewed_annotations": 0,
  "hot": false
 },
 "title": "All The Time",
 "title_with_featured": "All The Time",
 "updated_by_human_at": 1610754477,
 "url": "https://genius.com/Vivian-girls-all-the-time-lyrics",
 "featured_artists": [],
 "primary_artist": {
  "_type": "artist",
  "api_path": "/artists/224240",
  "header_image_url": "https://images.genius.com/c5fe2bc984ba491573a3425ac24febe5.1000x333x1.jpg",
  "id": 224240,
  "image_url": "https://images.genius.com/4f1200a38289c1867178a67c44156c93.674x674x1.jpg",
  "index_character": "v",
  "is_meme_verified": false,
  "is_verified": false,
  "name": "Vivian Girls",
  "slug": "Vivian-girls",
  "url": "https://genius.com/artists/Vivian-girls"
 },
 "artist": "Vivian Girls",
 "lyrics": "4 ContributorsAll The Time LyricsI see him all the time, every night and every day\nI know we're doing fine he calls me, I'm on my way\nWe never sit around we just go outside instead\nHe steals my thunder while I pick the flowers in his head\n\nAll the time, all the time, all the time, all the time\nWe go commit a crime, I see him all the time\nAll the time, all the time, all the time, all the time\nWe go commit a crime, I see him all the time\n\nI see him all the time, every minute, every hour\nOur love is like a lime, sometimes sweet but mostly sour\nWe never fool around, we just walk and talk instead\nHe steals my thunder while I pick the flowers in his head\n\nAll the time, all the time, all the time, all the time\nWe go commit a crime, we never wait in line\nBut he always looks so fine, I see him all the time\nAll the time, all the time, all the time, all the timeYou might also like1Embed"
}