{
 "_type": "song",
 "annotation_count": 10,
 "api_path": "/songs/160022",
 "artist_names": "Iron Maiden",
 "full_title": "Fear of the Dark by\u00a0Iron\u00a0Maiden",
 "header_image_thumbnail_url": "https://images.genius.com/116fdaab19be815070a74f73f98797c0.300x300x1.jpg",
 "header_image_url": "https://images.genius.com/116fdaab19be815070a74f73f98797c0.1000x1000x1.jpg",
 "id": 160022,
 "instrumental": false,
 "lyrics_owner_id": 229518,
 "lyrics_state": "complete",
 "lyrics_updated_at": 1699385438,
 "path": "/Iron-maiden-fear-of-the-dark-lyrics",
 "pyongs_count": 24,
 "relationships_index_url": "https://genius.com/Iron-maiden-fear-of-the-dark-sample",
 "release_date_components": {
  "year": 1992,
  "month": 5,
  "day": 11
 },
 "release_date_for_display": "May 11, 1992",
 "release_date_with_abbreviated_month_for_display": "May. 11, 1992",
 "song_art_image_thumbnail_url": "https://images.genius.com/116fdaab19be815070a74f73f98797c0.300x300x1.jpg",
 "song_art_image_url": "https://images.genius.com/116fdaab19be815070a74f73f98797c0.1000x1000x1.jpg",
 "stats": {
  "unreviewed_annotations": 3,
  "hot": false,
  "pageviews": 239220
 },
 "title": "Fear of the Dark",
 "title_with_featured": "Fear of the Dark",
 "updated_by_human_at": 1699385438,
 "url": "https://genius.com/Iron-maiden-fear-of-the-dark-lyrics",
 "featured_artists": [],
 "primary_artist": {
  "_type": "artist",
  "api_path": "/artists/22163",
  "header_image_url": "https://images.genius.com/9da742a4298ec2ccbd5b254e717d7f4b.1000x697x1.jpg",
  "id": 22163,
  "image_url": "https://images.genius.com/b07601894d54f47d12d2d09660ac7200.555x555x1.jpg",
  "index_character": "i",
  "is_meme_verified": false,
  "is_verified": false,
  "name": "Iron Maiden",
  "slug": "Iron-maiden",
  "url": "https://genius.com/artists/Iron-maiden"
 },
 "artist": "Iron Maiden",
 "lyrics": "44 ContributorsTranslationsPortugu\u00easFear of the Dark Lyrics[Verse 1]\nI am a man who walks alone\nAnd when I'm walking a dark road\nAt night, or strolling through the park\nWhen the light begins to change\nI sometimes feel a little strange\nA little anxious when it's dark\n\n[Chorus]\nFear of the dark, fear of the dark\nI have a constant fear that something's always near\nFear of the dark, fear of the dark\nI have a phobia that someone's always there\n\n[Verse 2]\nHave you run your fingers down the wall\nAnd have you felt your neck skin crawl\nWhen you're searching for the light?\nSometimes when you're scared to take a look\nAt the corner of the room\nYou've sensed that something's watching you\n\n[Chorus]\nFear of the dark, fear of the dark\nI have constant fear that something's always near\nFear of the dark, fear of the dark\nI have a phobia that someone's always there\nSee Iron Maiden LiveGet tickets as low as $55You might also like[Verse 3]\nHave you ever been alone at night\nThought you heard footsteps behind\nAnd turned around, and no one's there?\nAnd as you quicken up your pace\nYou find it hard to look again\nBecause you're sure there's someone there\n\n[Chorus]\nFear of the dark, fear of the dark\nI have constant fear that something's always near\nFear of the dark, fear of the dark\nI have a phobia that someone's always there\n[Instrumental Break 3:15-4:58]\n\n[Bridge]\nFear of the dark, fear of the dark\nFear of the dark, fear of the dark\nFear of the dark, fear of the dark\nFear of the dark, fear of the dark\nFear of the dark, fear of the dark\nFear of the dark, fear of the dark\nFear of the dark, fear of the dark\nFear of the dark, fear of the dark\n[Verse 4]\nWatching horror films the night before\nDebating witches and folklore\nThe unknown troubles on your mind\nMaybe your mind is playing tricks\nYou sense, and suddenly eyes fix\nOn dancing shadows from behind\n\n[Chorus]\nFear of the dark, fear of the dark\nI have constant fear that something's always near\nFear of the dark, fear of the dark\nI have a phobia that someone's always there\nFear of the dark, fear of the dark\nI have constant fear that something's always near\nFear of the dark, fear of the dark\nI have a phobia that someone's always there\n\n[Outro]\nWhen I'm walking a dark road\nI am a man who walks alone24Embed"
}