{
 "_type": "song",
 "annotation_count": 1,
 "api_path": "/songs/426498",
 "artist_names": "Five Finger Death Punch",
 "full_title": "Burn It Down by\u00a0Five\u00a0Finger Death Punch",
 "header_image_thumbnail_url": "https://images.genius.com/9d49c01b0b9228fcfe6e5689f9688953.300x300x1.jpg",
 "header_image_url": "https://images.genius.com/9d49c01b0b9228fcfe6e5689f9688953.1000x1000x1.jpg",
 "id": 426498,
 "instrumental": false,
 "lyrics_owner_id": 848925,
 "lyrics_state": "complete",
 "lyrics_updated_at": 1596147205,
 "path": "/Five-finger-death-punch-burn-it-down-lyrics",
 "pyongs_count": null,
 "relationships_index_url": "https://genius.com/Five-finger-death-punch-burn-it-down-sample",
 "release_date_components": {
  "year": 2009,
  "month": 9,
  "day": 22
 },
 "release_date_for_display": "September 22, 2009",
 "release_date_with_abbreviated_month_for_display": "Sep. 22, 2009",
 "song_art_image_thumbnail_url": "https://images.genius.com/9d49c01b0b9228fcfe6e5689f9688953.300x300x1.jpg",
 "song_art_image_url": "https://images.genius.com/9d49c01b0b9228fcfe6e5689f9688953.1000x1000x1.jpg",
 "stats": {
  "unreviewed_annotations": 0,
  "hot": false
 },
 "title": "Burn It Down",
 "title_with_featured": "Burn It Down",
 "updated_by_human_at": 1675935328,
 "url": "https://genius.com/Five-finger-death-punch-burn-it-down-lyrics",
 "featured_artists": [],
 "primary_artist": {
  "_type": "artist",
  "api_path": "/artists/19975",
  "header_image_url": "https://images.genius.com/4acdb0f860eaecc15e995a8e3e639701.1000x611x1.jpg",
  "id": 19975,
  "image_url": "https://images.genius.com/ee6178cd8016e67b69e7c364a3751e0b.1000x1000x1.png",
  "index_character": "f",
  "is_meme_verified": false,
  "is_verified": false,
  "name": "Five Finger Death Punch",
  "slug": "Five-finger-death-punch",
  "url": "https://genius.com/artists/Five-finger-death-punch"
 },
 "artist": "Five Finger Death Punch",
 "lyrics": "6 ContributorsBurn It Down Lyrics[Verse 1]\nYou think you know me?\nYou don't know shit\nI've seen the world through your eyes\nAnd it makes me sick\nI've questioned all of your answers\nThey're fucking lies\nI won't conform to your system\nI'd rather die\n\n[Chorus]\nI'll burn it down just to watch it go\nI'll burn it down so everybody knows\nI'll burn it down just to see it torched\nBurn it down\u2014I hate it to the core\n\n[Verse 2]\nThink you're a martyr\nNot hard to see\nYou want to rule the fucking world\nYou got to get through me\nYour iron fist will be broken\nNo soul to sell\nYou think I'll burn for my actions?\nSee you in hell\nYou might also like[Chorus]\nBurn it down\u2014I do it for myself\nBurn it down\u2014for me and no one else\nI burn it down just to watch it fall\nBurn it down\u2014I hate you fucking all\n\n[Solo]\n\n[Chorus]\nI'll burn it down just to watch it go\nI'll burn it down so everybody knows\nI burn it down just to see it torched\nI burn it down\u2014I hate it to the coreEmbed"
}