{
 "_type": "song",
 "annotation_count": 1,
 "api_path": "/songs/1094919",
 "artist_names": "Forbidden",
 "full_title": "Forsaken at the Gates by\u00a0Forbidden",
 "header_image_thumbnail_url": "https://images.genius.com/8ca7c2b544b160a4ca6cb259a896a7b2.300x300x1.jpg",
 "header_image_url": "https://images.genius.com/8ca7c2b544b160a4ca6cb259a896a7b2.1000x1000x1.jpg",
 "id": 1094919,
 "instrumental": false,
 "lyrics_owner_id": 6538891,
 "lyrics_state": "complete",
 "lyrics_updated_at": 1699631440,
 "path": "/Forbidden-forsaken-at-the-gates-lyrics",
 "pyongs_count": null,
 "relationships_index_url": "https://genius.com/Forbidden-forsaken-at-the-gates-sample",
 "release_date_components": null,
 "release_date_for_display": null,
 "release_date_with_abbreviated_month_for_display": null,
 "song_art_image_thumbnail_url": "https://images.genius.com/8ca7c2b544b160a4ca6cb259a896a7b2.300x300x1.jpg",
 "song_art_image_url": "https://images.genius.com/8ca7c2b544b160a4ca6cb259a896a7b2.1000x1000x1.jpg",
 "stats": {
  "unreviewed_annotations": 0,
  "hot": false
 },
 "title": "Forsaken at the Gates",
 "title_with_featured": "Forsaken at the Gates",
 "updated_by_human_at": 1699631440,
 "url": "https://genius.com/Forbidden-forsaken-at-the-gates-lyrics",
 "featured_artists": [],
 "primary_artist": {
  "_type": "artist",
  "api_path": "/artists/359180",
  "header_image_url": "https://images.genius.com/74ab9384b81a99cbcc1646e3e8b9c039.1000x359x1.png",
  "id": 359180,
  "image_url": "https://images.genius.com/14e04dd95da22ed41967b47436527d7e.334x334x1.jpg",
  "index_character": "f",
  "is_meme_verified": false,
  "is_verified": false,
  "name": "Forbidden",
  "slug": "Forbidden",
  "url": "https://genius.com/artists/Forbidden"
 },
 "artist": "Forbidden",
 "lyrics": "3 ContributorsForsaken at the Gates LyricsUnleash the hell, you're time to live is through\nDestroy lay waste, protect these gates from you, from you\nWe crush the weak, displace the sick for who? For you\n\nTurn around and die, you're denied forsaken at the gates\nTurn around and die, you're denied forsaken at the gates\nForsaken at the gates!\n\nArise dissipate, abort subjugate run through\nEnforce constrain, displace the blame, on you\nNow face your fate, we shut the door on you, on you\n\nTurn around and die, you're denied forsaken at the gates\nTurn around and die, you're denied forsaken at the gates\nForsaken at the gates!\n\nCorpses laid out for the rapture\nNew world order buried in its tomb!\n\nCorpses laid out for the rapture\nNew world order buried in its tomb!\n\nUnleash the hell, you're time to live is through\nDestroy lay waste, protect these gates from you, from you\nNow face your fate, we shut the door on you, on you\nYou might also likeTurn around and die, you're denied forsaken at the gates\nTurn around and die, you're denied forsaken at the gates\nForsaken at the gates!\n\nCorpses laid out for the rapture\nNew world order buried in its tomb!Embed"
}