{
 "_type": "song",
 "annotation_count": 1,
 "api_path": "/songs/742733",
 "artist_names": "The Innocence Mission",
 "full_title": "Gentle the Rain at Home by\u00a0The\u00a0Innocence Mission",
 "header_image_thumbnail_url": "https://images.genius.com/a144d898057a8b4618383b62ab833f2b.300x289x1.jpg",
 "header_image_url": "https://images.genius.com/a144d898057a8b4618383b62ab833f2b.1000x962x1.jpg",
 "id": 742733,
 "instrumental": false,
 "lyrics_owner_id": 1549345,
 "lyrics_state": "complete",
 "lyrics_updated_at": 1587831247,
 "path": "/The-innocence-mission-gentle-the-rain-at-home-lyrics",
 "pyongs_count": null,
 "relationships_index_url": "https://genius.com/The-innocence-mission-gentle-the-rain-at-home-sample",
 "release_date_components": null,
 "release_date_for_display": null,
 "release_date_with_abbreviated_month_for_display": null,
 "song_art_image_thumbnail_url": "https://images.genius.com/a144d898057a8b4618383b62ab833f2b.300x289x1.jpg",
 "song_art_image_url": "https://images.genius.com/a144d898057a8b4618383b62ab833f2b.1000x962x1.jpg",
 "stats": {
  "unreviewed_annotations": 0,
  "hot": false
 },
 "title": "Gentle the Rain at Home",
 "title_with_featured": "Gentle the Rain at Home",
 "updated_by_human_at": 1587831394,
 "url": "https://genius.com/The-innocence-mission-gentle-the-rain-at-home-lyrics",
 "featured_artists": [],
 "primary_artist": {
  "_type": "artist",
  "api_path": "/artists/159317",
  "header_image_url": "https://images.genius.com/2921e7c8f7724dc77b4e7806618206d6.798x389x1.jpg",
  "id": 159317,
  "image_url": "https://images.genius.com/bfdb41de1f39a23e6a2d0889c8b4fcb7.375x375x1.jpg",
  "index_character": "i",
  "is_meme_verified": false,
  "is_verified": false,
  "name": "The Innocence Mission",
  "slug": "The-innocence-mission",
  "url": "https://genius.com/artists/The-innocence-mission"
 },
 "artist": "The Innocence Mission",
 "lyrics": "2 ContributorsGentle the Rain at Home LyricsBrave in the clothes of Georgie's\nYou take a train to the North\nWinding through New York state\nIn the morning, leaves on the floor\n\nGentle the rain at home\nGentle the rain at home\nWhen we can and will return\nWhen we can and will return\n\nHe said I could just take the canoe\nWhenever I need\nAnd if I go back over the lake\nThe clouds may recede\n\nGentle the rain at home\nGentle the rain at home\nWhen we can and will return\nWhen we can and will returnYou might also likeEmbed"
}