{
 "_type": "song",
 "annotation_count": 1,
 "api_path": "/songs/1178675",
 "artist_names": "Lair of the Minotaur",
 "full_title": "Evil Power by\u00a0Lair\u00a0of the Minotaur",
 "header_image_thumbnail_url": "https://images.genius.com/3a6b2ee449eb834d026a27caec4e84f5.300x300x1.jpg",
 "header_image_url": "https://images.genius.com/3a6b2ee449eb834d026a27caec4e84f5.496x496x1.jpg",
 "id": 1178675,
 "instrumental": false,
 "lyrics_owner_id": 1549345,
 "lyrics_state": "complete",
 "lyrics_updated_at": 1429682990,
 "path": "/Lair-of-the-minotaur-evil-power-lyrics",
 "pyongs_count": null,
 "relationships_index_url": "https://genius.com/Lair-of-the-minotaur-evil-power-sample",
 "release_date_components": null,
 "release_date_for_display": null,
 "release_date_with_abbreviated_month_for_display": null,
 "song_art_image_thumbnail_url": "https://images.genius.com/3a6b2ee449eb834d026a27caec4e84f5.300x300x1.jpg",
 "song_art_image_url": "https://images.genius.com/3a6b2ee449eb834d026a27caec4e84f5.496x496x1.jpg",
 "stats": {
  "unreviewed_annotations": 0,
  "hot": false
 },
 "title": "Evil Power",
 "title_with_featured": "Evil Power",
 "updated_by_human_at": 1477044522,
 "url": "https://genius.com/Lair-of-the-minotaur-evil-power-lyrics",
 "featured_artists": [],
 "primary_artist": {
  "_type": "artist",
  "api_path": "/artists/360498",
  "header_image_url": "https://images.genius.com/a47f027143538f3509445eee539db2cc.462x270x1.jpg",
  "id": 360498,
  "image_url": "https://images.genius.com/3bcea0eaab9df1618601083a59e16deb.420x420x1.jpg",
  "index_character": "l",
  "is_meme_verified": false,
  "is_verified": false,
  "name": "Lair of the Minotaur",
  "slug": "Lair-of-the-minotaur",
  "url": "https://genius.com/artists/Lair-of-the-minotaur"
 },
 "artist": "Lair of the Minotaur",
 "lyrics": "1 ContributorEvil Power LyricsAt the dawn of violence\nThe Telkhine wizards met\nOn the peat of Mt. Cithren\nThey vowed malevolence\nThe call for death was sent\nTo command all earth and men\nBehead the mega priest\nBring hell unto the streets\nI hear voices\nMake me kill\nI hear voices\nMake me kill\nEvil Power\nEvil Power\nEvil Power\nOn the wings of malcontent\nAnother billion dead\nUpon your bated breath\nTheir calculated death\nDemonic influence\nCompletely pulls me in\nOur fists raised to the sky\nAs we watch the Goddess die\nI hear voices\nMake me kill\nI hear voices\nSlaughter\nEvil Power\nEvil Power\nEvil PowerYou might also likeEmbed"
}