{
 "_type": "song",
 "annotation_count": 1,
 "api_path": "/songs/1345611",
 "artist_names": "Patty Griffin",
 "full_title": "You'll Remember by\u00a0Patty\u00a0Griffin",
 "header_image_thumbnail_url": "https://images.genius.com/3b55f90be61071401b4df676ec273a79.300x300x1.jpg",
 "header_image_url": "https://images.genius.com/3b55f90be61071401b4df676ec273a79.1000x1000x1.jpg",
 "id": 1345611,
 "instrumental": false,
 "lyrics_owner_id": 1549345,
 "lyrics_state": "complete",
 "lyrics_updated_at": 1429774489,
 "path": "/Patty-griffin-youll-remember-lyrics",
 "pyongs_count": null,
 "relationships_index_url": "https://genius.com/Patty-griffin-youll-remember-sample",
 "release_date_components": null,
 "release_date_for_display": null,
 "release_date_with_abbreviated_month_for_display": null,
 "song_art_image_thumbnail_url": "https://images.genius.com/3b55f90be61071401b4df676ec273a79.300x300x1.jpg",
 "song_art_image_url": "https://images.genius.com/3b55f90be61071401b4df676ec273a79.1000x1000x1.jpg",
 "stats": {
  "unreviewed_annotations": 0,
  "hot": false
 },
 "title": "You\u2019ll Remember",
 "title_with_featured": "You'll Remember",
 "updated_by_human_at": 1440687081,
 "url": "https://genius.com/Patty-griffin-youll-remember-lyrics",
 "featured_artists": [],
 "primary_artist": {
  "_type": "artist",
  "api_path": "/artists/59543",
  "header_image_url": "https://images.genius.com/d53ac662c2f0468cbb1cdd98633e71bf.1000x365x1.png",
  "id": 59543,
  "image_url": "https://images.genius.com/c278e12198b0572e23224a49360189db.386x386x1.png",
  "index_character": "p",
  "is_meme_verified": false,
  "is_verified": false,
  "name": "Patty Griffin",
  "slug": "Patty-griffin",
  "url": "https://genius.com/artists/Patty-griffin"
 },
 "artist": "Patty Griffin",
 "lyrics": "1 ContributorYou\u2019ll Remember LyricsMaybe one day\nAlong the way\nYou'll remember me\nOn this island\n\nSmiling at you\nHow I used to\nMaybe one day\nYou'll remember\n\nAnd it won't be sad\nTo think of all we had\nAll unhappy ends\nWill be behind us then\n\nMaybe one day\nAlong the way\nYou'll think of me\nAnd you'll be smiling\n\nMaybe one day\nMaybe one day\nMaybe one day\nYou'll rememberSee Patty Griffin LiveGet tickets as low as $68You might also likeEmbed"
}