{
 "_type": "song",
 "annotation_count": 6,
 "api_path": "/songs/850850",
 "artist_names": "Bad Religion (Ft. Sage Francis)",
 "full_title": "Let Them Eat War by\u00a0Bad\u00a0Religion (Ft.\u00a0Sage\u00a0Francis)",
 "header_image_thumbnail_url": "https://images.genius.com/c1fa894d781341ca92e68120c8e6efd3.300x300x1.jpg",
 "header_image_url": "https://images.genius.com/c1fa894d781341ca92e68120c8e6efd3.1000x1000x1.jpg",
 "id": 850850,
 "instrumental": false,
 "lyrics_owner_id": 8809706,
 "lyrics_state": "complete",
 "lyrics_updated_at": 1650592317,
 "path": "/Bad-religion-let-them-eat-war-lyrics",
 "pyongs_count": 3,
 "relationships_index_url": "https://genius.com/Bad-religion-let-them-eat-war-sample",
 "release_date_components": {
  "year": 2004,
  "month": 6,
  "day": 2
 },
 "release_date_for_display": "June 2, 2004",
 "release_date_with_abbreviated_month_for_display": "Jun. 2, 2004",
 "song_art_image_thumbnail_url": "https://images.genius.com/c1fa894d781341ca92e68120c8e6efd3.300x300x1.jpg",
 "song_art_image_url": "https://images.genius.com/c1fa894d781341ca92e68120c8e6efd3.1000x1000x1.jpg",
 "stats": {
  "unreviewed_annotations": 6,
  "hot": false,
  "pageviews": 7210
 },
 "title": "Let Them Eat War",
 "title_with_featured": "Let Them Eat War (Ft.\u00a0Sage\u00a0Francis)",
 "updated_by_human_at": 1672340317,
 "url": "https://genius.com/Bad-religion-let-them-eat-war-lyrics",
 "featured_artists": [
  {
   "_type": "artist",
   "api_path": "/artists/501",
   "header_image_url": "https://images.genius.com/7e16c9d5d89dac08d8c72daacef12cc1.1000x333x1.jpg",
   "id": 501,
   "image_url": "https://images.genius.com/8b24619eca032daebf0caa5c44aa746d.512x341x1.jpg",
   "index_character": "s",
   "is_meme_verified": true,
   "is_verified": true,
   "name": "Sage Francis",
   "slug": "Sage-francis",
   "url": "https://genius.com/artists/Sage-francis",
   "iq": 100
  }
 ],
 "primary_artist": {
  "_type": "artist",
  "api_path": "/artists/27995",
  "header_image_url": "https://images.genius.com/b766ef1fcc6ac1aec860011f47c733b9.600x318x1.jpg",
  "id": 27995,
  "image_url": "https://images.genius.com/1e83d6e2d3f1399eb6792ca760626ae1.1000x1000x1.jpg",
  "index_character": "b",
  "is_meme_verified": false,
  "is_verified": false,
  "name": "Bad Religion",
  "slug": "Bad-religion",
  "url": "https://genius.com/artists/Bad-religion"
 },
 "artist": "Bad Religion",
 "lyrics": "15 ContributorsLet Them Eat War Lyrics[Verse 1: Greg Graffin]\nThere's a prophet on a mountain and he's makin' up dinner\nWith long division and a riding crop\nAnybody can feel like a winner when it's served up piping hot\nBut the people aren't lookin' for a handout\nThey're America's working corps\nCan this be what they voted for?\n\n[Chorus: Greg Graffin]\nLet them eat war (Ah, ah-ah, ah)\nLet them eat war\nThat's how to ration the poor\nLet them eat war (Ah, ah-ah, ah)\nLet them eat war\nThere's an urgent need to feed\nDeclining pride\n\n[Verse 2: Greg Graffin]\nFrom the force to the union shops\nThe war economy is makin' new jobs\nBut the people who benefit most\nAre breakin' bread with their benevolent hosts\nWho never stole from the rich to give to the poor\nAll they ever gave to them was a war\nAnd a foreign enemy to deplore\nSee Bad Religion LiveGet tickets as low as $30You might also like[Chorus: Greg Graffin]\nLet them eat war (Ah, ah-ah, ah)\nLet them eat war\nThat's how to ration the poor\nLet them eat war (Ah, ah-ah, ah)\nLet them eat war\nThere's an urgent need to feed\nDeclining pride\n\n[Guitar Solo]\n\n[Interlude: Sage Francis]\nWe've got to kill 'em and eat 'em before they reach for their checks\nSqueeze some blue collars, let them bleed from their necks\nSeize a few dollars from the people who sweat\n'Cause it's freedom or debt, and they won't question it\nAt a job site, the boss is godlike\nConditioned workhorses park at a stoplight\nSeasoned vets with their feet in nets\nA stone's throw away from a rock fight\nBut not tonight\n\n[Bridge: Greg Graffin, Sage Francis, Both]\n(Feed 'em death) Here comes another ration\n(Feed 'em death) 'Cause they're the finest in the nation\n(Feed 'em death) But there's nothing left to feed 'em with\n'Cause it's freedom, or it's death\n[Chorus: Greg Graffin]\nLet them eat war (Ah, ah-ah, ah)\nLet them eat war\nThat's how to ration the poor\nLet them eat war (Ah, ah-ah, ah)\nLet them eat war\nThere's an urgent need to feed3Embed"
}