{
 "_type": "song",
 "annotation_count": 1,
 "api_path": "/songs/1323009",
 "artist_names": "Gary Puckett & The Union Gap",
 "full_title": "This Girl Is A Woman Now by\u00a0Gary\u00a0Puckett & The Union Gap",
 "header_image_thumbnail_url": "https://images.genius.com/2c8b2a743bf0eec2d5af5cd89cdac87a.256x256x1.jpg",
 "header_image_url": "https://images.genius.com/2c8b2a743bf0eec2d5af5cd89cdac87a.256x256x1.jpg",
 "id": 1323009,
 "instrumental": false,
 "lyrics_owner_id": 1549345,
 "lyrics_state": "complete",
 "lyrics_updated_at": 1429764462,
 "path": "/Gary-puckett-and-the-union-gap-this-girl-is-a-woman-now-lyrics",
 "pyongs_count": null,
 "relationships_index_url": "https://genius.com/Gary-puckett-and-the-union-gap-this-girl-is-a-woman-now-sample",
 "release_date_components": null,
 "release_date_for_display": null,
 "release_date_with_abbreviated_month_for_display": null,
 "song_art_image_thumbnail_url": "https://images.genius.com/2c8b2a743bf0eec2d5af5cd89cdac87a.256x256x1.jpg",
 "song_art_image_url": "https://images.genius.com/2c8b2a743bf0eec2d5af5cd89cdac87a.256x256x1.jpg",
 "stats": {
  "unreviewed_annotations": 0,
  "hot": false
 },
 "title": "This Girl Is A Woman Now",
 "title_with_featured": "This Girl Is A Woman Now",
 "updated_by_human_at": 1479139649,
 "url": "https://genius.com/Gary-puckett-and-the-union-gap-this-girl-is-a-woman-now-lyrics",
 "featured_artists": [],
 "primary_artist": {
  "_type": "artist",
  "api_path": "/artists/367355",
  "header_image_url": "https://images.genius.com/2c8b2a743bf0eec2d5af5cd89cdac87a.256x256x1.jpg",
  "id": 367355,
  "image_url": "https://images.genius.com/2c8b2a743bf0eec2d5af5cd89cdac87a.256x256x1.jpg",
  "index_character": "g",
  "is_meme_verified": false,
  "is_verified": false,
  "name": "Gary Puckett & The Union Gap",
  "slug": "Gary-puckett-and-the-union-gap",
  "url": "https://genius.com/artists/Gary-puckett-and-the-union-gap"
 },
 "artist": "Gary Puckett & The Union Gap",
 "lyrics": "1 ContributorThis Girl Is A Woman Now LyricsThis girl walked in dreams\nPlaying in a world of her own\nThis girl was a child\nExisting in a playground of stone\n\nThen one night her world was changed\nHer life and dreams were rearranged\nAnd she would never be the same again\n\nThis girl is a woman now\nShe's learned how to give\nThis girl is a woman now\nShe's found out what it's all about and she's learning\nLearning to live\n\nThis girl tasted love\nAs tender as the gentle dawn\nShe cried a single tear\nA teardrop that was sweet and warm\n\nOur hearts told us we were right\nAnd on that sweet and velvet night\nA child had died\nA woman had been born\n\nThis girl is a woman now\nShe's learned how to give\nThis girl is a woman now\nShe's found out what it's all about and she's learning\nLearning to live\nYou might also likeThis girl is a woman now\nShe's learned how to give\nThis girl is a woman now\nShe's found out what it's all about and she's learning, learning, learning to live\n\nThis girl is a woman now\nShe's learned how to give\nThis girlEmbed"
}