{
 "_type": "song",
 "annotation_count": 4,
 "api_path": "/songs/419860",
 "artist_names": "Usher",
 "full_title": "There Goes My Baby by\u00a0Usher",
 "header_image_thumbnail_url": "https://images.genius.com/0234b96bc21b3befb5ef8039d45b81bb.300x300x1.jpg",
 "header_image_url": "https://images.genius.com/0234b96bc21b3befb5ef8039d45b81bb.600x600x1.jpg",
 "id": 419860,
 "instrumental": false,
 "lyrics_owner_id": 728539,
 "lyrics_state": "complete",
 "lyrics_updated_at": 1556436219,
 "path": "/Usher-there-goes-my-baby-lyrics",
 "pyongs_count": 6,
 "relationships_index_url": "https://genius.com/Usher-there-goes-my-baby-sample",
 "release_date_components": {
  "year": 2010,
  "month": 3,
  "day": 26
 },
 "release_date_for_display": "March 26, 2010",
 "release_date_with_abbreviated_month_for_display": "Mar. 26, 2010",
 "song_art_image_thumbnail_url": "https://images.genius.com/70340b0ecd804d356cd86ddd5c549fe7.300x300x1.jpg",
 "song_art_image_url": "https://images.genius.com/70340b0ecd804d356cd86ddd5c549fe7.600x600x1.jpg",
 "stats": {
  "unreviewed_annotations": 0,
  "hot": false,
  "pageviews": 40657
 },
 "title": "There Goes My Baby",
 "title_with_featured": "There Goes My Baby",
 "updated_by_human_at": 1686560474,
 "url": "https://genius.com/Usher-there-goes-my-baby-lyrics",
 "featured_artists": [],
 "primary_artist": {
  "_type": "artist",
  "api_path": "/artists/132",
  "header_image_url": "https://images.genius.com/49b85651a22526cc3e9d778eb25128fe.1000x333x1.jpg",
  "id": 132,
  "image_url": "https://images.genius.com/0193dc25105a555908860349ee367bf7.400x400x1.jpg",
  "index_character": "u",
  "is_meme_verified": false,
  "is_verified": true,
  "name": "Usher",
  "slug": "Usher",
  "url": "https://genius.com/artists/Usher",
  "iq": 565
 },
 "artist": "Usher",
 "lyrics": "13 ContributorsThere Goes My Baby Lyrics[Produced by Jim Jonsin and Rico Love]\n\n[Intro]\nYeah... right...\nUsher baby... okay, yeah man\nRight... (turn the lights off)\n\n[Chorus]\nThere goes my baby\n(Oooh, girl, look at you)\nYou don't know how good it feels to call you my girl\nThere goes my baby\nLoving everything you do\nOooh, girl, look at you\n\n[Verse 1]\nBet you ain't know that I be checking you out when you be putting your heels on\nI swear, your body's so perfect, baby\nHow you work it, baby yeah, wooo!\nI love the way that you be poking it out, girl\nGive me something to feel on\nSo please believe we gone be twerking it out\nBy the end of the night, baby\n\n[Pre-Chorus]\nI've been waiting all day to wrap my hands\nAround your waist and kiss your face\nWouldn't trade this feeling for nothing\n(Not even for a minute)\nAnd I'll sit here long as it takes\nTo get you all alone\nBut as soon as you come walking my way\nYou gon' hear me say\nSee Usher LiveGet tickets as low as $56You might also like[Chorus]\nThere goes my baby\n(Oooh, girl, look at you)\nYou don't know how good it feels to call you my girl\nThere goes my baby\nLoving everything you do\nOooh, girl, look at you\n\n[Verse 2]\nI get the chills whenever I see your face and you in the place, girl\nFeel like I'm in a movie, baby\nI'm like, \"Oowee, baby\"\nLike waterfalls, your hair falls down to your waist\nCan I get a taste, girl?\nNo need to creep, 'cause baby, I ain't ashamed\nOf calling your name, girl\n\n[Pre-Chorus]\nI've been waiting all day to wrap my hands\nAround your waist and kiss your face\nWouldn't trade this feeling for nothing\nNot even for a minute\nAnd I'll sit here long as it takes\nTo get you all alone\nBut as soon as you come walking my way\nYou gon' hear me say\n[Chorus]\nThere goes my baby\n(Oooh, girl, look at you)\nYou don't know how good it feels to call you my girl\nThere goes my baby\nLoving everything you do\nOooh, girl, look at you\n\n[Bridge]\nAnd girl, I feel like it's our first time every time we get together\nBaby, loving you feels better than\nEverything, anything\nPut on my heart, you don't need a ring\nAnd I promise\nOur time away won't change my love\n\n[Chorus]\nThere goes my baby\n(Oooh, girl, look at you)\nYou don't know how good it feels to call you my girl\nThere goes my baby\nLoving everything you do\nOooh, girl, look at you\nThere goes my baby\n(Oooh, girl, look at you)\nYou don't know how good it feels to call you my girl\nThere goes my baby\nLoving everything you do\nOooh, girl, look at you6Embed"
}