{
 "_type": "song",
 "annotation_count": 6,
 "api_path": "/songs/365626",
 "artist_names": "Bobby Caldwell",
 "full_title": "What You Won't Do for Love by\u00a0Bobby\u00a0Caldwell",
 "header_image_thumbnail_url": "https://images.genius.com/17f9b921e11f60095fe09dbc4c75ecf9.300x300x1.jpg",
 "header_image_url": "https://images.genius.com/17f9b921e11f60095fe09dbc4c75ecf9.1000x1000x1.jpg",
 "id": 365626,
 "instrumental": false,
 "lyrics_owner_id": 170881,
 "lyrics_state": "complete",
 "lyrics_updated_at": 1688421461,
 "path": "/Bobby-caldwell-what-you-wont-do-for-love-lyrics",
 "pyongs_count": 36,
 "relationships_index_url": "https://genius.com/Bobby-caldwell-what-you-wont-do-for-love-sample",
 "release_date_components": {
  "year": 1978,
  "month": 12,
  "day": null
 },
 "release_date_for_display": "December 1978",
 "release_date_with_abbreviated_month_for_display": "Dec. 1978",
 "song_art_image_thumbnail_url": "https://images.genius.com/67211fc169a9d8e634522009405e167e.300x300x1.jpg",
 "song_art_image_url": "https://images.genius.com/67211fc169a9d8e634522009405e167e.700x700x1.jpg",
 "stats": {
  "unreviewed_annotations": 3,
  "hot": false,
  "pageviews": 366259
 },
 "title": "What You Won\u2019t Do for Love",
 "title_with_featured": "What You Won't Do for Love",
 "updated_by_human_at": 1690387695,
 "url": "https://genius.com/Bobby-caldwell-what-you-wont-do-for-love-lyrics",
 "featured_artists": [],
 "primary_artist": {
  "_type": "artist",
  "api_path": "/artists/100332",
  "header_image_url": "https://images.genius.com/652bcffb24ea3cf0cd7fc5306a6c64fb.1000x667x1.jpg",
  "id": 100332,
  "image_url": "https://images.genius.com/898c8fe39c76795bc92cb65b82694b3f.664x664x1.jpg",
  "index_character": "b",
  "is_meme_verified": false,
  "is_verified": false,
  "name": "Bobby Caldwell",
  "slug": "Bobby-caldwell",
  "url": "https://genius.com/artists/Bobby-caldwell"
 },
 "artist": "Bobby Caldwell",
 "lyrics": "52 ContributorsWhat You Won\u2019t Do for Love Lyrics[Verse 1]\nI guess you wonder where I've been\nI searched to find a love within\n\n[Refrain]\nI came back to let you know\nGot a thing for you and I can't let go\n\n[Verse 2]\nMy friends wonder what is wrong with me\nWell, I'm in a daze from your love, you see\n\n[Refrain]\nI came back to let you know\nGot a thing for you and I can't let it go\n\n[Pre-Chorus]\nSome people go around the world for love\nBut they may never find what they dream of\n\n[Chorus]\nWhat you won't do, do for love\nYou've tried everything, but you don't give up\nIn my world, only you\nMake me do for love what I would not do\nYou might also like[Verse 3]\nMy friends wonder what is wrong with me\nWell, I'm in a daze from your love, you see\n\n[Refrain]\nI came back to let you know\nGot a thing for you and I can't let go\n\n[Pre-Chorus]\nAnd though I only want the best, it's true\nI can't believe the things I do for you\n\n[Chorus]\nWhat you won't do, do for love\nYou've tried everything, but you won't give up\nIn my world, only you\nMake me do for love what I would not do\nMake me do for love what I would not do\nMake me do for love what I would not do\nMake me do for love what I would not do\n\n[Instrumental Outro]36Embed"
}