{
 "_type": "song",
 "annotation_count": 1,
 "api_path": "/songs/1196014",
 "artist_names": "Hail The Villain",
 "full_title": "Take Back the Fear by\u00a0Hail\u00a0The Villain",
 "header_image_thumbnail_url": "https://images.genius.com/d75229dff0463e3057d156ed17557150.300x300x1.jpg",
 "header_image_url": "https://images.genius.com/d75229dff0463e3057d156ed17557150.500x500x1.jpg",
 "id": 1196014,
 "instrumental": false,
 "lyrics_owner_id": 3928,
 "lyrics_state": "complete",
 "lyrics_updated_at": 1610498842,
 "path": "/Hail-the-villain-take-back-the-fear-lyrics",
 "pyongs_count": null,
 "relationships_index_url": "https://genius.com/Hail-the-villain-take-back-the-fear-sample",
 "release_date_components": {
  "year": 2010,
  "month": 4,
  "day": 19
 },
 "release_date_for_display": "April 19, 2010",
 "release_date_with_abbreviated_month_for_display": "Apr. 19, 2010",
 "song_art_image_thumbnail_url": "https://images.genius.com/d75229dff0463e3057d156ed17557150.300x300x1.jpg",
 "song_art_image_url": "https://images.genius.com/d75229dff0463e3057d156ed17557150.500x500x1.jpg",
 "stats": {
  "unreviewed_annotations": 0,
  "hot": false
 },
 "title": "Take Back the Fear",
 "title_with_featured": "Take Back the Fear",
 "updated_by_human_at": 1672092316,
 "url": "https://genius.com/Hail-the-villain-take-back-the-fear-lyrics",
 "featured_artists": [],
 "primary_artist": {
  "_type": "artist",
  "api_path": "/artists/377426",
  "header_image_url": "https://images.genius.com/a6019ee1b60bc5d8d4836f651bf495d6.533x533x1.jpg",
  "id": 377426,
  "image_url": "https://images.genius.com/a6019ee1b60bc5d8d4836f651bf495d6.533x533x1.jpg",
  "index_character": "h",
  "is_meme_verified": false,
  "is_verified": false,
  "name": "Hail The Villain",
  "slug": "Hail-the-villain",
  "url": "https://genius.com/artists/Hail-the-villain"
 },
 "artist": "Hail The Villain",
 "lyrics": "6 ContributorsTake Back the Fear Lyrics[Verse 1]\nWhat I believe is all that I am\nTake it away, I'm only a man\nBack from the dead and now it appears\nI'll be the one to take back the fear\nKill or be killed, that isn't me\nMaybe it's you dying to be\nSomebody else, man of the year\nBut I am the one to take back the fear\n\n[Chorus]\nDon't want it taken away\nDon't want anything taken away\nDon't want anything taken away\nDon't want anything taken away from me\nIt's all that I believe\nDon't want anything taken away\nDon't want anything taken away\nDon't want anything taken away from me\nIt's all that I believe\n\n[Verse 2]\nMessage of hate, fading away\nMy love and my failures, one and the same\nNow that I'm back, painfully clear\nI'll be the one to take back the fear\nYou might also like[Chorus]\nDon't want it taken away\nDon't want anything taken away\nDon't want anything taken away\nDon't want anything taken away from me\nIt's all that I believe\nDon't want anything taken away\nDon't want anything taken away\nDon't want anything taken away from me\nWhen it seems that everything is all a dream\nEverything's not what it seems\nEven I cannot believe in me easily\n\n[Chorus]\nDon't want anything taken away\nDon't want anything taken away\nDon't want anything taken away from me\nIt's all that I believe\nDon't want anything taken away\nDon't want anything taken away\nDon't want anything taken away from me\nWhen it seems that everything is all a dream\nEverything's not what it seems\nEven I cannot believe in me easily\nDon't want anything taken away\nDon't want anything taken away\nDon't want anything taken away from me\nIt's all that I believeEmbed"
}