{
 "_type": "song",
 "annotation_count": 7,
 "api_path": "/songs/586400",
 "artist_names": "Silverchair",
 "full_title": "Tomorrow by\u00a0Silverchair",
 "header_image_thumbnail_url": "https://images.genius.com/c6cd2efe0bb633ea4f6746a04b14b23e.300x300x1.jpg",
 "header_image_url": "https://images.genius.com/c6cd2efe0bb633ea4f6746a04b14b23e.1000x1000x1.jpg",
 "id": 586400,
 "instrumental": false,
 "lyrics_owner_id": 651356,
 "lyrics_state": "complete",
 "lyrics_updated_at": 1683454139,
 "path": "/Silverchair-tomorrow-lyrics",
 "pyongs_count": 5,
 "relationships_index_url": "https://genius.com/Silverchair-tomorrow-sample",
 "release_date_components": {
  "year": 1994,
  "month": 9,
  "day": 16
 },
 "release_date_for_display": "September 16, 1994",
 "release_date_with_abbreviated_month_for_display": "Sep. 16, 1994",
 "song_art_image_thumbnail_url": "https://images.genius.com/e2978952b0eef9db23ca99c2a07fbcdd.300x300x1.png",
 "song_art_image_url": "https://images.genius.com/e2978952b0eef9db23ca99c2a07fbcdd.559x559x1.png",
 "stats": {
  "unreviewed_annotations": 6,
  "hot": false,
  "pageviews": 78335
 },
 "title": "Tomorrow",
 "title_with_featured": "Tomorrow",
 "updated_by_human_at": 1683454139,
 "url": "https://genius.com/Silverchair-tomorrow-lyrics",
 "featured_artists": [],
 "primary_artist": {
  "_type": "artist",
  "api_path": "/artists/38582",
  "header_image_url": "https://images.genius.com/ab99694dfbd35e0ae2033e5b1ea84960.995x1000x1.jpg",
  "id": 38582,
  "image_url": "https://images.genius.com/e865b2bc7496b73ebd27f9d6e0fdf0f9.1000x1000x1.jpg",
  "index_character": "s",
  "is_meme_verified": false,
  "is_verified": false,
  "name": "Silverchair",
  "slug": "Silverchair",
  "url": "https://genius.com/artists/Silverchair"
 },
 "artist": "Silverchair",
 "lyrics": "23 ContributorsTomorrow Lyrics[Verse 1]\nIt's twelve o'clock and it's a wonderful day\nI know you hate me, but I'll ask anyway\nWon't you come with me to a place in a little town?\nThe only way to get there's to go straight down\nThere's no bathroom and there is no sink\nThe water out of the tap is very hard to drink\n\n[Pre-Chorus]\nVery hard to drink\n\n[Chorus]\nYou wait until tomorrow\nYou wait until tomorrow\n\n[Verse 2]\nYou say that money isn't everything\nBut I'd like to see you live without it\nYou think you can keep on goin\u2019, livin\u2019 like a king\nOoh, babe, but I strongly doubt it\n\n[Pre-Chorus]\nVery hard to drink\nVery hard to drink!\n\n[Chorus]\nYou gonna wait too, fat boy\nFat boy, wait until tomorrow\nYou gonna wait too, fat boy\nFat boy, wait until tomorrow\nYou might also like[Outro]\nYou wait until tomorrow\nYou wait until tomorrow\nYou gonna wait too, fat boy\nFat boy, wait until tomorrow\nYou gonna wait too, fat boy\nFat boy, wait until tomorrow\nOh5Embed"
}