{
 "_type": "song",
 "annotation_count": 1,
 "api_path": "/songs/1258998",
 "artist_names": "Taio Cruz (Ft. Kesha)",
 "full_title": "Dirty Picture by\u00a0Taio\u00a0Cruz (Ft.\u00a0Kesha)",
 "header_image_thumbnail_url": "https://images.genius.com/ede6416d4d0482de66dcd1cc0e9b7410.300x300x1.png",
 "header_image_url": "https://images.genius.com/ede6416d4d0482de66dcd1cc0e9b7410.1000x1000x1.png",
 "id": 1258998,
 "instrumental": false,
 "lyrics_owner_id": 2171344,
 "lyrics_state": "complete",
 "lyrics_updated_at": 1537079118,
 "path": "/Taio-cruz-dirty-picture-lyrics",
 "pyongs_count": null,
 "relationships_index_url": "https://genius.com/Taio-cruz-dirty-picture-sample",
 "release_date_components": {
  "year": 2009,
  "month": 10,
  "day": 12
 },
 "release_date_for_display": "October 12, 2009",
 "release_date_with_abbreviated_month_for_display": "Oct. 12, 2009",
 "song_art_image_thumbnail_url": "https://images.genius.com/ede6416d4d0482de66dcd1cc0e9b7410.300x300x1.png",
 "song_art_image_url": "https://images.genius.com/ede6416d4d0482de66dcd1cc0e9b7410.1000x1000x1.png",
 "stats": {
  "unreviewed_annotations": 0,
  "hot": false
 },
 "title": "Dirty Picture",
 "title_with_featured": "Dirty Picture (Ft.\u00a0Kesha)",
 "updated_by_human_at": 1685885776,
 "url": "https://genius.com/Taio-cruz-dirty-picture-lyrics",
 "featured_artists": [
  {
   "_type": "artist",
   "api_path": "/artists/1519",
   "header_image_url": "https://images.genius.com/be8ccbc8e4ac0c79540a58e0b53301e2.1000x165x1.png",
   "id": 1519,
   "image_url": "https://images.genius.com/ffc5b672c69d31abbf4cbea21be208af.1000x1000x1.jpg",
   "index_character": "k",
   "is_meme_verified": false,
   "is_verified": true,
   "name": "Kesha",
   "slug": "Kesha",
   "url": "https://genius.com/artists/Kesha",
   "iq": 1380
  }
 ],
 "primary_artist": {
  "_type": "artist",
  "api_path": "/artists/2395",
  "header_image_url": "https://images.genius.com/aabefcf84b9b73f973fe650f8f32824d.820x312x1.jpg",
  "id": 2395,
  "image_url": "https://images.genius.com/23959b8d50bc4fcf771a57dc0bc06341.500x500x1.png",
  "index_character": "t",
  "is_meme_verified": false,
  "is_verified": true,
  "name": "Taio Cruz",
  "slug": "Taio-cruz",
  "url": "https://genius.com/artists/Taio-cruz",
  "iq": 100
 },
 "artist": "Taio Cruz",
 "lyrics": "10 ContributorsDirty Picture Lyrics[Verse 1: Taio Cruz]\nI could dream of ways to see you\nI could close my eyes to dream\nI could fantasize about you\nTell the world what I believe\nBut whenever I'm not with you\nIt's so hard for me to see\nI need to see a picture of you\nA special picture just for me, yeah\n\n[Chorus: Taio Cruz & Ke$ha]\nSo take a dirty picture for me\nTake a dirty picture\nTake a dirty picture for me\nTake a dirty picture\nSend a dirty picture to me\nSend a dirty picture\nSend a dirty picture to me\nSend a dirty picture\nPicture, picture, picture, picture\n\n[Post-Chorus: Taio Cruz]\nSnap\nSnap\nUh\nYou might also like[Verse 2: Taio Cruz]\nWhenever you are gone, I just wanna be with ya\nPlease don't get me wrong, I just wanna see a picture\nTake a dirty picture for me\nTake a dirty picture\nTake a dirty picture for me\nTake a dirty picture\n\n[Verse 3: Ke$ha]\nWhenever you are gone, I just wanna be wit ya\nPlease don't get me wrong, I just wanna see your picture\nTake a dirty picture for me\nTake a dirty picture\nTake a dirty picture for me\nTake a dirty picture\n\n[Pre-Chorus: Taio Cruz with Ke$ha]\nI could dream of ways to see you\nI could close my eyes to dream\nFantasize about this with you\nBut the way is never seen, oh\n\n[Chorus: Taio Cruz & Ke$ha]\nTake a dirty picture for me\nTake a dirty picture\nTake a dirty picture for me\nTake a dirty picture\nJust send a dirty picture to me\nSend a dirty picture\nSend a dirty picture to me\nSend a dirty picture\n[Post-Chorus: Taio Cruz & Ke$ha]\nAh\nSnap\nSnap\nSnap\n\n[Bridge: Taio Cruz & Ke$ha]\nWhenever you are gone, I just wanna be wit ya\nPlease don't get me wrong, I just wanna see your picture\nTake a dirty picture for me\nTake a dirty picture\nTake a dirty picture for me\nTake a dirty picture\n\n[Verse 4: Ke$ha]\nWhen you're all alone, boy, I got something to give ya\nWill ya play along if I take a dirty picture?\nI'll take a dirty picture for ya\nTake a dirty picture\nI'll take a dirty picture for ya\nTake a dirty picture (picture)\n\n[Chorus: Taio Cruz & Ke$ha]\nTake a dirty picture for me\nTake a dirty picture\nTake a dirty picture for me\nTake a dirty picture\nSend a dirty picture to me\nSend a dirty picture\nSend a dirty picture to me\nSend a dirty picture\nPicture, picture, picture\n[Outro: Taio Cruz & Ke$ha]\nSnap, uh\nSnap\nSnap\nClick, click, snapEmbed"
}