{
 "_type": "song",
 "annotation_count": 1,
 "api_path": "/songs/1753501",
 "artist_names": "Tarralyn Ramsey",
 "full_title": "Unconditional Love by\u00a0Tarralyn\u00a0Ramsey",
 "header_image_thumbnail_url": "https://images.genius.com/f8e834e02853c09d90956301310dc039.300x300x1.jpg",
 "header_image_url": "https://images.genius.com/f8e834e02853c09d90956301310dc039.995x995x1.jpg",
 "id": 1753501,
 "instrumental": false,
 "lyrics_owner_id": 1549345,
 "lyrics_state": "complete",
 "lyrics_updated_at": 1430203626,
 "path": "/Tarralyn-ramsey-unconditional-love-lyrics",
 "pyongs_count": null,
 "relationships_index_url": "https://genius.com/Tarralyn-ramsey-unconditional-love-sample",
 "release_date_components": null,
 "release_date_for_display": null,
 "release_date_with_abbreviated_month_for_display": null,
 "song_art_image_thumbnail_url": "https://images.genius.com/f8e834e02853c09d90956301310dc039.300x300x1.jpg",
 "song_art_image_url": "https://images.genius.com/f8e834e02853c09d90956301310dc039.995x995x1.jpg",
 "stats": {
  "unreviewed_annotations": 0,
  "hot": false
 },
 "title": "Unconditional Love",
 "title_with_featured": "Unconditional Love",
 "updated_by_human_at": 1699174375,
 "url": "https://genius.com/Tarralyn-ramsey-unconditional-love-lyrics",
 "featured_artists": [],
 "primary_artist": {
  "_type": "artist",
  "api_path": "/artists/362195",
  "header_image_url": "https://assets.genius.com/images/default_avatar_300.png?1699303299",
  "id": 362195,
  "image_url": "https://assets.genius.com/images/default_avatar_300.png?1699303299",
  "index_character": "t",
  "is_meme_verified": false,
  "is_verified": false,
  "name": "Tarralyn Ramsey",
  "slug": "Tarralyn-ramsey",
  "url": "https://genius.com/artists/Tarralyn-ramsey"
 },
 "artist": "Tarralyn Ramsey",
 "lyrics": "2 ContributorsUnconditional Love LyricsBeen in love so many times before\nEveryone I loved walked right out the door\nBut I never knew that I'd\nFind someone like you\n\nTake me by the hand\nAnd help me to stand\nI never knew that I'd find someone\n\nChorus:\nGive me unconditional love (repeat 3 times)\n\nVamp:\nLove me right\nHold me tight\nLord I love you\nLord I love youYou might also likeEmbed"
}