{
 "_type": "song",
 "annotation_count": 0,
 "api_path": "/songs/1310666",
 "artist_names": "Los Cadetes De Linares",
 "full_title": "Las Tres Tumbas by\u00a0Los\u00a0Cadetes De Linares",
 "header_image_thumbnail_url": "https://images.genius.com/fa1b45bf31877e18ec10d8aa624a4936.300x300x1.jpg",
 "header_image_url": "https://images.genius.com/fa1b45bf31877e18ec10d8aa624a4936.600x600x1.jpg",
 "id": 1310666,
 "instrumental": false,
 "lyrics_owner_id": 8998316,
 "lyrics_state": "complete",
 "lyrics_updated_at": 1585026659,
 "path": "/Los-cadetes-de-linares-las-tres-tumbas-lyrics",
 "pyongs_count": null,
 "relationships_index_url": "https://genius.com/Los-cadetes-de-linares-las-tres-tumbas-sample",
 "release_date_components": {
  "year": 1995,
  "month": null,
  "day": null
 },
 "release_date_for_display": "1995",
 "release_date_with_abbreviated_month_for_display": "1995",
 "song_art_image_thumbnail_url": "https://images.genius.com/fa1b45bf31877e18ec10d8aa624a4936.300x300x1.jpg",
 "song_art_image_url": "https://images.genius.com/fa1b45bf31877e18ec10d8aa624a4936.600x600x1.jpg",
 "stats": {
  "unreviewed_annotations": 0,
  "hot": false
 },
 "title": "Las Tres Tumbas",
 "title_with_featured": "Las Tres Tumbas",
 "updated_by_human_at": 1585026659,
 "url": "https://genius.com/Los-cadetes-de-linares-las-tres-tumbas-lyrics",
 "featured_artists": [],
 "primary_artist": {
  "_type": "artist",
  "api_path": "/artists/359614",
  "header_image_url": "https://images.genius.com/6349863fac3eab59daf91fb8ba0d1240.421x421x1.jpg",
  "id": 359614,
  "image_url": "https://images.genius.com/6349863fac3eab59daf91fb8ba0d1240.421x421x1.jpg",
  "index_character": "l",
  "is_meme_verified": false,
  "is_verified": false,
  "name": "Los Cadetes De Linares",
  "slug": "Los-cadetes-de-linares",
  "url": "https://genius.com/artists/Los-cadetes-de-linares"
 },
 "artist": "Los Cadetes De Linares",
 "lyrics": "3 ContributorsLas Tres Tumbas LyricsSalieron de madrugada, se o\u00eda el canto de los gallos\nIban hacer dos jornadas al lomo de sus caballos\nLa fiesta se celebraba en el Rancho del Pitayo\n\nSu padre les dio un consejo, cuando a partir se aprestaban\n\"Cuiden muy bien el pellejo, porque la vida se acaba\"\nEn las palabras del viejo, los tres hermanos pensaban\n\nPedro le dice a Fabi\u00e1n, \"Dale un trago a Jos\u00e9 Luis\nQue beba de ese mezcal pa' que se sienta feliz\nQue ahorita nom\u00e1s al llegar nos vamos a divertir\"\n\nCuando arribaron al baile, a bailar se dirigieron\nLa muerte andaba en el aire, ellos no la presintieron\nComo les dijo su padre, cuando del rancho salieron\n\nEran muchos los rivales, viejos rencores surgieron\nRondando tras los jacales abrieron todos el fuego\nAs\u00ed matan los cobardes cuando los acosa el miedo\n\nUn viejito solitario, sin esperanza ninguna\nCuida el rancho y tres caballos como toda su fortuna\nVa al pante\u00f3n de vez en cuando a visitar las tres tumbasYou might also likeEmbed"
}