{
 "_type": "song",
 "annotation_count": 2,
 "api_path": "/songs/395237",
 "artist_names": "Soul for Real",
 "full_title": "Candy Rain by\u00a0Soul\u00a0for Real",
 "header_image_thumbnail_url": "https://images.genius.com/e9a5fde3ad73ed2dc377b36350c1c9fc.300x300x1.jpg",
 "header_image_url": "https://images.genius.com/e9a5fde3ad73ed2dc377b36350c1c9fc.800x800x1.jpg",
 "id": 395237,
 "instrumental": false,
 "lyrics_owner_id": 84507,
 "lyrics_state": "complete",
 "lyrics_updated_at": 1674598608,
 "path": "/Soul-for-real-candy-rain-lyrics",
 "pyongs_count": 29,
 "relationships_index_url": "https://genius.com/Soul-for-real-candy-rain-sample",
 "release_date_components": {
  "year": 1994,
  "month": 11,
  "day": 15
 },
 "release_date_for_display": "November 15, 1994",
 "release_date_with_abbreviated_month_for_display": "Nov. 15, 1994",
 "song_art_image_thumbnail_url": "https://images.genius.com/e9a5fde3ad73ed2dc377b36350c1c9fc.300x300x1.jpg",
 "song_art_image_url": "https://images.genius.com/e9a5fde3ad73ed2dc377b36350c1c9fc.800x800x1.jpg",
 "stats": {
  "unreviewed_annotations": 0,
  "hot": false,
  "pageviews": 205553
 },
 "title": "Candy Rain",
 "title_with_featured": "Candy Rain",
 "updated_by_human_at": 1689547853,
 "url": "https://genius.com/Soul-for-real-candy-rain-lyrics",
 "featured_artists": [],
 "primary_artist": {
  "_type": "artist",
  "api_path": "/artists/160846",
  "header_image_url": "https://images.genius.com/b2e6face8a3e295d3862f4cc3ea0ec42.720x479x1.png",
  "id": 160846,
  "image_url": "https://images.genius.com/00426afe48aaeca6697f0578fefae381.328x328x1.jpg",
  "index_character": "s",
  "is_meme_verified": false,
  "is_verified": false,
  "name": "Soul for Real",
  "slug": "Soul-for-real",
  "url": "https://genius.com/artists/Soul-for-real"
 },
 "artist": "Soul for Real",
 "lyrics": "31 ContributorsCandy Rain Lyrics[Chorus]\nMy love, do you ever dream of\nCandy coated raindrops?\nYou're the same, my candy rain\n\n[Verse 1]\nHave you ever loved someone\nSo much you thought you'd die?\nGiving so much of yourself\nIt seems the only way\nTell me what you want and I\nAnd I will give it to you\nCause you are\n\n[Chorus]\nMy love, do you ever dream of\nCandy coated raindrops?\nYou're the same, my candy rain\n\n[Verse 2]\nMy love, did you ever dream\nThat it could be so right?\nI never thought that I would find\nAll that I need in life\nAll I want, all I need now, I know\nI know I found it in you, I found it in you\nCause you are\nYou might also like[Chorus]\nMy love, do you ever dream of\nCandy coated raindrops?\nYou're the same, my candy rain\nMy love, do you ever dream of\nCandy coated raindrops?\nYou're the same, my candy rain\nMy love, do you ever dream of\nCandy coated raindrops?\nYou're the same, my candy rain\nCandy coated raindrops\nCandy coated raindrops\n\n[Outro]\nMy love, do you ever dream of\nCandy coated raindrops?\nYou're the same, my candy rain\nMy love, do you ever dream of\nCandy coated raindrops?29Embed"
}