{
 "_type": "song",
 "annotation_count": 1,
 "api_path": "/songs/967354",
 "artist_names": "Matt Redman",
 "full_title": "This is How We Know by\u00a0Matt\u00a0Redman",
 "header_image_thumbnail_url": "https://images.genius.com/9790fb2bca932ad5ad68d5f18597e441.300x300x1.jpg",
 "header_image_url": "https://images.genius.com/9790fb2bca932ad5ad68d5f18597e441.1000x1000x1.jpg",
 "id": 967354,
 "instrumental": false,
 "lyrics_owner_id": 1549345,
 "lyrics_state": "complete",
 "lyrics_updated_at": 1429555123,
 "path": "/Matt-redman-this-is-how-we-know-lyrics",
 "pyongs_count": null,
 "relationships_index_url": "https://genius.com/Matt-redman-this-is-how-we-know-sample",
 "release_date_components": null,
 "release_date_for_display": null,
 "release_date_with_abbreviated_month_for_display": null,
 "song_art_image_thumbnail_url": "https://images.genius.com/9790fb2bca932ad5ad68d5f18597e441.300x300x1.jpg",
 "song_art_image_url": "https://images.genius.com/9790fb2bca932ad5ad68d5f18597e441.1000x1000x1.jpg",
 "stats": {
  "unreviewed_annotations": 0,
  "hot": false,
  "pageviews": 7030
 },
 "title": "This is How We Know",
 "title_with_featured": "This is How We Know",
 "updated_by_human_at": 1599417308,
 "url": "https://genius.com/Matt-redman-this-is-how-we-know-lyrics",
 "featured_artists": [],
 "primary_artist": {
  "_type": "artist",
  "api_path": "/artists/76789",
  "header_image_url": "https://images.genius.com/c063063aae2c2abc9ad758efd99a6345.538x534x1.png",
  "id": 76789,
  "image_url": "https://images.genius.com/2e4da6a535137ac59f145e192623c0e6.640x640x1.jpg",
  "index_character": "m",
  "is_meme_verified": false,
  "is_verified": false,
  "name": "Matt Redman",
  "slug": "Matt-redman",
  "url": "https://genius.com/artists/Matt-redman"
 },
 "artist": "Matt Redman",
 "lyrics": "2 ContributorsThis is How We Know LyricsThis is how we know\nThis is how we know what love is\nJust one look at Your cross\nAnd this is where we see\nThis is where we see how love works\nFor You surrendered Your all\n\nAnd this is how we know\nThat You have loved us first\nThis is where we chose\nTo love You in return\n\nFor You so loved the world\nThat You gave Your only Son\nLove amazing, so divine\nWe will love You in return\nFor this life that You give\nFor this death that You have died\nLove amazing, so divine\nWe will love You in reply, Lord\n\nThis is how we know\nThis is how we know what love is\nJust one look at Your cross\nAnd this is where we see\nThis is where we see how love works\nFor You surrendered Your all\nYou might also likeAnd this is how we know\nThat You have loved us first\nThis is where we chose\nTo love You in return\n\nFor You so loved the world\nThat You gave Your only Son\nLove amazing, so divine\nWe will love You in return\nFor this life that You give\nFor this death that You have died\nLove amazing, so divine\nWe will love You in reply, Lord\n\nOur love will be loud\nOur love will be strong\nOur love shall be hands and feet\nThat serve You in this world\nSo let us stay true\nAnd let it endure\nThat You will be glorified\nAnd worshiped and adored\n\nFor You so loved the world\nThat You gave Your only Son\nLove amazing, so divine\nWe will love You in return\nFor this life that You give\nFor this death that You have died\nLove amazing, so divine\nWe will love You in reply, Lord\nSavior of the world\nKing Jesus we love You\nFor we have been loved\nKing Jesus we love You\nFor we have been loved\nKing Jesus we love You\nFor we have been loved\nKing Jesus we love You\nFor we have been lovedEmbed"
}