{
 "_type": "song",
 "annotation_count": 8,
 "api_path": "/songs/278056",
 "artist_names": "Chris Tomlin",
 "full_title": "Our God by\u00a0Chris\u00a0Tomlin",
 "header_image_thumbnail_url": "https://images.genius.com/a1201336c5040a3c23216fa2381f83f3.300x300x1.jpg",
 "header_image_url": "https://images.genius.com/a1201336c5040a3c23216fa2381f83f3.1000x1000x1.jpg",
 "id": 278056,
 "instrumental": false,
 "lyrics_owner_id": 224956,
 "lyrics_state": "complete",
 "lyrics_updated_at": 1630058323,
 "path": "/Chris-tomlin-our-god-lyrics",
 "pyongs_count": 6,
 "relationships_index_url": "https://genius.com/Chris-tomlin-our-god-sample",
 "release_date_components": {
  "year": 2010,
  "month": 11,
  "day": 16
 },
 "release_date_for_display": "November 16, 2010",
 "release_date_with_abbreviated_month_for_display": "Nov. 16, 2010",
 "song_art_image_thumbnail_url": "https://images.genius.com/a1201336c5040a3c23216fa2381f83f3.300x300x1.jpg",
 "song_art_image_url": "https://images.genius.com/a1201336c5040a3c23216fa2381f83f3.1000x1000x1.jpg",
 "stats": {
  "unreviewed_annotations": 5,
  "hot": false,
  "pageviews": 77067
 },
 "title": "Our God",
 "title_with_featured": "Our God",
 "updated_by_human_at": 1630058323,
 "url": "https://genius.com/Chris-tomlin-our-god-lyrics",
 "featured_artists": [],
 "primary_artist": {
  "_type": "artist",
  "api_path": "/artists/63757",
  "header_image_url": "https://images.genius.com/b894da73583d6e8acd441d0ccb70d230.851x315x1.jpg",
  "id": 63757,
  "image_url": "https://images.genius.com/1dceb13418bb50a3224d282ac062a16e.959x959x1.jpg",
  "index_character": "c",
  "is_meme_verified": false,
  "is_verified": true,
  "name": "Chris Tomlin",
  "slug": "Chris-tomlin",
  "url": "https://genius.com/artists/Chris-tomlin",
  "iq": 100
 },
 "artist": "Chris Tomlin",
 "lyrics": "16 ContributorsOur God Lyrics[Verse 1]\nWater You turned into wine\nOpened the eyes of the blind\nThere's no one like You\nNone like You\n\n[Verse 2]\nInto the darkness, You shine\nOut of the ashes, we rise\nThere's no one like You\nNone like You!\n\n[Chorus]\nOur God is greater, our God is stronger\nGod, You are higher than any other\nOur God is healer, awesome in power\nOur God, our God\n\n[Verse 2]\nInto the darkness, You shine\nOut of the ashes, we rise\nThere's no one like You\nNone like You!\n\n[Chorus]\nOur God is greater, our God is stronger\nGod, You are higher than any other\nOur God is healer, awesome in power\nOur God, our God\nOur God is greater, our God is stronger\nGod, You are higher than any other\nOur God is healer, awesome in power\nOur God, our God\nYou might also like[Interlude]\n\n[Bridge]\nAnd if our God is for us, then who could ever stop us\nAnd if our God is with us, then what could stand against\nAnd if our God is for us, then who could ever stop us\nAnd if our God is with us, then what could stand against\nThen what could stand against!\n\n[Chorus]\nOur God is greater, our God is stronger\nGod, You are higher than any other\nOur God is healer, awesome in power\nOur God, our God\nOur God is greater, our God is stronger\nGod, You are higher than any other\nOur God is healer, awesome in power\nOur God, our God!\n\n[Bridge: Outro]\nAnd if our God is for us, then who could ever stop us\nAnd if our God is with us, then what could stand against\nAnd if our God is for us, then who could ever stop us\nAnd if our God is with us, then what could stand against!\nThen what could stand against!\nWhat could stand against!6Embed"
}