{
 "_type": "song",
 "annotation_count": 9,
 "api_path": "/songs/272729",
 "artist_names": "Rich Mullins",
 "full_title": "Awesome God by\u00a0Rich\u00a0Mullins",
 "header_image_thumbnail_url": "https://images.genius.com/77df1062d56ea39d7729ab907aace09e.300x300x1.jpg",
 "header_image_url": "https://images.genius.com/77df1062d56ea39d7729ab907aace09e.899x899x1.jpg",
 "id": 272729,
 "instrumental": false,
 "lyrics_owner_id": 115030,
 "lyrics_state": "complete",
 "lyrics_updated_at": 1567104926,
 "path": "/Rich-mullins-awesome-god-lyrics",
 "pyongs_count": 5,
 "relationships_index_url": "https://genius.com/Rich-mullins-awesome-god-sample",
 "release_date_components": {
  "year": 1988,
  "month": 1,
  "day": 1
 },
 "release_date_for_display": "January 1, 1988",
 "release_date_with_abbreviated_month_for_display": "Jan. 1, 1988",
 "song_art_image_thumbnail_url": "https://images.genius.com/77df1062d56ea39d7729ab907aace09e.300x300x1.jpg",
 "song_art_image_url": "https://images.genius.com/77df1062d56ea39d7729ab907aace09e.899x899x1.jpg",
 "stats": {
  "unreviewed_annotations": 0,
  "hot": false,
  "pageviews": 154256
 },
 "title": "Awesome God",
 "title_with_featured": "Awesome God",
 "updated_by_human_at": 1646772908,
 "url": "https://genius.com/Rich-mullins-awesome-god-lyrics",
 "featured_artists": [],
 "primary_artist": {
  "_type": "artist",
  "api_path": "/artists/97055",
  "header_image_url": "https://images.genius.com/f6d4687b34af014fb2b5d7796e44b8c0.1000x525x1.png",
  "id": 97055,
  "image_url": "https://images.genius.com/15b2eb9f5c3d82760d91def04d0e8ed4.300x300x1.png",
  "index_character": "r",
  "is_meme_verified": false,
  "is_verified": false,
  "name": "Rich Mullins",
  "slug": "Rich-mullins",
  "url": "https://genius.com/artists/Rich-mullins"
 },
 "artist": "Rich Mullins",
 "lyrics": "15 ContributorsAwesome God Lyrics[Verse 1]\nWhen He rolls up His sleeves\nHe ain't just putting on the ritz\n(Our God is an awesome God)\nThere's thunder in His footsteps\nAnd lightning in His fists\n(Our God is an awesome God)\nAnd the Lord wasn't joking\nWhen He kicked 'em out of Eden\nIt wasn't for no reason\nThat He shed His blood\nHis return is very close\nAnd so you better be believing that\nOur God is an awesome God\n\n[Chorus]\nOur God is an awesome God\nHe reigns from heaven above\nWith wisdom, power, and love\nOur God is an awesome God\nOur God is an awesome God\nHe reigns from heaven above\nWith wisdom, power, and love\nOur God is an awesome God\n\n[Verse 2]\nAnd when the sky was starless\nIn the void of the night\n(Our God is an awesome God)\nHe spoke into the darkness\nAnd created the light\n(Our God is an awesome God)\nJudgement and wrath\nHe poured out on Sodom\nMercy and grace\nHe gave us at the cross\nI hope that we have not\nToo quickly forgotten that\nOur God is an awesome God\nYou might also like[Chorus]\nOur God is an awesome God\nHe reigns from heaven above\nWith wisdom, power, and love\nOur God is an awesome God\nOur God is an awesome God\nHe reigns from heaven above\nWith wisdom, power, and love\nOur God is an awesome God\n\n[Outro]\nOur God is an awesome God (Our God is an awesome God)\nHe reigns from heaven above (He reigns from heaven above)\nWith wisdom, power, and love (With wisdom, power, and love)\nOur God is an awesome God\nOur God is an awesome God\nOur God is an awesome God5Embed"
}