{
 "_type": "song",
 "annotation_count": 0,
 "api_path": "/songs/1418040",
 "artist_names": "Marco Antonio Sol\u00eds",
 "full_title": "Si No Te Hubieras Ido by\u00a0Marco\u00a0Antonio Sol\u00eds",
 "header_image_thumbnail_url": "https://images.genius.com/4faf1dc649595a0ff9837333815c2663.300x302x1.jpg",
 "header_image_url": "https://images.genius.com/4faf1dc649595a0ff9837333815c2663.640x645x1.jpg",
 "id": 1418040,
 "instrumental": false,
 "lyrics_owner_id": 5529082,
 "lyrics_state": "complete",
 "lyrics_updated_at": 1627820105,
 "path": "/Marco-antonio-solis-si-no-te-hubieras-ido-lyrics",
 "pyongs_count": null,
 "relationships_index_url": "https://genius.com/Marco-antonio-solis-si-no-te-hubieras-ido-sample",
 "release_date_components": {
  "year": 1999,
  "month": 1,
  "day": 26
 },
 "release_date_for_display": "January 26, 1999",
 "release_date_with_abbreviated_month_for_display": "Jan. 26, 1999",
 "song_art_image_thumbnail_url": "https://images.genius.com/4faf1dc649595a0ff9837333815c2663.300x302x1.jpg",
 "song_art_image_url": "https://images.genius.com/4faf1dc649595a0ff9837333815c2663.640x645x1.jpg",
 "stats": {
  "unreviewed_annotations": 0,
  "hot": false,
  "pageviews": 23049
 },
 "title": "Si No Te Hubieras Ido",
 "title_with_featured": "Si No Te Hubieras Ido",
 "updated_by_human_at": 1655354618,
 "url": "https://genius.com/Marco-antonio-solis-si-no-te-hubieras-ido-lyrics",
 "featured_artists": [],
 "primary_artist": {
  "_type": "artist",
  "api_path": "/artists/148995",
  "header_image_url": "https://images.genius.com/a34ba195090c337de0478145e3160f5b.224x224x1.jpg",
  "id": 148995,
  "image_url": "https://images.genius.com/a34ba195090c337de0478145e3160f5b.224x224x1.jpg",
  "index_character": "m",
  "is_meme_verified": false,
  "is_verified": false,
  "name": "Marco Antonio Sol\u00eds",
  "slug": "Marco-antonio-solis",
  "url": "https://genius.com/artists/Marco-antonio-solis"
 },
 "artist": "Marco Antonio Sol\u00eds",
 "lyrics": "11 ContributorsSi No Te Hubieras Ido Lyrics[Letra de \"Si No Te Hubieras Ido\"]\n\n[Intro]\nTe extra\u00f1o m\u00e1s que nunca y no s\u00e9 qu\u00e9 hacer\nDespierto y te recuerdo al amanecer\nEspera otro d\u00eda por vivir sin ti\nEl espejo no miente, me veo tan diferente\nMe haces falta t\u00fa\n\n[Pre-coro]\nLa gente pasa y pasa siempre tan igual\nEl ritmo de la vida me parece mal\nEra tan diferente cuando estabas t\u00fa\nS\u00ed que era diferente cuando estabas t\u00fa\n\n[Coro]\nNo hay nada m\u00e1s dif\u00edcil que vivir sin ti\nSufriendo en la espera de verte llegar\nEl fr\u00edo de mi cuerpo pregunta por ti\nY no s\u00e9 d\u00f3nde est\u00e1s\nSi no te hubieras ido ser\u00eda tan feliz\nNo hay nada m\u00e1s dif\u00edcil que vivir sin ti\nSufriendo en la espera de verte llegar\nEl fr\u00edo de mi cuerpo pregunta por ti\nY no s\u00e9 d\u00f3nde est\u00e1s\nSi no te hubieras ido ser\u00eda tan feliz\nYou might also like[Pre-coro]\nLa gente pasa y pasa siempre tan igual\nEl ritmo de la vida me parece mal\nEra tan diferente cuando estabas t\u00fa\nS\u00ed que era diferente cuando estabas t\u00fa\n\n[Coro]\nNo hay nada m\u00e1s dif\u00edcil que vivir sin ti\nSufriendo en la espera de verte llegar\nEl fr\u00edo de mi cuerpo pregunta por ti\nY no s\u00e9 d\u00f3nde est\u00e1s\nSi no te hubieras ido ser\u00eda tan feliz\n\n[Outro]\nNo hay nada m\u00e1s dif\u00edcil que vivir sin ti\nSufriendo en la espera de verte llegarEmbed"
}