{
 "_type": "song",
 "annotation_count": 1,
 "api_path": "/songs/933140",
 "artist_names": "Marco Antonio Sol\u00eds",
 "full_title": "Amor en silencio by\u00a0Marco\u00a0Antonio Sol\u00eds",
 "header_image_thumbnail_url": "https://images.genius.com/b1f2517751266b9b1da1454e48f84994.300x300x1.jpg",
 "header_image_url": "https://images.genius.com/b1f2517751266b9b1da1454e48f84994.640x640x1.jpg",
 "id": 933140,
 "instrumental": false,
 "lyrics_owner_id": 1549345,
 "lyrics_state": "complete",
 "lyrics_updated_at": 1429540548,
 "path": "/Marco-antonio-solis-amor-en-silencio-lyrics",
 "pyongs_count": null,
 "relationships_index_url": "https://genius.com/Marco-antonio-solis-amor-en-silencio-sample",
 "release_date_components": null,
 "release_date_for_display": null,
 "release_date_with_abbreviated_month_for_display": null,
 "song_art_image_thumbnail_url": "https://images.genius.com/b1f2517751266b9b1da1454e48f84994.300x300x1.jpg",
 "song_art_image_url": "https://images.genius.com/b1f2517751266b9b1da1454e48f84994.640x640x1.jpg",
 "stats": {
  "unreviewed_annotations": 0,
  "hot": false
 },
 "title": "Amor en silencio",
 "title_with_featured": "Amor en silencio",
 "updated_by_human_at": 1658249152,
 "url": "https://genius.com/Marco-antonio-solis-amor-en-silencio-lyrics",
 "featured_artists": [],
 "primary_artist": {
  "_type": "artist",
  "api_path": "/artists/148995",
  "header_image_url": "https://images.genius.com/a34ba195090c337de0478145e3160f5b.224x224x1.jpg",
  "id": 148995,
  "image_url": "https://images.genius.com/a34ba195090c337de0478145e3160f5b.224x224x1.jpg",
  "index_character": "m",
  "is_meme_verified": false,
  "is_verified": false,
  "name": "Marco Antonio Sol\u00eds",
  "slug": "Marco-antonio-solis",
  "url": "https://genius.com/artists/Marco-antonio-solis"
 },
 "artist": "Marco Antonio Sol\u00eds",
 "lyrics": "5 ContributorsAmor en silencio LyricsLlega a mi vida y se abre una pgina nueva\nEn la noche incesante de la humanidad\nBusco ya entre la oscuridad\nEsa luz que me de libertad\nMi llanto se deja escuchar\nHoy es mi primer despertar\n\nTodo es tan grande y pequeo\nDescubro que hay sueos descubro miradas\nQue enfran mi piel\nVeo del mundo lo bello y lo cruel\nHay palabras que rompen mi hiel\nPero donde existe el dolor\nSiempre hay una semilla de amor\n\nAmor en silencio\nEs vivir un momento a tiempo\nAmor en silencio\nEs un beso amar o dar perdn sin explicar\nSolo un alma desnuda esa dicha puede lograr\n\nAmor en silencio\nEs andar a favor del viento\nAmor en silencio\nEs de Dios la manera de ensearnos la verdad\nEs ganar en la vida el amor con voluntad\nYou might also likeY aprend a callar porque creo que es mejor\nPero hablan mis ojos en nombre del amor\nHay palabras que muerden y hieren sin razn\nPues lo mas grande y puro lo dice el coraz\u00f3nEmbed"
}