{
 "_type": "song",
 "annotation_count": 1,
 "api_path": "/songs/1308631",
 "artist_names": "Gene Watson",
 "full_title": "Got No Reason Now For Goin\u2019 Home by\u00a0Gene\u00a0Watson",
 "header_image_thumbnail_url": "https://images.genius.com/33ffc66f99a7ff02201f09bfe2a475f5.300x300x1.jpg",
 "header_image_url": "https://images.genius.com/33ffc66f99a7ff02201f09bfe2a475f5.600x600x1.jpg",
 "id": 1308631,
 "instrumental": false,
 "lyrics_owner_id": 5934018,
 "lyrics_state": "complete",
 "lyrics_updated_at": 1601747019,
 "path": "/Gene-watson-got-no-reason-now-for-goin-home-lyrics",
 "pyongs_count": null,
 "relationships_index_url": "https://genius.com/Gene-watson-got-no-reason-now-for-goin-home-sample",
 "release_date_components": null,
 "release_date_for_display": null,
 "release_date_with_abbreviated_month_for_display": null,
 "song_art_image_thumbnail_url": "https://images.genius.com/33ffc66f99a7ff02201f09bfe2a475f5.300x300x1.jpg",
 "song_art_image_url": "https://images.genius.com/33ffc66f99a7ff02201f09bfe2a475f5.600x600x1.jpg",
 "stats": {
  "unreviewed_annotations": 0,
  "hot": false
 },
 "title": "Got No Reason Now For Goin\u2019 Home",
 "title_with_featured": "Got No Reason Now For Goin\u2019 Home",
 "updated_by_human_at": 1601747797,
 "url": "https://genius.com/Gene-watson-got-no-reason-now-for-goin-home-lyrics",
 "featured_artists": [],
 "primary_artist": {
  "_type": "artist",
  "api_path": "/artists/334100",
  "header_image_url": "https://images.genius.com/8e8b0a09c2bbc2912937e2c3b6c8d94f.797x797x1.jpg",
  "id": 334100,
  "image_url": "https://images.genius.com/8e8b0a09c2bbc2912937e2c3b6c8d94f.797x797x1.jpg",
  "index_character": "g",
  "is_meme_verified": false,
  "is_verified": false,
  "name": "Gene Watson",
  "slug": "Gene-watson",
  "url": "https://genius.com/artists/Gene-watson"
 },
 "artist": "Gene Watson",
 "lyrics": "1 ContributorGot No Reason Now For Goin\u2019 Home Lyrics[Chorus]\nGot no reason now for goin' home\nAll my reason's now she is gone\nGot no one there to talk to\nAnd even though I know I ought to\nGot no reason now for goin' home\n\n[Verse 1]\nOnce I had every reason a man could want\nFor going home and making love, but now I don't\nSo I end up in here each night sitting and a-thinking\nMissing her, hurting so and drinking\n\n[Chorus]\nGot no reason now for goin' home\nAll my reason's now she is gone\nGot no one there to talk to\nAnd even though I know I ought to\nGot no reason now for goin' home\n\n[Instrumental Break]\n\n[Verse 2]\nIt's so hard now just knowing there's another\nThat she's out with him knowing that I love her\nSo I end up in here each night sitting and a-thinking\nMissing her, hating him and drinking\nSee Gene Watson LiveGet tickets as low as $39You might also like[Chorus]\nGot no reason now for goin' home\nAll my reason's now she is gone\nGot no one there to talk to\nAnd even though I know I ought to\nGot no reason now for goin' homeEmbed"
}