{
 "_type": "song",
 "annotation_count": 1,
 "api_path": "/songs/1857469",
 "artist_names": "Palomo",
 "full_title": "Baraja De Oro by\u00a0Palomo",
 "header_image_thumbnail_url": "https://assets.genius.com/images/default_cover_image.png?1699303299",
 "header_image_url": "https://assets.genius.com/images/default_cover_image.png?1699303299",
 "id": 1857469,
 "instrumental": false,
 "lyrics_owner_id": 1549345,
 "lyrics_state": "complete",
 "lyrics_updated_at": 1431636216,
 "path": "/Palomo-baraja-de-oro-lyrics",
 "pyongs_count": null,
 "relationships_index_url": "https://genius.com/Palomo-baraja-de-oro-sample",
 "release_date_components": null,
 "release_date_for_display": null,
 "release_date_with_abbreviated_month_for_display": null,
 "song_art_image_thumbnail_url": "https://assets.genius.com/images/default_cover_image.png?1699303299",
 "song_art_image_url": "https://assets.genius.com/images/default_cover_image.png?1699303299",
 "stats": {
  "unreviewed_annotations": 0,
  "hot": false
 },
 "title": "Baraja De Oro",
 "title_with_featured": "Baraja De Oro",
 "updated_by_human_at": 1481238602,
 "url": "https://genius.com/Palomo-baraja-de-oro-lyrics",
 "featured_artists": [],
 "primary_artist": {
  "_type": "artist",
  "api_path": "/artists/367896",
  "header_image_url": "https://assets.genius.com/images/default_avatar_300.png?1699303299",
  "id": 367896,
  "image_url": "https://assets.genius.com/images/default_avatar_300.png?1699303299",
  "index_character": "p",
  "is_meme_verified": false,
  "is_verified": false,
  "name": "Palomo",
  "slug": "Palomo",
  "url": "https://genius.com/artists/Palomo"
 },
 "artist": "Palomo",
 "lyrics": "1 ContributorBaraja De Oro LyricsVoy a jugarme un Amor\nCon una baraja de oro\nPues si la gano ya estuvo\nY si la pierdo nimodo\nPorque yo soy de los hombres\nQue cuando pierdo no lloro\n\nLas mujeres son barajas\nY hay que saber barajear\nPa saber cual es la tuya\nSi es la que vas a apostar\nNo ya despues de perdido\nQuieras volver a jugar\n\nY si juegas sin malicia\nPorque no les tienes miedo\nEsperando a sota de oros\nSe aparece un caballero\nDispense mi buen amigo\nEsque yo llegu\u00e9 primero\n\nY ni modo del reclamo\nPorque yo lleg\u00e9 a caballo\nY estoy regando el rosal\nPa cortar la flor de mayo\nPerdoneme rey de copas\nPero yo soy de a caballo\nYou might also likeY el que no lo quiera creer\nQue le entre a lo pantera\nPierde dinero y mujer\nY hasta la portamonedas\nY a veces llega a su casa\nCon la camisa de fuera\n\nY si juegas sin malicia\nPorque no les tienes miedo\nEsperando a sota de oros\nAparece un caballero\nDispense mi buen amigo\nEsque yo llegu\u00e9 primeroEmbed"
}