{
 "_type": "song",
 "annotation_count": 1,
 "api_path": "/songs/986687",
 "artist_names": "Joan Sebastian",
 "full_title": "El Perdedor by\u00a0Joan\u00a0Sebastian",
 "header_image_thumbnail_url": "https://images.genius.com/814e3eb6d0ab57562cf0344fcaefa498.300x300x1.jpg",
 "header_image_url": "https://images.genius.com/814e3eb6d0ab57562cf0344fcaefa498.421x421x1.jpg",
 "id": 986687,
 "instrumental": false,
 "lyrics_owner_id": 1549345,
 "lyrics_state": "complete",
 "lyrics_updated_at": 1429574069,
 "path": "/Joan-sebastian-el-perdedor-lyrics",
 "pyongs_count": null,
 "relationships_index_url": "https://genius.com/Joan-sebastian-el-perdedor-sample",
 "release_date_components": null,
 "release_date_for_display": null,
 "release_date_with_abbreviated_month_for_display": null,
 "song_art_image_thumbnail_url": "https://images.genius.com/814e3eb6d0ab57562cf0344fcaefa498.300x300x1.jpg",
 "song_art_image_url": "https://images.genius.com/814e3eb6d0ab57562cf0344fcaefa498.421x421x1.jpg",
 "stats": {
  "unreviewed_annotations": 0,
  "hot": false
 },
 "title": "El Perdedor",
 "title_with_featured": "El Perdedor",
 "updated_by_human_at": 1434555933,
 "url": "https://genius.com/Joan-sebastian-el-perdedor-lyrics",
 "featured_artists": [],
 "primary_artist": {
  "_type": "artist",
  "api_path": "/artists/355570",
  "header_image_url": "https://images.genius.com/57bb9f6ff0425f6af3f8f1700ca8a6e7.636x421x1.jpg",
  "id": 355570,
  "image_url": "https://images.genius.com/814e3eb6d0ab57562cf0344fcaefa498.421x421x1.jpg",
  "index_character": "j",
  "is_meme_verified": false,
  "is_verified": false,
  "name": "Joan Sebastian",
  "slug": "Joan-sebastian",
  "url": "https://genius.com/artists/Joan-sebastian"
 },
 "artist": "Joan Sebastian",
 "lyrics": "1 ContributorEl Perdedor LyricsNunca hab\u00eda perdido en el amor\nSiempre de alguna forma me salia con la mia\nHoy soy perdedor estoy llorando y llorar yo no sabia\nNunca hab\u00eda perdido en el amor\nNunca hab\u00eda rodado tan abajo con mi orgullo\nHoy soy perdedor estoy llorando y ese milagrito es tuyo\n\nDuele mucho duele tanto\nDuele ser el perdedor pero lo que\nM\u00e1s me duele es vivir sin tu amor\nDuele mucho duele el alma\nDuele tanto el coraz\u00f3n y con\nMi dolor y todo te agradesco la lecci\u00f3n\n\nNunca hab\u00eda perdido en el amor\nSiempre hab\u00eda cortado de esta vida las maduras\nHoy soy perdedor estoy llorando mi dolor mis amarguras\n\nDuele mucho duele tanto\nDuele ser el perdedor pero lo que m\u00e1s me\nDuele es vivir sin tu amor\nDuele mucho duele el alma duele tanto el coraz\u00f3n\nY con mi dolor y todo te agradesco la lecci\u00f3nYou might also likeEmbed"
}