{
 "_type": "song",
 "annotation_count": 1,
 "api_path": "/songs/1376866",
 "artist_names": "Rockell",
 "full_title": "In a Dream by\u00a0Rockell",
 "header_image_thumbnail_url": "https://images.genius.com/7c0b1b74c95432c1f45dae5153b42a50.300x300x1.jpg",
 "header_image_url": "https://images.genius.com/7c0b1b74c95432c1f45dae5153b42a50.500x500x1.jpg",
 "id": 1376866,
 "instrumental": false,
 "lyrics_owner_id": 1549345,
 "lyrics_state": "complete",
 "lyrics_updated_at": 1429796718,
 "path": "/Rockell-in-a-dream-lyrics",
 "pyongs_count": null,
 "relationships_index_url": "https://genius.com/Rockell-in-a-dream-sample",
 "release_date_components": null,
 "release_date_for_display": null,
 "release_date_with_abbreviated_month_for_display": null,
 "song_art_image_thumbnail_url": "https://images.genius.com/7c0b1b74c95432c1f45dae5153b42a50.300x300x1.jpg",
 "song_art_image_url": "https://images.genius.com/7c0b1b74c95432c1f45dae5153b42a50.500x500x1.jpg",
 "stats": {
  "unreviewed_annotations": 0,
  "hot": false,
  "pageviews": 10052
 },
 "title": "In a Dream",
 "title_with_featured": "In a Dream",
 "updated_by_human_at": 1471655229,
 "url": "https://genius.com/Rockell-in-a-dream-lyrics",
 "featured_artists": [],
 "primary_artist": {
  "_type": "artist",
  "api_path": "/artists/364379",
  "header_image_url": "https://images.genius.com/a357fed856b2a19cd8d96cff8014bd72.423x386x1.jpg",
  "id": 364379,
  "image_url": "https://images.genius.com/ad84341fde7d02286bcbb29c8f64fcd9.386x386x1.jpg",
  "index_character": "r",
  "is_meme_verified": false,
  "is_verified": false,
  "name": "Rockell",
  "slug": "Rockell",
  "url": "https://genius.com/artists/Rockell"
 },
 "artist": "Rockell",
 "lyrics": "2 ContributorsIn a Dream LyricsSweetheart, I can't stop thinking about you\n\nYou'll always be in my dreams\nYou'll always be in my dreams\nYou'll always be in my dreams\n\nNever in my dreams\nI thought I'd be with you\nYou're often on my mind\nI'll always love you\nWhen I close my eyes\nJust to see your face\nI wish this were real\nBut I'm just dreaming\nI can't believe that\nThis is all in a dream\nI'm gonna wait to be\nWith you my love\nI'll always love you\nAnd want you more\nI can't go on\nWithout your love\n\nIn a dream my love\nYou will find my heart\nIn a dream my love\nYou will find my heart\nIn a dream my love\nYou will find my heart\nIn a dream my love\nYou will find my heart\nYou might also likeOOOOO, what an angel\nYou have to be\nYou'd take me to heaven\nNever leave never go away\nPlease stay with me tonight\nI need you with me\nCan't believe that\nThis is all in a dream\nI'm gonna wait to be\nWith you my love\nI'll always love you\nAnd want you more\nI can't go on\nWithout your love\n\nIn a dream my love\nYou will find my heart\nIn a dream my love\nYou will find my heart\nIn a dream my love\nYou will find my heart\nIn a dream my love\nYou will find my heart\n...You will find my heartEmbed"
}