{
 "_type": "song",
 "annotation_count": 1,
 "api_path": "/songs/755250",
 "artist_names": "Above The Golden State",
 "full_title": "I'll Love You So by\u00a0Above\u00a0The Golden State",
 "header_image_thumbnail_url": "https://images.genius.com/882efc1d0d74cbc360488c14df0b5fd8.300x300x1.jpg",
 "header_image_url": "https://images.genius.com/882efc1d0d74cbc360488c14df0b5fd8.310x310x1.jpg",
 "id": 755250,
 "instrumental": false,
 "lyrics_owner_id": 4493006,
 "lyrics_state": "complete",
 "lyrics_updated_at": 1674859440,
 "path": "/Above-the-golden-state-ill-love-you-so-lyrics",
 "pyongs_count": null,
 "relationships_index_url": "https://genius.com/Above-the-golden-state-ill-love-you-so-sample",
 "release_date_components": {
  "year": 2008,
  "month": 7,
  "day": 22
 },
 "release_date_for_display": "July 22, 2008",
 "release_date_with_abbreviated_month_for_display": "Jul. 22, 2008",
 "song_art_image_thumbnail_url": "https://images.genius.com/882efc1d0d74cbc360488c14df0b5fd8.300x300x1.jpg",
 "song_art_image_url": "https://images.genius.com/882efc1d0d74cbc360488c14df0b5fd8.310x310x1.jpg",
 "stats": {
  "unreviewed_annotations": 0,
  "hot": false
 },
 "title": "I\u2019ll Love You So",
 "title_with_featured": "I'll Love You So",
 "updated_by_human_at": 1674859440,
 "url": "https://genius.com/Above-the-golden-state-ill-love-you-so-lyrics",
 "featured_artists": [],
 "primary_artist": {
  "_type": "artist",
  "api_path": "/artists/347698",
  "header_image_url": "https://assets.genius.com/images/default_avatar_300.png?1699303299",
  "id": 347698,
  "image_url": "https://assets.genius.com/images/default_avatar_300.png?1699303299",
  "index_character": "a",
  "is_meme_verified": false,
  "is_verified": false,
  "name": "Above The Golden State",
  "slug": "Above-the-golden-state",
  "url": "https://genius.com/artists/Above-the-golden-state"
 },
 "artist": "Above The Golden State",
 "lyrics": "2 ContributorsI\u2019ll Love You So Lyrics[Verse 1]\nI feel the sun, it's returned again\nTo chase the cold far away\nI'm not alone to fight the world I'm in\nYou gave me hope for better days\n\n[Pre-Chorus 1]\nI was searching for a friend like no other\nI never thought You'd come my way\n\n[Chorus]\nEverything I give to You\nI'll love You so\nEverything I say or do\nI'll love You so\n\n[Verse 2]\nLook where we've come, how could I ever forget\nBefore Your love my heart was dead?\nI was afraid that my sun would set\nBut You stayed around to lift my head\n\n[Pre-Chorus 2]\nI was living my whole life undercover\nI never dreamed I'd see Your face\nYou might also like[Chorus]\nEverything I give to You\nI'll love You so\nEverything I say or do\nI'll love You so\nOoh, I'll love You so\nOoh, I'll love You so\n\n[Chorus]\nEverything I give to You\nI'll let it go\nEverything I say or do\nI'll love You so\nOoh, I'll love You so\nOoh, I'll love You so\n\n[Outro]\n(Ooh, I feel the sun)\nI'll love You so\nI feel the sunEmbed"
}