{
 "_type": "song",
 "annotation_count": 1,
 "api_path": "/songs/838750",
 "artist_names": "Angel City (Ft. Lara McAllen)",
 "full_title": "Love Me Right (Oh Sheila) by\u00a0Angel\u00a0City (Ft.\u00a0Lara\u00a0McAllen)",
 "header_image_thumbnail_url": "https://images.genius.com/847062a31682610a08993d6f44d84677.220x184x1.jpg",
 "header_image_url": "https://images.genius.com/847062a31682610a08993d6f44d84677.220x184x1.jpg",
 "id": 838750,
 "instrumental": false,
 "lyrics_owner_id": 1549345,
 "lyrics_state": "complete",
 "lyrics_updated_at": 1429279396,
 "path": "/Angel-city-love-me-right-oh-sheila-lyrics",
 "pyongs_count": null,
 "relationships_index_url": "https://genius.com/Angel-city-love-me-right-oh-sheila-sample",
 "release_date_components": {
  "year": 1999,
  "month": 3,
  "day": 19
 },
 "release_date_for_display": "March 19, 1999",
 "release_date_with_abbreviated_month_for_display": "Mar. 19, 1999",
 "song_art_image_thumbnail_url": "https://images.genius.com/847062a31682610a08993d6f44d84677.220x184x1.jpg",
 "song_art_image_url": "https://images.genius.com/847062a31682610a08993d6f44d84677.220x184x1.jpg",
 "stats": {
  "unreviewed_annotations": 0,
  "hot": false
 },
 "title": "Love Me Right (Oh Sheila)",
 "title_with_featured": "Love Me Right (Oh Sheila) (Ft.\u00a0Lara\u00a0McAllen)",
 "updated_by_human_at": 1558601410,
 "url": "https://genius.com/Angel-city-love-me-right-oh-sheila-lyrics",
 "featured_artists": [
  {
   "_type": "artist",
   "api_path": "/artists/378480",
   "header_image_url": "https://assets.genius.com/images/default_avatar_300.png?1699303299",
   "id": 378480,
   "image_url": "https://assets.genius.com/images/default_avatar_300.png?1699303299",
   "index_character": "l",
   "is_meme_verified": false,
   "is_verified": false,
   "name": "Lara McAllen",
   "slug": "Lara-mcallen",
   "url": "https://genius.com/artists/Lara-mcallen"
  }
 ],
 "primary_artist": {
  "_type": "artist",
  "api_path": "/artists/351755",
  "header_image_url": "https://assets.genius.com/images/default_avatar_300.png?1699303299",
  "id": 351755,
  "image_url": "https://assets.genius.com/images/default_avatar_300.png?1699303299",
  "index_character": "a",
  "is_meme_verified": false,
  "is_verified": false,
  "name": "Angel City",
  "slug": "Angel-city",
  "url": "https://genius.com/artists/Angel-city"
 },
 "artist": "Angel City",
 "lyrics": "7 ContributorsLove Me Right (Oh Sheila) LyricsOoh baby love me right\nLet me love you till you get it right\nWhy can't you let the others be\nCoz with you is where I got to be\nOh sugar...where've you been\nHangin' out with your male friends\nListen...somebodys gonna hurt you\nThe way you love to keep hurting me\n\nOoh baby love me right\nLet me love you till the morning comes\nOoh sugar love me right\nYou know I want to be the only one\n\nLet me love you till you get it right\n\nOoh baby.... understand\nI want you to be the only man\nBut it seems so it's getting too hard\nI think i start to have my own fun\n\nOoh baby.... It's plain to see\nThat i'm qualified to fill your needs\nYou think you put'n over on me\nOh honey baby just you wait and see\nYou might also likeOoh baby love me right\nLet me love you till the morning comes\nOoh sugar love me right\nYou know I want to be the only one\n\nLet me love you till you get it right\n\nLove me right\nYou gotta love me\nLove me right\nYou gotta love me\n\nLet me love you till you get it right\n\nOoh baby love me right\nLet me love you till the morning comes\nOoh sugar love me right\nYou know I want to be the only oneEmbed"
}