{
 "_type": "song",
 "annotation_count": 1,
 "api_path": "/songs/6998158",
 "artist_names": "Genius",
 "full_title": "June 2022 Singles Release Calendar by\u00a0Genius",
 "header_image_thumbnail_url": "https://images.genius.com/5c650f43c87bbc0b7c7956246c30ceaf.300x300x1.png",
 "header_image_url": "https://images.genius.com/5c650f43c87bbc0b7c7956246c30ceaf.999x999x1.png",
 "id": 6998158,
 "instrumental": false,
 "lyrics_owner_id": 8723889,
 "lyrics_state": "complete",
 "lyrics_updated_at": 1696816621,
 "path": "/Genius-june-2022-singles-release-calendar-annotated",
 "pyongs_count": null,
 "relationships_index_url": "https://genius.com/Genius-june-2022-singles-release-calendar-sample",
 "release_date_components": {
  "year": 2022,
  "month": 6,
  "day": null
 },
 "release_date_for_display": "June 2022",
 "release_date_with_abbreviated_month_for_display": "Jun. 2022",
 "song_art_image_thumbnail_url": "https://images.genius.com/5c650f43c87bbc0b7c7956246c30ceaf.300x300x1.png",
 "song_art_image_url": "https://images.genius.com/5c650f43c87bbc0b7c7956246c30ceaf.999x999x1.png",
 "stats": {
  "unreviewed_annotations": 0,
  "hot": false,
  "pageviews": 29480
 },
 "title": "June 2022 Singles Release Calendar",
 "title_with_featured": "June 2022 Singles Release Calendar",
 "updated_by_human_at": 1696816621,
 "url": "https://genius.com/Genius-june-2022-singles-release-calendar-annotated",
 "featured_artists": [],
 "primary_artist": {
  "_type": "artist",
  "api_path": "/artists/204611",
  "header_image_url": "https://images.genius.com/822a5f872a1fcfe377695dc0046c6bc6.900x176x1.jpg",
  "id": 204611,
  "image_url": "https://images.genius.com/0ca83e3130e1303a7f78ba351e3091cd.1000x1000x1.png",
  "index_character": "g",
  "is_meme_verified": true,
  "is_verified": true,
  "name": "Genius",
  "slug": "Genius",
  "url": "https://genius.com/artists/Genius",
  "iq": 78574
 },
 "artist": "Genius",
 "lyrics": "11 ContributorsJune 2022 Singles Release Calendar Lyrics6/1\nAmenazzy - \"Hey Chanty\"\nBLK ODYSSY, Benny the Butcher & George Clinton - \"BENNY'S GOT A GUN\"\nCalum Scott - \"Boys in The Street\"\nCXRPSE - \"BOTTOMLESS PIT\"\nDanny Beau - \"MY SUMMER\"\nDenzel Curry & Key Glock - \"Walkin' (Remix)\"\nEli Fross - \"Menace\" ft. Fredo Bang\nKT Tunstall - \"Canyons\"\nMaggie Rogers - \"Want Want\"\nMaisie Peters - \"Cate's Brother (Matt's Version)\" ft. Matt Maltese\nMar\u00eda Becerra - \"OJAL\u00c1\"\n\u200bmidwxst - \"\u200bsidelines\"\nMISSIO - \"Failure to Comply\"\nMISSIO - \"#gimmeakiss\"\nMISSIO - \"I Wanna Fight and You Know It\"\nMuse - \"Will of the People\"\nMYA - \"TAZA TAZA\"\nNikone & Lionware - \"Si Vuelves Tarde\"\nPanic! at the Disco - \"\u200bViva Las Vengeance\"\nPaolo Nutini - \"Shine a Light\"\nPepe : Vizio - \"Pides Demasiao\"\nPhoenix - \"Alpha Zulu\"\nRei & Quevedo - \"FERNET\"\nSarah Close - \"Words Will Never Do\"\nShe & Him - \"Wouldn't It Be Nice\"\nVance Joy - \"Every Side Of You\"\nYeah Yeah Yeahs - \"Spitting Off the Edge of the World\" ft. Perfume Genius\nYo Gotti, Moneybagg Yo & CMG The Label - \"Big League\" ft. Lil Poppa & Mozzy\n6/2\nAlex Sensation & Justin Quiles - \"Te Ver\u00e9\"\nBlunted Vato - \"Normal\"\nChema Rivas - \"Fiel\"\nChris Andrew - \"A Tu Nombre\"\nDuki - \"Antes de Perderte\"\nGeorge Ezra - \"I Went Hunting\"\nJuliette - \"Solar\"\nLasso - \"Ojos Marrones\"\nNikki Lane - \"First High\"\n\u200bsangiovanni & Aitana - \"mariposas\"\nSince99 - \"Like Yao\"\nTiago PZK & Ozuna - \"Nos Comemos\"\nSquash - \"Don Dada\"\nYuridia - \"\u00bfCon Qu\u00e9 Se Pega Un Coraz\u00f3n?\"\n6/3\nalmost monday - \"sun keeps on shining\"\nAna Mena - \"Mezzanotte\"\nAsmir Young - \"Si Supieras\"\nAViVA - \"LONELY\"\nBetty Who - \"Blow Out My Candle\"\nBigKayBeezy - \"Outta Nowhere\" ft. Shoebox Baby\nB-Lovee & Coi Leray - \"Demon\"\nBONES & drew the architect - \"PackRippedOpen\"\nBrent Cobb - \"Wild And Blue\"\nBrooklyn Queen - \"Throw Sum\"\nClara - \"Weirdo\"\nClinton Kane - \"14\"\nCXRPSE - \"JUMPIN IN THE PIT FREESTYLE\"\nDagny - \"Brightsider\"\nDe La Ghetto & Rauw Alejandro - \"Loco Por Perrearte (Remix)\"\nEDEN - \"Modern Warfare\"\nErubey - \"Perreito en L.A.\"\nGALE - \"Problemas\"\nGoth Babe - \"Taking Over the Sun\"\nGucci Mane - \"Mrs. Davis\"\nHotboii - \"WTF\"\nIndia Shawn - \"EXCHANGE\"\nJub\u00ebl - \"Diamonds\" ft. Aleyna Tilki\nJulieta Venegas - \"Caminar Sola\"\nKA$HDAMI - \"Famine\" ft. XLOVCLO\nKasabian - \"CHEMICALS\"\nKash Doll, Rubi Rose & DreamDoll - \"Abow\" ft. ShantiiP\nKayzo - \"Poser\" ft. conner\nKB Mike - \"Need U\" ft. Scorey\nkurtains - \"no magician\"\nLakeyah - \"Mind Yo Business\" ft. Latto\nlentra - \"out of the blue\"\nLogic - \"Bleed It\"\nLola Indigo - \"AN1MAL\"\nLola Marsh - \"Love Me on the Phone\"\nLost Frequencies & James Arthur - \"Questions\"\nLouie Ray - \"P.Y.C.O\"\nLous and The Yakuza - \"Monsters\"\nLucho SSJ & AR\u00d3N - \"Que Dios Me Perdone\"\nMaggie Lindemann & Siiickbrain - \"break me!\"\nMarc Segu\u00ed & Rusherking - \"360 (Remix)\"\nMasicka - \"Tom Brady Freestyle\"\nMikey Polo - \"Great Xscape+++\"\nMonsieur Nov - \"Entre Nous\"\n\u200bmoon tang - \"i hate u\"\nMorelli - \"Todo\"\nMUNA - \"Sometimes\"\nNateWantsToBattle - \"Bring Back (From \u201dThe Rising of the Shield Hero\u201d)\"\nNextYoungin & SpainDaGoat - \"Harry Potter\"\nNicole Favre, Aczino & Sabino - \"Mala Man\u00eda\"\nNIKI - \"Before\"\nNiko Rubio - \"Over for Real\"\nPaula Cendejas - \"\u200bx ti\"\nPitou - \"Big Tear\"\nPolo G - \"Distraction\"\nReal Boston Richey & Lil Durk - \"Keep Dissing 2\"\nRene\u00e9 Rapp - \"Tattoos\"\nRowdy Rebel - \"Woo Nina\"\nRytikal - \"Bang Bang\"\nSada Baby - \"2 Freaks\" ft. Snoop Dogg\nSIDEPIECE & Lee Foss - \"One, Two Step\"\nSkibs - \"The Tao Pt. 1\"\nSkillibeng - \"Whap Whap (Remix)\" ft. French Montana & Fivio Foreign\nSkylar Stecker - \"Know It\u2019s Wrong\"\nSt. Vincent - \"Funkytown\"\nStan Walker - \"Feelings\" ft. The Kings\nSwae Lee & Diplo - \"Tupelo Shuffle\"\nthea wang - \"Word On The Street\"\nThouxanbanfauni & Matt Ox - \"Tragic\"\nTory Lanez - \"Wait for You (Freestyle)\"\nYBN Nahmir - \"Dead Wrong\"\nYungeen Ace - \"Where They At\"\n6/4\nChristian Nodal - \"Girasol\"\nEL NOBA, Callejero Fino & Juanka - \"Tamo Chelo (Remix)\" ft. Dinero en el Beat, DT.Bilardo, Kaleb Di Masi & L-Gante\n\u200bwolfacejoeyy - \"scars\"\n6/5\nHook - \"ur first tattoo was a animal\"\n6/6\nAll Time Low - \"Blinding Lights\"\nCat Burns - \"Go (Sam Smith Remix)\" ft. Sam Smith\nDarren Hayes - \"Poison Blood\"\nDenzel Curry - \"1st Quarter\" ft. REASON\nJosh Levi - \"DON'T THEY (REMIX)\" ft. Normani\nPhoebe Green - \"Sweat\"\n6/7\n645AR - \"Litty\" ft. Rico Nasty\nEditors - \"Karma Climb\"\nInhaler - \"These Are The Days\"\nMike Dimes - \"Home (Remix)\" ft. JID\nParty Favor - \"Hollow\" ft. DeathbyRomy\nRegina Spektor - \"Loveology\"\nREY GWEN - \"Static Electricity\"\nRobbie Williams - \"Angels (XXV)\"\nShygirl - \"Come For Me\"\nWet - \"I'm Not Her\"\n6/8\n\u76e7\u701a\u9706 (Anson Lo) - \"King Kong\"\nApel8 - \"My Bloody Nails\" ft. Powers Pleasant, ZillaKami\nBabyTron - \"Caught An Opp\" ft. TrDee\nBeach Bunny - \"Entropy\"\nBizarrap & Villano Antillano - \"Villano Antillano: Bzrp Music Sessions, Vol. 51\"\nDanger Mouse & Black Thought - \"Because\" ft. Joey Bada$$, Russ & Dylan Cartlidge\nDende - \"Block Me\"\niii & \u9673\u5065\u5b89 (On Chan) - \"\u96f7\u516c (Thunderless)\"\nDylan Fraser - \"It Took A Lot To Get To This\"\nflowerovlove - \"Hannah Montana\"\niann dior - \"Live Fast Die Numb\"\nJack White - \"If I Die Tomorrow\"\nKing Princess - \"Cursed\"\nKing Princess - \"Too Bad\"\nLil Maru - \"Heartless\"\nMarian Hill - \"i think you know\" ft. Steve Davit\nMetric - \"What Feels Like Eternity\"\nMiloe - \"Floating\"\nNina Nesbitt - \"Pressure Makes Diamonds\"\nODESZA - \"Wide Awake\" ft. Charlie Houston\nPACKS - \"\u200b\u200bdon\u2019t go for the goats milk\"\nPale Waves - \"Reasons to Live\"\nPixey - \"Come Around (Sunny Day)\"\nPixies - \"There's a Moon On\"\nRae Sremmurd - \"Denial\"\nRich Homie Quan - \"Still Sinning\"\nShady Blu - \"Jealousy\"\nShelley FKA DRAM - \"Chocolate Covered Strawberries\"\nSwaVay - \"JUGG\"\nThe Aces - \"Girls Make Me Wanna Die\"\nZakhar - \"Fly Away\"\nYoung King Slaton - \"AnyTime, AnyPlace (Freestyle)\"\n6/9\nBag Raiders - \"Never Forget\"\nBetzabeth - \"Ahora Es Ella\"\nBlack Birdie - \"body\"\nCarlos Feria - \"No te creo\"\n\u9ec3\u598d (Cath Wong) - \"\u4e16\u754c\u4ee5\u75db\u543b\u6211\u800c\u6211\u6b4c\u5531 (Kiss, Pain, Sing)\"\nFMK - \"De Vacaciones\"\nFreddie Dredd - \"Wrath\"\nHalsey - \"So Good\"\nImani Williams - \"Fuck Alone\"\nKevin Gates - \"Super General (Freestyle)\"\nKita Alexander - \"Storm\"\nLebra Jolie - \"Spring, Summer\"\nMarcianeke - \"Calle y Pistola\"\nMati G\u00f3mez - \"Promet\u00ed\"\nMere Raj - \"\u200binmyhead\"\nMOTHICA - \"BEDTIME STORIES\"\nMOTHICA - \"BLOOD\"\nNina - \"10 noches\"\nPabllo Vittar - \"Mais Uma Voz\"\nPaty Cant\u00fa - \"Bailo Sola\"\nPrincess Nokia - \"Diva\"\nSebasti\u00e1n Yatra - \"TV\"\nSoccer Mommy - \"newdemo\"\n6/10\n$UICIDEBOY$ - \"Escape from BABYLON\"\n10KDunkin - \"CLIQUIN UP\"\n2Tone - \"Should Go Home\"\nAlejo & Young Miko - \"Un Poquito\"\nAndrew Garden - \"it hurts to change\"\nAnt Saunders - \"Camaro\"\nArizona Zervas & 24kGoldn - \"OH MY LORD\"\nBailey Zimmerman - \"Rock and A Hard Place\"\nBastille - \"Remind Me\"\nBenjamin Ingrosso - \"Dancing on a Sunny Day\"\nBetta Lemme - \"Rumours\"\nBig Time Rush - \"Fall\"\nCarmen DeLeon - \"Mala Memoria\"\nCate - \"Ruin\"\nCecilia Castleman - \"Lonely Nights\"\nChris Lane & Lauren Alaina - \"Dancin' In the Moonlight\"\nChronic Law - \"You\"\nCochise - \"TURN IT UP\"\nCoi Leray - \"The One\"\nCapella Grey - \"OT\" ft. Ty Dolla $ign\nConsequence - \"BLOOD STAIN\"\nCraig David - \"G Love\" ft. Nippa\nDax - \"Dear Alcohol Remix\" ft. Elle King\nDDG - \"Storyteller\"\nDemi Lovato - \"SKIN OF MY TEETH\"\nDoodie Lo & Worldwide Hustle Devoo - \"Zip Lock\"\nEddie Benjamin & Alessia Cara - \"Only You\"\n\u200bEizander - \"Mantengo\"\nelijah\u200b woods - \"\u200bilu\"\nElisama - \"Speaker\"\nFitz and The Tantrums - \"Sway\"\nFrench Montana & Harry Fraud - \"Drive By\" ft. Babyface Ray\nFuturistic - \"Gucci\"\nG Perico - \"That\u2019s My Dawg\"\nGreentea Peng - \"Stuck In The Middle\"\nGuapdad 4000 - \"Pose\" ft. Wiz Khalifa & Curren$y\nGyakie - \"SOMETHING\"\nHAEVN - \"Trade it for the Night\"\n\u200biyla - \"2LATE\"\nJ.I the Prince of N.Y - \"Riot\"\nJacob Banks - \"By Design [Evel Knievel]\"\nJacob Collier - \"Never Gonna Be Alone\" ft. John Mayer & Lizzy McAlpine\nJaden Michaels - \"Wrong\"\nJaira Burns - \"Daytime\"\nJGreen - \"Everywhere\"\nJimmie Allen - \"settle on back\"\nJimmy Eat World - \"Something Loud\"\nJoji - \"Glimpse of Us\"\nJoss Favela - \"700 D\u00edas\"\nKameron Marlowe - \"Girl On Fire\"\nKid Cudi - \"Do What I Want\"\nKyle Gee - \"Revenge\"\nLeslie Shaw - \"Poderes\"\nLily Rose - \"I'd Be You\"\nLINK - \"I Belong to You\"\nLissie - \"Flowers\" ft. Bre Kennedy\nLizzo - \"Grrrls\"\nLogic - \"Breath Control\" ft. Wiz Khalifa\nLOVA - \"One Too Far\"\nMachine Gun Kelly & glaive - \"more than life\"\nMallory Merk - \"Thorns\"\nMaluma & Chencho Corleone - \"Nos Comemos Vivos\"\nManu Manzo - \"PAELLA\"\nMarshmello & Khalid - \"Numb\"\nMetteson - \"Never Let Me Go\"\nMia Rodriguez - \"Superglue\"\nMiya Folick - \"Ordinary\"\nMontell Fish - \"Hollow Love\"\nMr Eazi - \"Legalize\"\nMuni Long & Saweetie - \"Baby Boo\"\nNardo Wick - \"Riot\"\nNicole Acosta - \"Home\"\nNLE Choppa - \"Apart From Me\"\nNohemy - \"Tuya\"\nPaloma Ford - \"Bentley Truck\"\nPEDRO SAMPAIO, Anitta & Dadju - \"DAN\u00c7ARINA (Remix)\" ft. Nicky Jam & MC Pedrinho\nPharrell Williams - \"CASH IN CASH OUT\" ft. 21 Savage & Tyler, The Creator\nPLUM-BLOSSOM - \"Imagine being Overrated\"\nR3HAB & Amy Shark - \"Sway My Way\"\nRah Swish & Don Q - \"Rolling Stone\"\nRon Suno - \"What They Gon Say (Remix)\" ft. Rowdy Rebel\nRubi Rose - \"Wifey\"\nRyan Trey - \"Only Us\" ft. Babyface Ray\nRylo Rodriguez - \"Benz Truck\"\n\u200bsalem ilese, Alan Walker & Abdul Cisse - \"PS5 (Fortnite Battle Pass Gamer Remix)\"\nSaucy Santana - \"Booty\" ft. Latto\nSeeb & Julie Bergan - \"Always Will\"\nSharlene & Corina Smith - \"Brutal\"\nSkeng - \"Limited Edition\"\nSkibs - \"Rise & Fall\"\nSmash Mouth - \"Never Gonna Give You Up\"\n\u200bSSGKobe - \"\u200bshoota\"\nSteve Aoki & Taking Back Sunday - \"Just Us Two\"\nSurfaces - \"What's Been On Your Mind?\"\nTank - \"Slow\" ft. J. Valentine\nTeddy Swims - \"2 Moods\"\nThe Chainsmokers & Ship Wrek - \"The Fall\"\nThe Rasmus - \"Rise\"\nThouxanbanfauni - \"ROWDY\" ft. MDMA & DP THE KID\nTom Speight - \"Roll the Dice Again\"\nUnlike Pluto - \"Fata Morgana\"\nUnoTheActivist - \"PAY UP!\"\nViolet Days - \"First Times\"\nWendigo - \"Searching For You\" ft. BRUHMANEGOD, JOHNNASCUS, CXRPSE, MKULTRA & CHRIST DILLINGER\nYung Gravy - \"Betty (Get Money)\"\n6/11\nJackboy - \"Havin My Way\"\n6/13\niayze - \"AKs & ARs\"\n\u9673\u67cf\u5b87 (Jason Chan) - \"\u589c\u843d (Dare To Fall) (Novel Fergus Remix)\" ft. Novel Fergus\nJID - \"Freestyle 29\"\nSoulja Boy - \"Shit Talker\"\n6/14\nBiig Piig - \"FUN\"\nBRELAND - \"Natural\"\nCub Sport - \"Always Got The Love\"\nDry Cleaning - \"Don't Press Me\"\nDuwap Kaine - \"Tonight\"\nFoals - \"Crest of the Wave\"\nJess Connelly - \"Better\"\nJulia Jacklin - \"I Was Neon\"\nLUCKI - \"Y NOT?\"\nR\u00f6yksopp - \"Sorry\" ft. Jamie Irrepressible\nSelfmxdebless - \"P.J.K.Y.$\"\nSimple Minds - \"Vision Thing\"\n6/15\nBananarama - \"Masquerade\"\nbeabadoobee - \"10:36\"\nBen Harper - \"We Need to Talk About It\"\nC.R.O, Nahuel The Coach & Nath - \"Hag\u00e1moslo De Nuevo\"\nCarlos Jean & John Martin - \"Ride\"\nCautious Clay - \"Puffer\"\nGabrielle Aplin - \"Call Me\"\nHighway - \"Next Weekend\"\nIngrid Andress - \"Pain\"\nJay Fizzle - \"Last Song\"\nKadhja Bonet - \"JGS\"\nMarlon Williams - \"Thinking Of Nina\"\nNew Hope Club - \"Getting Better\"\nNew Hope Club - \"Girl Who Does Both\"\nPowers Pleasant - \"Overseas\" ft. Bas, Maxo Kream, Erick the Architect & Kenny Mason\nR\u00f6yksopp - \"Unity\" ft. Karen Harding\nSantigold - \"Ain't Ready\"\nSeaforth & Sean Kingston - \"Queen of Daytona Beach\"\nSelfmxdebless - \"GoUpWtfAreYouDoing?\"\nValentina Zenere - \"Cero Coma\"\nYoung the Giant - \"Wake Up\"\n6/16\nAya Nakamura - \"M\u00e9chante\"\nbLAck pARty - \"On My Way\"\nCamilo & Alejandro Sanz - \"NASA\"\nDAAZ & Ingratax - \"Necesito un Break de Tanta Pendejad*\"\nEminem - \"The King and I\" ft. CeeLo Green\nFABRO, MYA & CNCO - \"Suelta, Sola y Tranquila (Remix)\"\nFKA twigs - \"Killer\"\nJon Z & Morad - \"Gol\"\nKey Glock - \"712AM\"\nKim Loaiza & Mr. Pig - \"Pa' Eso Se Hizo\"\nLlane & Danny Ocean - \"Fino\"\nLuana - \"Por Ti\"\nMoStack - \"Fake Fake Fake\"\nPitizion - \"A Tiempo\"\nPolim\u00e1 WestCoast, Pailita & Feid - \"ULTRA SOLO Remix\" ft. Paloma Mami & De La Ghetto\nRamon Vega & Michelle Macie - \"eScoRpi\u00d3n\"\nRobleis - \"IDIOTA\"\nSelfmxdebless - \"WhatMakesyouDie?\"\nst. Pedro - \"Esa Noche\"\nSteve Lacy - \"Mercury\"\nSymon Dice, Kaleb Di Masi & LATENIGHTJIGGY - \"Pelinegra\"\nTayc - \"Laisse moi te dire\" ft. Hamza\nTei Shi - \"GRIP\"\nTwo Door Cinema Club - \"Wonderful Life\"\nZilo - \"Underwater\"\n6/17\nAlan Walker & Au/Ra - \"Somebody Like U\"\nAlok, Ella Eyre & Kenny Dope - \"Deep Down\"\nAna Mena & Belinda - \"LAS 12\"\nBabyface - \"Keeps On Fallin\u2019\" ft. Ella Mai\nBad Gyal - \"Tremendo Cul\u00f3n\"\nBIG30 - \"Dead Guyz\"\nBlack Eyed Peas, Shakira & David Guetta - \"DON'T YOU WORRY\"\nBROCKHAMPTON - \"Hollywood Swinging\"\nBryant Myers - \"Guarida\"\nBryce Vine - \"Nobody\"\nChance the Rapper - \"The Highs & the Lows \" ft. Joey Bada$$\nChl\u00f6e - \"Surprise\"\nChris Brown - \"Call Me Every Day\" ft. Wizkid\nDDG - \"Stay In My Circle\"\ndeadmau5 - \"XYZ\"\nDerivakat & Yuki - \"Unravel (From \"Tokyo Ghoul\" - Acoustic Version)\"\nDiddy & Bryson Tiller - \"Gotta Move On\"\nDJ Frass & Stefflon Don - \"Sweet Bounce\"\nELHAE - \"Know\"\nEli Sostre - \"Lonely Highway\" ft. johan lenox\nEscarlata - \"Donde Nadie\"\nFlo Milli - \"Conceited\"\nFrench Montana & Harry Fraud - \"Blue Chills\"\nFrench Montana, Harry Fraud & Rick Ross - \"Kind of Girl\"\nHeadie One & Luciano - \"Cloud\"\nHitmaka, Fabolous & Jeremih - \"Down Bad\"\nHorrid1, Sav\u2019O & Black Haze - \"Trinibad (GMFT)\"\nIcona Pop & Ultra Nat\u00e9 - \"You're Free\"\n\u200biLoveMakonnen & YoungBoy Never Broke Again - \"ALL MY SHIT IS STUPID\"\nINNA - \"Magical Love\"\nJarom Su'a, Seven Kayne & Vibarco - \"EN CARTAGENA\" ft. Maia Reficco\nJAY1 - \"Mercedes\"\nJELEEL! & Mike Dimes - \"CLUBHOUSE!\"\nJELEEL! - \"UNCIVILIZED! (GO!)\"\nJohn Legend - \"Honey\" ft. Muni Long\nKALENN - \"En tu lado de mi cama\"\nKay Flock - \"Make A Movie\" ft. Fivio Foreign\nKidd Keo - \"Wannabes\"\nKota the Friend - \"FATHER'S DAY\"\nLAYA - \"Sock It 2 Me\"\nLeon Bridges & Kevin Kaarl - \"Summer Moon\"\nLil Baby & 42 Dugg - \"U-Digg\" ft. Veeze\nLION BABE - \"Yaya\" ft. bbymutha\nLuke Combs - \"The Kind of Love We Make\"\nLul Bob - 'Outside\"\nM\u00e5neskin - \"If I Can Dream\"\nMAR MEJ\u00cdA - \"Nascar\"\nM\u00d8 - \"True Romance\"\nNatti Natasha, Daddy Yankee & Wisin & Yandel - \"Mayor Que Usted\"\nNe-Yo - \"You Got The Body\"\nNova Miller - \"venus\"\nPGF Nuk - \"Pass The Ball\"\nPollari - \"4AM in Agoura (Remix)\" ft. Tony Shhnow\nREASON & Jay Rock - \"Is What It Is\"\nRico Nasty - \"BLACK PUNK\"\nRocco Hunt, Elettra Lamborghini & Lola Indigo - \"Caramello\"\nSam Fischer - \"All My Loving\"\nSamantha Jade - \"Dance Again\"\nSBTRKT - \"BODMIN MOOR\"\nSelfmxdebless - \"HeartsCold\"\n\u200bsevensevenseven & Chief Keef - \"\u200bmake me mad\"\nShaboozeY - \"GAS!\"\nSkibs - \"Back N Forth\"\nSkott - \"Evergreen\"\nSleazyWorld Go & Offset - \"Step 1\"\nStepz - \"Cramp Dat\"\nTom Walker - \"Number 10\"\nTory Lanez - \"City Boy Summer\"\nWendigo - \"The Dark Army\" ft. Quadie Diesel, ize & Matt Ox\nVaishalini - \"Don't Say I Didn't Warn You\"\nVIZE, Abraham Mateo & Sof\u00eda Mart\u00edn - \"Yo Por Ti\"\n\u5433\u9752\u5cf0 (Wu Qing Feng) & AURORA - \"Storm\"\nXavier Om\u00e4r - \"Tarantino\"\nYNW BSlime - \"Pocket Watching\"\nYoza - \"Fine By Me\"\n6/19\nRamz - \"Best Service\"\n6/20\nAitch & Bakar - \"In Disguise\"\nboy pablo - \"Don't You Want Me\" ft. Celine Autumn\n\u9ec3\u660e\u5fb7 (Dark Wong) - \"\u6c92\u6709\u7a7f\u6821\u670d\u7684\u65e5\u5b50 (Old School)\"\nDIRTYBUTT - \"mama said dont cry 2 / long live borne\"\nKirbLaGoop & Bleachdiego - \"Kop Wit Ease\"\nNateWantsToBattle - \"With You\" ft. DAGames\nNedarb & Wicca Phase Springs Eternal - \"\u200d\u200di\u2019ll be the fire\"\nSoulja Boy - \"Baseball\"\n6/21\nAlex G - \"Runner\"\nBeyonc\u00e9 - \"BREAK MY SOUL\"\nBill Wurtz - \"\u200bthe ground plane\"\nBlessd & Rels B - \"Energ\u00eda\"\nBlueBucksClan - \"Just Hit Me\"\nCiara - \"Treat\"\nDayglow - \"Then It All Goes Away\"\nEl Alfa - \"Chu Chu Pamela\"\nIcewear Vezzo, Peezy & Payroll Giovanni - \"The Commission\"\nJayDaYoungan - \"First Day Out Pt2 (Influential Freestyle)\"\nLady A - \"Summer State Of Mind\"\nOliver Malcolm - \"Baby Don't Go\"\nStella Donnelly - \"Flood\"\nThe Game - \"Violence\"\nThe Snuts - \"The Rodeo\"\nTove Lo - \"True Romance\"\nZacari & Isaiah Rashad - \"Bliss\"\n6/22\nAcid Souljah - \"Cheezlworld Ceo\"\nAshe - \"Angry Woman\"\nCOBRAH - \"BRAND NEW BITCH\"\nDee Watkins - \"For The Birds\"\nDjo - \"Change\"\nEli Fross - \"Free 1031\"\nFirst Aid Kit - \"Angel\"\nGorillaz - \"Cracker Island\" ft. Thundercat\nHarry Hudson - \"A song I wrote after therapy\"\nKacey Musgraves - \"Can't Help Falling in Love\"\n\u200bkoi - \"8 days a week\"\nL-Gante, DT.Bilardo & Al Records - \"MI WOMAN\"\nLali - \"N5\"\nLATENIGHTJIGGY - \"Nela\"\n\u53e4\u5de8\u57fa & \u5442\u7235\u5b89 (Leo Ku & Edan Lui) - \"\u98c4\u6d41\u6559\u5ba4 (Floating Classroom)\"\nLil Durk - \"Did Shit To Me\" ft. Doodie Lo\nMarian Hill - \"back in time\"\nMatt Ox - \"GET OUT MY WAY!\"\n\u200bMura Masa, Channel Tres & Shygirl - \"hollaback bitch\"\nNetsky & Rita Ora - \"Barricades\"\nPaolo Nutini - \"Acid Eyes\"\nPaolo Nutini - \"Petrified In Love\"\nPure Shores - \"Light of My Life\"\nsophie meiers - \"untangle me\"\nTai Verdes - \"sheluvme\"\nTR/ST - \"The Shore\"\nZac Brown Band & Blake Shelton - \"Out In The Middle\"\n6/23\nA1 x J1 & Mabel - \"Deal Or No Deal\"\nAmbar Lucid - \"La Torre\"\nArkells, C\u0153ur de Pirate & Aly & AJ - \"Dance With You\"\nBFB Da Packman - \"Megan Knees\"\nCasper M\u00e1gico - \"De Rumba\"\nChris Brown - \"Psychic\" ft. Jack Harlow\nCNCO - \"No Apagues la Luz\"\nDDG - \"Making The Band\"\nDuki - \"Celosa\"\nEix, Be\u00e9le & Maffio - \"Cuando Te Veo\"\nGreyson Chance - \"Palladium\"\nIngratax & Banda MS de Sergio Liz\u00e1rraga - \"Un Chingazo\"\nIngrid Laien & Los Del Fino - \"D\u00e9jame Revisarte el Celular 2\"\nJames Vincent McMorrow - \"Heads Look Like Drums\"\nJustin Quiles & Robin Schulz - \"AEIOU\"\nLa Ross Maria & Ghetto Kids - \"Calent\u00f3n\"\nLefty Sm - \"Confundido\"\nmerci, mercy - \"Black Cloud\"\nNEEDTOBREATHE - \"Talk of the Town\"\nNoah Cyrus - \"Ready To Go\"\nNot3s - \"Where You Been?\"\n\u200brenforshort - \"i miss myself\"\nSam Hunt - \"Water Under The Bridge\"\nSylvan Esso - \"Your Reality\"\nThe Interrupters - \"Jailbird\"\nTony Shhnow - \"\u200ereal runtz\"\nTyson Yoshi - \"if i die tonight\"\nYandel, Maluma & Eladio Carri\u00f3n - \"Nunca Y Pico\"\n6/24\nAaron Cole - \"Choose You\"\nAidan Bissett - \"Twenty Something\"\nAlexander 23 - \"Somebody's Nobody\"\nAmanda Tenfjord - \"All In\"\n\u200banders - \"Come With Me\"\nAndy & Lucas - \"Son de Amores (Remix)\" ft. Abraham Mateo & L\u00e9rica\nAndy Grammer - \"Good Man (First Love)\"\nArizona Zervas - \"ON TEN\"\nASHA - \"Fille d'Afrique\"\nAshley Kutcher - \"Emotionless\"\nAvery Lynch - \"I\u2019m Sorry If I Hurt U Sometimes\"\nAyzha Nyree - \"Woke Up Like This\"\nbbno$ & Diplo - \"pogo\"\nBig Yavo - \"OVO\"\nBKTHERULA & Ski Mask the Slump God - \"THROUGH 2 U (Remix)\"\n\u200bcarolesdaughter - \"xo hope u die\"\nCharlie Puth - \"Left and Right\" ft. Jung Kook (\uc815\uad6d)\nChayanne - \"Te Amo y Punto\"\nChristina Perri - \"home\"\nChristine and the Queens - \"Je te vois enfin\"\nChxrry22 - \"Call Me\"\nCitizen Queen - \"XO\"\nCoi Leray - \"Involved\"\nCuco & Bratty - \"Fin Del Mundo\"\nDaBaby & Davido - \"SHOWING OFF HER BODY\"\nDave - \"My 24th Birthday\"\nDess Dior - \"Rich and Raw\"\nDimitri Vegas, David Guetta & Nicole Scherzinger - \"The Drop\" ft. Azteck\nDMX - \"Know What I Am\"\nDot Da Genius - \"Talk About Me\" ft. Kid Cudi, Denzel Curry & JID\nDougie B - \"Uzi\"\nDove Cameron - \"Breakfast\"\nEchosmith - \"Hang Around\"\nEdurne & NIA - \"Te Quedaste Solo\"\nElle King & Nile Rodgers - \"Honky Tonk Disco Nights\"\nElley Duh\u00e9 - \"PIECES\"\nEminem & Snoop Dogg - \"From The D 2 The LBC\"\nFLETCHER - \"Her Body Is Bible\"\nFly By Midnight - \"Dance\"\nGASHI - \"Gasoline\"\nglaive - \"minnesota is a place that exists\"\nG Perico - \"Westside Connection\" ft. J. Stone\nH.E.R. - \"Dance To The Music\"\nHayley Kiyoko - \"deep in the woods\"\nHuey Mack - \"My Favorite\"\nILIRA - \"Another Heart\"\nImagine Dragons - \"Sharks\"\nJake Miller - \"8 Tattoos\"\nJames Bay - \"Everybody Needs Someone\"\nJaz Karis - \"OPTION\"\nJenn Morel - \"Estilo Cochino\"\nJessie Reyez - \"FRAUD\"\nJonathan Young & Caleb Hyles - \"Wolf Within\"\nJosie Man - \"no one cares\"\nKalan.FrFr. - \"No Stoppin\" ft. Blxst\nKIRBY - \"New D\"\nLARRENWONG - \"Deacon\"\nLeah Kate - \"Twinkle Twinkle Little Bitch\"\nLena - \"Looking For Love\"\nLexie Carroll - \"\u200bif i built my home from paper\"\nLil Nas X & YoungBoy Never Broke Again - \"Late To Da Party\"\nLolo Zoua\u00ef - \"Blur\"\n\u200blovelytheband - \"sail away\"\nMads Langer - \"Double Trouble\"\nMatt Maeson - \"A Memory Away\"\nMeghan Trainor - \"Bad For Me\" ft. Teddy Swims\nMina Okabe - \"Waiting Is A Waste\"\nMs Banks - \"Bounce\"\nNessa Barrett - \"die first\"\nNightly - \"On Your Sleeve\"\nPeach Tree Rascals - \"Let U Go\"\nPhora - \"Fake Smiles 3\"\nROA - \"JETSKI\"\nROSIE - \"Something I Hate\"\nRuss - \"Yes Sir\"\nSam Creighton - \"Heaven From LA\"\nSam Feldt & salem ilese - \"Hate Me\"\nSerrini - \"\u6a39\u6728\u771f\u7f8e (\u200bkiki mami)\"\nSkibs - \"Blue Ferrari\"\nSophie Cates - \"Nasty\"\nTaylor Swift - \"Carolina\"\nTedashii, Trip Lee & Lecrae - \"Respect My Team\"\nThe Kooks - \"Cold Heart\"\nThouxanbanfauni - \"Hell Shot\" ft. Robb Bank$\nTommy Genesis & Charlie Heat - \"all the bands\"\nTotoy El Frio - \"El Cielo\"\nTyler Hubbard - \"35's\"\nVEDO & OG Parker - \"Face Down\"\nWILLOW - \"\u02c2maybe\u02c3 it's my fault\"\nWiz Khalifa - \"Bad Ass Bitches\"\nYoung Devyn - \"Decisions\"\nYG, Tyga & 21 Savage - \"Run\" ft. BIA\nZella Day - \"Radio Silence\"\nZieZie - \"Make a Wish\"\n6/25\n\u200bwolfacejoeyy - \"\u200bshake it\"\n6/26\nBABYXSOSA - \"FACETIME / TEXTING\"\nBFB Da Packman - \"Stained Couch\"\nDAGames - \"Blue: SSD\"\nSkeng - \"Simple Dutt\"\n6/27\nJae Stephens - \"What's a Monday\"\nMelvoni - \"Trust Issues\"\nNadia Rose - \"Lyrical Assassin\"\nPale Waves - \"Jealousy\"\nper se - \"\u9583\u5ff5 (The Spark)\"\nRina Sawayama - \"Catch Me In The Air\"\nYoung King Slaton - \"Dance On The Floor\"\n6/28\nDave East - \"How We Livin'\"\nFancy Hagood - \"Blue Dream Baby\" ft. Kacey Musgraves\nLauv - \"Kids Are Born Stars\"\nLil Gotit - \"MF TRIMM\"\nMAR MEJ\u00cdA - \"As\u00ed Somos\"\nSampa the Great - \"Never Forget\" ft. Tio Nason, Mwanje & Chef 187\nSuperorganism - \"Into the Sun\" ft. Pi Ja Ma, Stephen Malkmus & \u661f\u91ce\u6e90 (Gen Hoshino)\n\u6797\u5bb6\u8b19 (Terence Lam) - \"\u590f\u4e4b\u98a8\u7269\u8a69 (Summer)\"\nYeat - \"Rich Minion\"\n6/29\nAaron Smith - \"You\"\nAnitta & Luck Muzik - \"TROPA\"\nAnna of the North - \"Dandelion\"\nBlue - \"Dance With Me\"\nClaire Rosinkranz - \"i'm too pretty for this\"\nDaya - \"Love You When You're Gone\"\nDerivakat & Yuki - \"Glassy Sky (From \"Tokyo Ghoul\")\"\nDermot Kennedy - \"Dreamer\"\nEmotional Oranges - \"Make Me Wanna\"\nEnchanting - \"What I Want\" ft. Jacquees\nFEYZAL - \"No Attachments\"\nGia Woods - \"Lesbionic\"\nGryffin & M\u00d8 - \"Reckless\"\nGucci Mane - \"All Dz Chainz\" ft. Lil Baby\niayze - \"Cracked (I'm Him 2)\"\nJBee & CRYSTAL MILLZ - \"Changed\"\nKailee Morgue - \"Trainwreck\"\nKidd Kenn - \"Want Not A Need\" ft. Baby Tate\nLloyd Banks & Conway the Machine - \"Menace\"\nMabel - \"Let Love Go\" ft. Lil Tecca\nMaya Hawke - \"Th\u00e9r\u00e8se\"\nMen I Trust - \"Hard To Let Go\"\nOscar Lang & Wallice - \"I've Never Been To LA\"\nPaulo Londra - \"Nublado\"\nPaulo Londra - \"Luces\"\nR\u00caVE - \"Tongue\"\nSteve Lacy - \"Bad Habit\"\nTayla Parx - \"Flowers\"\nYUNGBLUD - \"Don't Feel Like Feeling Sad Today\"\n6/30\nAustin Meade - \"Red Roof Estates\"\nB Young - \"Ocean\" ft. BNXN fka Buju\nBig Time Rush - \"Honey\"\ndaine - \"\u200bsleepwalking\"\nDreamer Boy - \"HUES\"\nECKO, Kaleb Di Masi & Omar Varela - \"P\u00c9GATE (RKT Remix)\" ft. Lautaro DDJ, Alejo Isakk & Salastkbron\nEl Osito Wito, Kaleb Di Masi & Mesita - \"Coqueta (Remix)\" ft. Salastkbron, Alejo Isakk, Roldan Emi & Rodrii Ortiz\nFlo Rida - \"What a Night\"\nFreddie Dredd - \"Greed\"\n\u8b1d\u5b89\u742a (Kay Tse) - \"\u61b6\u5e74 (Life Just Goes On)\"\nHeadie One & Frenna - \"Bigger Than Life\"\nJ Balvin & Ryan Castro - \"Nivel De Perreo\"\nLevi Hummon - \"Good Riddance\" ft. Filmore & YA\u2019BOYZ\nMatilda Mann - \"Hell\"\nMiriam Rodr\u00edguez - \"La \u00daltima Funci\u00f3n\"\n\u5433\u6797\u5cf0 (Ng Lam Fung) - \"\u571f\u64a5\u9f20\u4e4b\u65e5 (Groundhog Day)\"\nRAYE - \"Hard Out Here\"\nSad Frosty & Chief Keef - \"GENGAR\"\nSael & Emilia - \"Q-Lito\"\nSeven Kayne & Diablo - \"NO S\u00c9 XQ\"\nStay Flee Get Lizzy, Lancey Foux & SL - \"Simple\"\nSteff - \"La Puerta\"\nT3 - \"A Pleasure\"\nTi\u00ebsto & Charli XCX - \"Hot In It\"\nYoung Cister - \"LA TERAPIA\"\nZachary Knowles - \"CIGARETTES\"\n\u9867\u5b9a\u8ed2 (Zeno Koo) - \"XY\"\nZion & Lennox & Mar\u00eda Becerra - \"Berl\u00edn\"Embed"
}