{
 "_type": "song",
 "annotation_count": 3,
 "api_path": "/songs/397473",
 "artist_names": "Ryan Star",
 "full_title": "Start a Fire by\u00a0Ryan\u00a0Star",
 "header_image_thumbnail_url": "https://images.genius.com/f36fecec150d90852ee41e29ee306341.300x300x1.jpg",
 "header_image_url": "https://images.genius.com/f36fecec150d90852ee41e29ee306341.1000x1000x1.jpg",
 "id": 397473,
 "instrumental": false,
 "lyrics_owner_id": 690952,
 "lyrics_state": "complete",
 "lyrics_updated_at": 1516474192,
 "path": "/Ryan-star-start-a-fire-lyrics",
 "pyongs_count": null,
 "relationships_index_url": "https://genius.com/Ryan-star-start-a-fire-sample",
 "release_date_components": {
  "year": 2010,
  "month": 9,
  "day": 10
 },
 "release_date_for_display": "September 10, 2010",
 "release_date_with_abbreviated_month_for_display": "Sep. 10, 2010",
 "song_art_image_thumbnail_url": "https://images.genius.com/f36fecec150d90852ee41e29ee306341.300x300x1.jpg",
 "song_art_image_url": "https://images.genius.com/f36fecec150d90852ee41e29ee306341.1000x1000x1.jpg",
 "stats": {
  "unreviewed_annotations": 3,
  "hot": false
 },
 "title": "Start a Fire",
 "title_with_featured": "Start a Fire",
 "updated_by_human_at": 1516474192,
 "url": "https://genius.com/Ryan-star-start-a-fire-lyrics",
 "featured_artists": [],
 "primary_artist": {
  "_type": "artist",
  "api_path": "/artists/144455",
  "header_image_url": "https://images.genius.com/eaef8565de33bef751451627a0f2c0e8.333x333x1.jpg",
  "id": 144455,
  "image_url": "https://images.genius.com/eaef8565de33bef751451627a0f2c0e8.333x333x1.jpg",
  "index_character": "r",
  "is_meme_verified": false,
  "is_verified": false,
  "name": "Ryan Star",
  "slug": "Ryan-star",
  "url": "https://genius.com/artists/Ryan-star"
 },
 "artist": "Ryan Star",
 "lyrics": "5 ContributorsStart a Fire Lyrics[Verse 1]\nI remember when you said your father's asleep\nI remember swimming as our clothes drifted off to sea\n\n[Pre-Chorus]\nSo wake up, wake up dreaming\nAnd lie here with me\nWake up, wake up dreaming\nAnd lie here with me\n\n[Chorus]\nHere we go\nJust lose control and let your body give in\nTo the beat\nOf your heart as my hand touches your skin\nIs this love\nOr just sexual desire?\nWe're gonna start a fire\n\n[Verse 2]\nI remember drinking as the stars were falling\nI remember dancing on the hotel's unmade bed\n\n[Pre-Chorus]\nSo wake up, wake up dreaming\nAnd lie here with me\nWake up, wake up dreaming\nAnd lie here with me\nYou might also like[Chorus]\nHere we go\nJust lose control and let your body give in\nTo the beat\nOf your heart as my hand touches your skin\nIs this love\nOr just sexual desire?\nWe're gonna start a fire\nHere we go\nJust lose control and let your body give in\nTo the beat\nOf your heart as my hand touches your skin\nIs this love\nOr just sexual desire?\nWe're gonna start a fire\n\n[Bridge]\nTaking chances in the back of your car\nWe burn and on the radio is \"Rockin' in a Free World\"\nS.O.S., so obsessed\nOh you make me such a mess\nWhy can't this just last forever, why, why, why?\n\n[Pre-Chorus]\nSo wake up, wake up dreaming\nAnd lie here with me\n[Chorus]\nHere we go\nJust lose control and let your body give in\nTo the beat\nOf your heart as my hand touches your skin\nIs this love\nOr just sexual desire?\nWe're gonna start a fire\nWe're gonna start a fire\nWe're gonna start a fire\nWe're gonna start a fire\nHere we go\nJust lose control and let your body give in\nTo the beat\nOf your heart as my hand touches your skin\nIs this love\nOr just sexual desire?\nWe're gonna start a fire\nWe're gonna start a fire\nWe're gonna start a fire\nJust sexual desire\nWe're gonna start a fire\nWe're gonna start a fire\nWe're gonna start a fireEmbed"
}