{
 "_type": "song",
 "annotation_count": 0,
 "api_path": "/songs/1271938",
 "artist_names": "Fontella Bass",
 "full_title": "Rescue Me by\u00a0Fontella\u00a0Bass",
 "header_image_thumbnail_url": "https://images.genius.com/84ed2412d1b6fbf56ce3c67fc1da3fe5.203x200x1.jpg",
 "header_image_url": "https://images.genius.com/84ed2412d1b6fbf56ce3c67fc1da3fe5.203x200x1.jpg",
 "id": 1271938,
 "instrumental": false,
 "lyrics_owner_id": 14710789,
 "lyrics_state": "complete",
 "lyrics_updated_at": 1679227043,
 "path": "/Fontella-bass-rescue-me-lyrics",
 "pyongs_count": 1,
 "relationships_index_url": "https://genius.com/Fontella-bass-rescue-me-sample",
 "release_date_components": {
  "year": 1965,
  "month": 9,
  "day": 25
 },
 "release_date_for_display": "September 25, 1965",
 "release_date_with_abbreviated_month_for_display": "Sep. 25, 1965",
 "song_art_image_thumbnail_url": "https://images.genius.com/84ed2412d1b6fbf56ce3c67fc1da3fe5.203x200x1.jpg",
 "song_art_image_url": "https://images.genius.com/84ed2412d1b6fbf56ce3c67fc1da3fe5.203x200x1.jpg",
 "stats": {
  "unreviewed_annotations": 0,
  "hot": false,
  "pageviews": 14239
 },
 "title": "Rescue Me",
 "title_with_featured": "Rescue Me",
 "updated_by_human_at": 1679227043,
 "url": "https://genius.com/Fontella-bass-rescue-me-lyrics",
 "featured_artists": [],
 "primary_artist": {
  "_type": "artist",
  "api_path": "/artists/359283",
  "header_image_url": "https://images.genius.com/4859aa8dc6975ae53ce6e720160c5ff3.780x520x1.jpg",
  "id": 359283,
  "image_url": "https://images.genius.com/13b2c8e6cad745d65700555ea3465403.409x409x1.jpg",
  "index_character": "f",
  "is_meme_verified": false,
  "is_verified": false,
  "name": "Fontella Bass",
  "slug": "Fontella-bass",
  "url": "https://genius.com/artists/Fontella-bass"
 },
 "artist": "Fontella Bass",
 "lyrics": "10 ContributorsRescue Me Lyrics[Verse 1]\nRescue me\nOr take me in your arms\nRescue me\nI want your tender charms\n'Cause I'm lonely and I'm blue\nI need you and your love too\nCome on and rescue me\n\n[Chorus]\nCome on, baby, and rescue me\nCome on, baby, and rescue me\n'Cause I need you by my side\nCan't you see that I'm lonely?\nRescue me\n\n[Verse 2]\nCome on and take my heart\nTake your love and conquer every part\n'Cause I'm lonely and I'm blue\nI need you and your love too\nCome on and rescue me\n\n[Chorus]\nCome on, baby, and rescue me\nCome on, baby, and rescue me\n'Cause I need you by my side\nCan't you see that I'm lonely?\nYou might also like[Instrumental Break 01:17-01:33]\n\n[Verse 3]\nRescue me\nOr take me in your arms\nRescue me\nI want your tender charms\n'Cause I'm lonely and I'm blue\nI need you and your love too\nCome on and rescue me\n\n[Bridge]\nCome on baby\nTake me baby (take me baby)\nHold me baby (hold me baby)\nLove me baby (love me baby)\nCan't you see that I need you baby?\nCan't you see that I'm lonely?\nRescue me\n\n[Verse 4]\nCome on and take my hand\nCome on baby and be my man\n'Cause I love you\n'Cause I want you\nCan't you see that I'm lonely?\nMhm, mhm, mhm, mhm\n[Outro]\nTake me baby, (take me baby)\nLove me baby, (love me baby)\nNeed me baby, (need me baby)\nMhm, mhm, mhm\nCan't you see that I'm lonely?\nRescue me\nRescue me\nMhm, mhm, mhm1Embed"
}