{
 "_type": "song",
 "annotation_count": 2,
 "api_path": "/songs/117716",
 "artist_names": "The Beatles",
 "full_title": "Love Me Do by\u00a0The\u00a0Beatles",
 "header_image_thumbnail_url": "https://images.genius.com/f3ced73858a61ba7779abeb8f5180aae.300x52x1.jpg",
 "header_image_url": "https://images.genius.com/f3ced73858a61ba7779abeb8f5180aae.1000x173x1.jpg",
 "id": 117716,
 "instrumental": false,
 "lyrics_owner_id": 70799,
 "lyrics_state": "complete",
 "lyrics_updated_at": 1698969976,
 "path": "/The-beatles-love-me-do-lyrics",
 "pyongs_count": 13,
 "relationships_index_url": "https://genius.com/The-beatles-love-me-do-sample",
 "release_date_components": {
  "year": 1963,
  "month": 3,
  "day": 22
 },
 "release_date_for_display": "March 22, 1963",
 "release_date_with_abbreviated_month_for_display": "Mar. 22, 1963",
 "song_art_image_thumbnail_url": "https://images.rapgenius.com/956cd17ed482217b2148380468e1ff30.300x300x1.jpg",
 "song_art_image_url": "https://images.rapgenius.com/956cd17ed482217b2148380468e1ff30.360x360x1.jpg",
 "stats": {
  "unreviewed_annotations": 1,
  "hot": false,
  "pageviews": 97558
 },
 "title": "Love Me Do",
 "title_with_featured": "Love Me Do",
 "updated_by_human_at": 1699154539,
 "url": "https://genius.com/The-beatles-love-me-do-lyrics",
 "featured_artists": [],
 "primary_artist": {
  "_type": "artist",
  "api_path": "/artists/586",
  "header_image_url": "https://images.genius.com/817d7fb288bb1c8456140d7e4987e7e7.400x226x148.gif",
  "id": 586,
  "image_url": "https://images.genius.com/2a7afa0442a3805371b018ca29dfdda6.1000x1000x1.jpg",
  "index_character": "b",
  "is_meme_verified": false,
  "is_verified": false,
  "name": "The Beatles",
  "slug": "The-beatles",
  "url": "https://genius.com/artists/The-beatles"
 },
 "artist": "The Beatles",
 "lyrics": "43 ContributorsTranslationsEspa\u00f1olPortugu\u00easLove Me Do Lyrics[Verse: Paul McCartney & John Lennon & Paul McCartney]\nLove, love me do\nYou know I love you\nI'll always be true\nSo please, love me do\nWhoa, love me do\n\n[Verse: Paul McCartney & John Lennon & Paul McCartney]\nLove, love me do\nYou know I love you\nI'll always be true\nSo please, love me do\nWhoa, love me do\n\n[Bridge: Paul McCartney & John Lennon, Paul McCartney]\nSomeone to love\nSomebody new\nSomeone to love\nSomeone like you\n\n[Verse: Paul McCartney & John Lennon & Paul McCartney]\nLove, love me do\nYou know I love you\nI'll always be true\nSo please, love me do\nWhoa, love me do\nYou might also like[Harmonica Solo]\n\n[Verse: Paul McCartney & John Lennon & Paul McCartney]\nLove, love me do\nYou know I love you\nI'll always be true\nSo please, love me do\nWhoa, love me do\nYeah, love me do\n\n[Outro: Paul McCartney]\nWhoa, oh, love me do\nYeah, love me do\nWhy don't you love me do?13Embed"
}