{
 "_type": "song",
 "annotation_count": 1,
 "api_path": "/songs/1120717",
 "artist_names": "Dwight Yoakam",
 "full_title": "Honky Tonk Man by\u00a0Dwight\u00a0Yoakam",
 "header_image_thumbnail_url": "https://img.discogs.com/AI6g5WrJ8fATVnRYUR112LSX2t4=/fit-in/599x600/filters:strip_icc():format(jpeg):mode_rgb():quality(90)/discogs-images/R-6336734-1416866201-8838.jpeg.jpg",
 "header_image_url": "https://img.discogs.com/AI6g5WrJ8fATVnRYUR112LSX2t4=/fit-in/599x600/filters:strip_icc():format(jpeg):mode_rgb():quality(90)/discogs-images/R-6336734-1416866201-8838.jpeg.jpg",
 "id": 1120717,
 "instrumental": false,
 "lyrics_owner_id": 1549345,
 "lyrics_state": "complete",
 "lyrics_updated_at": 1473843746,
 "path": "/Dwight-yoakam-honky-tonk-man-lyrics",
 "pyongs_count": null,
 "relationships_index_url": "https://genius.com/Dwight-yoakam-honky-tonk-man-sample",
 "release_date_components": {
  "year": 1986,
  "month": 1,
  "day": 27
 },
 "release_date_for_display": "January 27, 1986",
 "release_date_with_abbreviated_month_for_display": "Jan. 27, 1986",
 "song_art_image_thumbnail_url": "https://img.discogs.com/AI6g5WrJ8fATVnRYUR112LSX2t4=/fit-in/599x600/filters:strip_icc():format(jpeg):mode_rgb():quality(90)/discogs-images/R-6336734-1416866201-8838.jpeg.jpg",
 "song_art_image_url": "https://img.discogs.com/AI6g5WrJ8fATVnRYUR112LSX2t4=/fit-in/599x600/filters:strip_icc():format(jpeg):mode_rgb():quality(90)/discogs-images/R-6336734-1416866201-8838.jpeg.jpg",
 "stats": {
  "unreviewed_annotations": 0,
  "hot": false
 },
 "title": "Honky Tonk Man",
 "title_with_featured": "Honky Tonk Man",
 "updated_by_human_at": 1626747242,
 "url": "https://genius.com/Dwight-yoakam-honky-tonk-man-lyrics",
 "featured_artists": [],
 "primary_artist": {
  "_type": "artist",
  "api_path": "/artists/332524",
  "header_image_url": "https://images.genius.com/04e33792765743bf568f77abb5c1f3bc.1000x635x1.jpg",
  "id": 332524,
  "image_url": "https://images.genius.com/2e40183854a6cf1952355c296f8800f8.1000x751x1.jpg",
  "index_character": "d",
  "is_meme_verified": false,
  "is_verified": false,
  "name": "Dwight Yoakam",
  "slug": "Dwight-yoakam",
  "url": "https://genius.com/artists/Dwight-yoakam"
 },
 "artist": "Dwight Yoakam",
 "lyrics": "6 ContributorsHonky Tonk Man LyricsWell I'm a honky tonk man and I can't seem to stop\nI love to give the girls a whirl to the music of an old juke box\nBut when my money's all gone, I'm on the telephone singing\nHey hey mama can your daddy come home\n\nWell now I'm living wild and dangerously\nBut I've got plenty of company\nWhen the moon comes up and the sun goes down\nWell I can't wait to see the lights of town\n\n'Cause I'm a honky tonk man and I can't seem to stop\nI love to give the girls a whirl to the music of an old juke box\nBut when my money's all gone, I'm on the telephone singing\nHey hey mama can your daddy come home\n\nWell, I'm a honky tonk man and I can't seem to stop\nI love to give the girls a whirl to the music of an old juke box\nBut when my money's all gone, I'm on the telephone singing\nHey hey mama can your daddy come home\n\nHey now, a pretty little girl and a jug of wine\nWell that's what it takes to make a honky tonk time\nWith the juke box moaning those honky tonk sounds\nWell I can't wait to lay my money down\n\n'Cause I'm a honky tonk man and I can't seem to stop\nI love to give the girls a whirl to the music of an old juke box\nBut when my money's all gone, I'm on the telephone singing\nHey hey mama can your daddy come home\nSee Dwight Yoakam LiveGet tickets as low as $67You might also likeI'm a honky tonk man and I can't seem to stop\nI love to give the girls a whirl to the music of an old juke box\nBut when my money's all gone, I'm on the telephone singing\nHey hey mama can your daddy come homeEmbed"
}