{
 "_type": "song",
 "annotation_count": 1,
 "api_path": "/songs/1529094",
 "artist_names": "Ronnie Milsap",
 "full_title": "Stranger in My House by\u00a0Ronnie\u00a0Milsap",
 "header_image_thumbnail_url": "https://images.genius.com/d79b4c5760a64b97cac1b6684849135f.300x300x1.jpg",
 "header_image_url": "https://images.genius.com/d79b4c5760a64b97cac1b6684849135f.600x600x1.jpg",
 "id": 1529094,
 "instrumental": false,
 "lyrics_owner_id": 13123672,
 "lyrics_state": "complete",
 "lyrics_updated_at": 1688772357,
 "path": "/Ronnie-milsap-stranger-in-my-house-lyrics",
 "pyongs_count": null,
 "relationships_index_url": "https://genius.com/Ronnie-milsap-stranger-in-my-house-sample",
 "release_date_components": null,
 "release_date_for_display": null,
 "release_date_with_abbreviated_month_for_display": null,
 "song_art_image_thumbnail_url": "https://images.genius.com/d79b4c5760a64b97cac1b6684849135f.300x300x1.jpg",
 "song_art_image_url": "https://images.genius.com/d79b4c5760a64b97cac1b6684849135f.600x600x1.jpg",
 "stats": {
  "unreviewed_annotations": 1,
  "hot": false,
  "pageviews": 8244
 },
 "title": "Stranger in My House",
 "title_with_featured": "Stranger in My House",
 "updated_by_human_at": 1688772357,
 "url": "https://genius.com/Ronnie-milsap-stranger-in-my-house-lyrics",
 "featured_artists": [],
 "primary_artist": {
  "_type": "artist",
  "api_path": "/artists/247000",
  "header_image_url": "https://images.genius.com/7cc74fa0ff4aad72b8d860e12a4dd117.521x521x1.jpg",
  "id": 247000,
  "image_url": "https://images.genius.com/7cc74fa0ff4aad72b8d860e12a4dd117.521x521x1.jpg",
  "index_character": "r",
  "is_meme_verified": false,
  "is_verified": false,
  "name": "Ronnie Milsap",
  "slug": "Ronnie-milsap",
  "url": "https://genius.com/artists/Ronnie-milsap"
 },
 "artist": "Ronnie Milsap",
 "lyrics": "7 ContributorsStranger in My House Lyrics[Verse 1]\nThere's a silence here between us\nI've never heard before\nAnd I can't find the love\nIn her eyes anymore\nThere's some changes going on\nI'm beginning to understand\nWhen I'm holding her\nI swear I feel the presence of another man\n\n[Chorus]\nThere's a stranger in my house\nSomebody here that I can't see\nA stranger in my house\nSomebody here trying to take her away from me\n\n[Verse 2]\nShe sits staring out the window\nA million miles away\nAnd when I ask if she's alright\nShe never has too much to say\nIs it somebody we both know?\nOr somebody she just met?\nIs she loving him in her mind\nWhile she's lying here in my bed?\nYou might also like[Chorus]\nThere's a stranger in my house\nSomebody here that I can't see\nA stranger in my house\nSomebody here trying to take her away from me\n(Hoo-hoo-hoo-hoo-hoo-hoo-hoo-hoo)\n\n[Verse 3]\nSuspicions lead to questions\nAnd questions to alibis\nIs it just my imagination?\nOr has her love turned into lies?\n\n[Chorus]\nThere's a stranger in my house\nSomebody here that I can't see\nA stranger in my house\nSomebody here trying to take her away\nA stranger in my house\nSomebody here that I can't see\nA stranger in my house\nSomebody here trying to take her away\nA stranger in my house\nSomebody here trying to take her away from me\nA stranger in my houseEmbed"
}