{
 "_type": "song",
 "annotation_count": 1,
 "api_path": "/songs/110528",
 "artist_names": "Megadeth",
 "full_title": "Angry Again by\u00a0Megadeth",
 "header_image_thumbnail_url": "https://images.genius.com/81f25e9dbf7c7e79fc5dbd38df6a796b.300x300x1.jpg",
 "header_image_url": "https://images.genius.com/81f25e9dbf7c7e79fc5dbd38df6a796b.1000x1000x1.jpg",
 "id": 110528,
 "instrumental": false,
 "lyrics_owner_id": 22533,
 "lyrics_state": "complete",
 "lyrics_updated_at": 1638131636,
 "path": "/Megadeth-angry-again-lyrics",
 "pyongs_count": 3,
 "relationships_index_url": "https://genius.com/Megadeth-angry-again-sample",
 "release_date_components": {
  "year": 1993,
  "month": 6,
  "day": 8
 },
 "release_date_for_display": "June 8, 1993",
 "release_date_with_abbreviated_month_for_display": "Jun. 8, 1993",
 "song_art_image_thumbnail_url": "https://images.genius.com/81f25e9dbf7c7e79fc5dbd38df6a796b.300x300x1.jpg",
 "song_art_image_url": "https://images.genius.com/81f25e9dbf7c7e79fc5dbd38df6a796b.1000x1000x1.jpg",
 "stats": {
  "unreviewed_annotations": 0,
  "hot": false,
  "pageviews": 27682
 },
 "title": "Angry Again",
 "title_with_featured": "Angry Again",
 "updated_by_human_at": 1656588287,
 "url": "https://genius.com/Megadeth-angry-again-lyrics",
 "featured_artists": [],
 "primary_artist": {
  "_type": "artist",
  "api_path": "/artists/19444",
  "header_image_url": "https://images.genius.com/ed7f0a9b8b87c0d2325b050eeebcc068.1000x530x1.png",
  "id": 19444,
  "image_url": "https://images.genius.com/9bdc3d3ea88da0c065c94aee4f13d943.1000x1000x1.jpg",
  "index_character": "m",
  "is_meme_verified": false,
  "is_verified": false,
  "name": "Megadeth",
  "slug": "Megadeth",
  "url": "https://genius.com/artists/Megadeth"
 },
 "artist": "Megadeth",
 "lyrics": "19 ContributorsAngry Again Lyrics[Verse 1]\nThe more of you that I inspect\nThe more of me I see reflect\nThe more I try to read your lips\nThe more the mask you're wearing rips\nBut when I seek out your voice\nMy ears are overcome with noise\nYou show and tell with greatest ease\nRaving impossibilities\n\n[Chorus]\nEngaged in crime I grasp my throat\nEnraged my mind starts to smoke\nEnforce a mental overload\nAngry again, angry again, angry\n\n[Verse 2]\nAnd when the story takes a twist\nIt folds like a contortionist\nSlight of hand and quick exchange\nThe old tricks have been rearranged\n\n[Chorus]\nEngaged in crime I grasp my throat\nEnraged my mind starts to smoke\nEnforce a mental overload\nAngry again, angry again, angry\nSee Megadeth LiveGet tickets as low as $78You might also like[Bridge]\nThe searing of the sinew\nMy body fights for air\nThe ripping of the tissue\nMy lungs begin to tear\nGravity's got my bones\nIt pulls my flesh away\nThe steam finally dissipates\nI make out my sweaty face\n\n[Instrumental Break]\n\n[Verse 3]\nAssociation that I choose\nGame I inevitably lose\nGoverned by laws set up by me\nFracture its jaw to let me be\nA cut-out cardboard condo maze\nFilled with an insubordinate race\nIrrational youths stop to stare\nAs music rubber hosed the air\n\n[Chorus]\nEngaged in crime I grasp my throat\nEnraged my mind starts to smoke\nEnforce a mental overload\nAngry again, angry again, angry again, and again and again, again\n[Outro]\nEngaged in crime I grasp my throat\nEnraged my mind starts to smoke\nEnforce a mental overload\nAngry again, angry again, angry3Embed"
}