{
 "_type": "song",
 "annotation_count": 0,
 "api_path": "/songs/191673",
 "artist_names": "George Strait",
 "full_title": "True by\u00a0George\u00a0Strait",
 "header_image_thumbnail_url": "https://images.genius.com/10bb587c049ddf410e153bb48bf94f74.300x300x1.jpg",
 "header_image_url": "https://images.genius.com/10bb587c049ddf410e153bb48bf94f74.800x800x1.jpg",
 "id": 191673,
 "instrumental": false,
 "lyrics_owner_id": 225680,
 "lyrics_state": "complete",
 "lyrics_updated_at": 1642201995,
 "path": "/George-strait-true-lyrics",
 "pyongs_count": null,
 "relationships_index_url": "https://genius.com/George-strait-true-sample",
 "release_date_components": {
  "year": 1998,
  "month": 6,
  "day": 22
 },
 "release_date_for_display": "June 22, 1998",
 "release_date_with_abbreviated_month_for_display": "Jun. 22, 1998",
 "song_art_image_thumbnail_url": "https://images.genius.com/10bb587c049ddf410e153bb48bf94f74.300x300x1.jpg",
 "song_art_image_url": "https://images.genius.com/10bb587c049ddf410e153bb48bf94f74.800x800x1.jpg",
 "stats": {
  "unreviewed_annotations": 0,
  "hot": false
 },
 "title": "True",
 "title_with_featured": "True",
 "updated_by_human_at": 1642201995,
 "url": "https://genius.com/George-strait-true-lyrics",
 "featured_artists": [],
 "primary_artist": {
  "_type": "artist",
  "api_path": "/artists/15101",
  "header_image_url": "https://images.genius.com/b0d4a6ebeea27a150f9cb511da9efe1f.1000x525x1.jpg",
  "id": 15101,
  "image_url": "https://images.genius.com/7bbb4eb1ce0ab311575f66e7512542b5.400x400x1.png",
  "index_character": "g",
  "is_meme_verified": false,
  "is_verified": false,
  "name": "George Strait",
  "slug": "George-strait",
  "url": "https://genius.com/artists/George-strait"
 },
 "artist": "George Strait",
 "lyrics": "8 ContributorsTrue Lyrics[Verse 1]\nTrue, in this modern world when two lovers get together\nChances of 'em ever making it to forever\nCouldn't be better than two in a million hearts\nGirl, this ain't just another run of the mill emotion\nWhat I'm feeling is the definition of devotion\nMy love for you is true\n\n[Chorus]\nTrue like the sun coming up each morning\nBright as the light in a baby's smile\nSure as a mountain river winding\nRight as the rain falling from the sky\nGirl, my love for you is true\n\n[Verse 2]\nTrue, not another minute on this Earth can be borrowed\nSo there's no way to know when I'll live my last tomorrow\nBut everyday I get, I'll share with you\nThis feeling just keeps getting stronger as the time goes by\nIt's written on my face, you can see it in my eyes\nMy love for you is true\n\n[Chorus]\nTrue like the sun coming up each morning\nBright as the light in a baby's smile\nSure as a mountain river winding\nRight as the rain falling from the sky\nGirl, my love for you is true\nSee George Strait LiveGet tickets as low as $120You might also like[Chorus]\nTrue like the sun coming up each morning\nBright as the light in a baby's smile\nSure as a mountain river winding\nRight as the rain falling from the sky\nGirl, my love for you is trueEmbed"
}