{
 "_type": "song",
 "annotation_count": 4,
 "api_path": "/songs/1654972",
 "artist_names": "Scorpions",
 "full_title": "Coming Home by\u00a0Scorpions",
 "header_image_thumbnail_url": "https://images.genius.com/1b16ce5c3773a055bf03d9f3face9b1f.300x300x1.jpg",
 "header_image_url": "https://images.genius.com/1b16ce5c3773a055bf03d9f3face9b1f.1000x1000x1.jpg",
 "id": 1654972,
 "instrumental": false,
 "lyrics_owner_id": 4334743,
 "lyrics_state": "complete",
 "lyrics_updated_at": 1617703822,
 "path": "/Scorpions-coming-home-lyrics",
 "pyongs_count": 2,
 "relationships_index_url": "https://genius.com/Scorpions-coming-home-sample",
 "release_date_components": {
  "year": 1984,
  "month": 3,
  "day": 27
 },
 "release_date_for_display": "March 27, 1984",
 "release_date_with_abbreviated_month_for_display": "Mar. 27, 1984",
 "song_art_image_thumbnail_url": "https://images.genius.com/1b16ce5c3773a055bf03d9f3face9b1f.300x300x1.jpg",
 "song_art_image_url": "https://images.genius.com/1b16ce5c3773a055bf03d9f3face9b1f.1000x1000x1.jpg",
 "stats": {
  "unreviewed_annotations": 4,
  "hot": false
 },
 "title": "Coming Home",
 "title_with_featured": "Coming Home",
 "updated_by_human_at": 1692891114,
 "url": "https://genius.com/Scorpions-coming-home-lyrics",
 "featured_artists": [],
 "primary_artist": {
  "_type": "artist",
  "api_path": "/artists/27166",
  "header_image_url": "https://images.genius.com/3f68f6f59d4b681b69fb2f1e717b1c03.878x379x1.jpg",
  "id": 27166,
  "image_url": "https://images.genius.com/189ae426b7b3f0e70d35023889d3a0d0.600x600x1.jpg",
  "index_character": "s",
  "is_meme_verified": false,
  "is_verified": false,
  "name": "Scorpions",
  "slug": "Scorpions",
  "url": "https://genius.com/artists/Scorpions"
 },
 "artist": "Scorpions",
 "lyrics": "7 ContributorsComing Home Lyrics[Verse 1]\nEvery morning when I wake up yawning\nI'm still far away\nTrucks still rolling through the early morning\nTo the place we play\n\nBoy you're home, you're dreaming, don't you know\nThe tour's still far away\nBoy you're home, you're dreaming, don't you know\nYou're having just a break\n\nDream we're going out on stage, it feels like\nComing home again\nDream we're going out on stage, it feels like\nComing home again\nDream we're going out on stage, it feels like\n\n[Verse 2]\nYear after year out on the road\nIt's great to be here to see you all\nI know, for me it is like\nComing home\n\n[Verse 3]\nDay after day out on the road\nThere's no place too far that we wouldn't go\nWe go wherever you like\nTo rock 'n' roll\nSee Scorpions LiveGet tickets as low as $98You might also like[Bridge]\nJump on the seats, put your hands in the air\nGive me a shout, let me hear you're out there\nThe wilder you scream for some more rock 'n' roll\nThe higher we'll go\n\n[Verse 4/Outro]\nYear after year out on the road\nIt's great to be here to rock you all\nI know, for me it is like\nComing home\nComing home\nI know, for me it is like\nComing home\nComing home\nLike coming home\nComing home\nLike coming home\nComing home\nLike coming home\nComing home\nLike coming home\nComing home2Embed"
}