{
 "_type": "song",
 "annotation_count": 1,
 "api_path": "/songs/310196",
 "artist_names": "Bobby Darin",
 "full_title": "Dream Lover by\u00a0Bobby\u00a0Darin",
 "header_image_thumbnail_url": "https://images.genius.com/f8b43f843510c38d1287ab6d9aa8eba5.300x225x1.jpg",
 "header_image_url": "https://images.genius.com/f8b43f843510c38d1287ab6d9aa8eba5.560x420x1.jpg",
 "id": 310196,
 "instrumental": false,
 "lyrics_owner_id": 187819,
 "lyrics_state": "complete",
 "lyrics_updated_at": 1686282258,
 "path": "/Bobby-darin-dream-lover-lyrics",
 "pyongs_count": 4,
 "relationships_index_url": "https://genius.com/Bobby-darin-dream-lover-sample",
 "release_date_components": {
  "year": 1959,
  "month": 4,
  "day": 20
 },
 "release_date_for_display": "April 20, 1959",
 "release_date_with_abbreviated_month_for_display": "Apr. 20, 1959",
 "song_art_image_thumbnail_url": "https://images.genius.com/1169c4bf3c06ceb6c548088c19294afe.300x300x1.jpg",
 "song_art_image_url": "https://images.genius.com/1169c4bf3c06ceb6c548088c19294afe.550x550x1.jpg",
 "stats": {
  "unreviewed_annotations": 0,
  "hot": false,
  "pageviews": 53793
 },
 "title": "Dream Lover",
 "title_with_featured": "Dream Lover",
 "updated_by_human_at": 1696650756,
 "url": "https://genius.com/Bobby-darin-dream-lover-lyrics",
 "featured_artists": [],
 "primary_artist": {
  "_type": "artist",
  "api_path": "/artists/115571",
  "header_image_url": "https://images.genius.com/ac53f6453e632d2d9ba7091e510de84b.860x860x1.jpg",
  "id": 115571,
  "image_url": "https://images.genius.com/ac53f6453e632d2d9ba7091e510de84b.860x860x1.jpg",
  "index_character": "b",
  "is_meme_verified": false,
  "is_verified": false,
  "name": "Bobby Darin",
  "slug": "Bobby-darin",
  "url": "https://genius.com/artists/Bobby-darin"
 },
 "artist": "Bobby Darin",
 "lyrics": "15 ContributorsDream Lover Lyrics[Verse 1]\nEvery night I hope and pray\nA dream lover will come my way\nA girl to hold in my arms\nAnd know the magic of her charms\n\n[Chorus 1]\n'Cause I want (Yeah-yeah, yeah)\nA girl (Yeah-yeah, yeah)\nTo call (Yeah-yeah, yeah)\nMy own (Yeah-yeah, yeah)\nI want a dream lover\nSo I don't have to dream alone\n\n[Chorus 2]\nDream lover, where are you\nWith a love, oh, so true\nAnd the hand that I can hold\nTo feel you near as I grow old\n\n[Chorus 1]\n'Cause I want (Yeah-yeah, yeah)\nA girl (Yeah-yeah, yeah)\nTo call (Yeah-yeah, yeah)\nMy own (Yeah-yeah, yeah)\nI want a dream lover\nSo I don't have to dream alone\nYou might also like[Bridge]\nSomeday, I don't know how\nI hope she'll hear my plea\nSome way, I don't know how\nShe'll bring her love to me\n\n[Chorus 2]\nDream lover, until then\nI'll go to sleep and dream again\nThat's the only thing to do\nTill all my lover's dreams come true\n\n[Chorus 1]\n'Cause I want (Yeah-yeah, yeah)\nA girl (Yeah-yeah, yeah)\nTo call (Yeah-yeah, yeah)\nMy own (Yeah-yeah, yeah)\nI want a dream lover\nSo I don't have to dream alone\n\n[Chorus 2]\nDream lover, until then\nI'll go to sleep and dream again\nThat's the only thing to do\nTill all my lover's dreams come true\n[Chorus 1]\n'Cause I want (Yeah-yeah, yeah)\nA girl (Yeah-yeah, yeah)\nTo call (Yeah-yeah, yeah)\nMy own (Yeah-yeah)\nI want a dream lover\nSo I don't have to dream alone\n\n[Outro]\nPlease don't make me dream alone\nI beg you don't make me dream alone\nNo, I don't wanna dream alone4Embed"
}