{
 "_type": "song",
 "annotation_count": 1,
 "api_path": "/songs/1002594",
 "artist_names": "Gwen McCrae",
 "full_title": "Rockin' Chair by\u00a0Gwen\u00a0McCrae",
 "header_image_thumbnail_url": "https://images.genius.com/7ff2ddc2fd9dc4fb3ba52c12deccebdd.300x300x1.jpg",
 "header_image_url": "https://images.genius.com/7ff2ddc2fd9dc4fb3ba52c12deccebdd.600x600x1.jpg",
 "id": 1002594,
 "instrumental": false,
 "lyrics_owner_id": 1549345,
 "lyrics_state": "complete",
 "lyrics_updated_at": 1429583199,
 "path": "/Gwen-mccrae-rockin-chair-lyrics",
 "pyongs_count": null,
 "relationships_index_url": "https://genius.com/Gwen-mccrae-rockin-chair-sample",
 "release_date_components": null,
 "release_date_for_display": null,
 "release_date_with_abbreviated_month_for_display": null,
 "song_art_image_thumbnail_url": "https://images.genius.com/7ff2ddc2fd9dc4fb3ba52c12deccebdd.300x300x1.jpg",
 "song_art_image_url": "https://images.genius.com/7ff2ddc2fd9dc4fb3ba52c12deccebdd.600x600x1.jpg",
 "stats": {
  "unreviewed_annotations": 0,
  "hot": false,
  "pageviews": 17081
 },
 "title": "Rockin\u2019 Chair",
 "title_with_featured": "Rockin' Chair",
 "updated_by_human_at": 1481909943,
 "url": "https://genius.com/Gwen-mccrae-rockin-chair-lyrics",
 "featured_artists": [],
 "primary_artist": {
  "_type": "artist",
  "api_path": "/artists/375082",
  "header_image_url": "https://images.genius.com/9344e92276ef680a1463ef11182f0f07.313x313x1.jpg",
  "id": 375082,
  "image_url": "https://images.genius.com/9344e92276ef680a1463ef11182f0f07.313x313x1.jpg",
  "index_character": "g",
  "is_meme_verified": false,
  "is_verified": false,
  "name": "Gwen McCrae",
  "slug": "Gwen-mccrae",
  "url": "https://genius.com/artists/Gwen-mccrae"
 },
 "artist": "Gwen McCrae",
 "lyrics": "4 ContributorsRockin\u2019 Chair LyricsSexy baby, good loving daddy\nLet me be your rocking chair\nJust rock me away from here\nLet's get in on; come to me baby\nLet me be your rocking chair\nJust rock me away from here\n\nLet your arms shelter me from all hurt and pain\nLight my heart with your everlasting flame\n\nSexy baby, good loving daddy\nLet me be your rocking chair\nRock me away from here\nLet's get it on; come to me baby\nLet me be your rocking chair\nRock me away from here\n\nRock me gently;\nMake me feel like a cloud in the sky\nWhisper softly;\nLet my heart take wing and fly\n\nSexy baby, good loving daddy\nLet me be your rocking chair\nJust rock me away from here\nLet's get it on; come to me honey\nLet me be your rocking chair\nRock me away from here\nYou might also likeJust rock me baby\nIn my rocking chair, baby\nAll night long till the morning comes\nJust you, baby\nJust rock me hun; rock me baby\nTill the midnight hour\nIn my rocking chair\nAll night long\nCome on baby, sexy baby\nLet me be your rocking chair\nJust rock me away from here\nCome on baby, sexy honey\nLet me be your rocking chair\nJust rock me away from here\nRock me babyEmbed"
}