{
 "_type": "song",
 "annotation_count": 0,
 "api_path": "/songs/807706",
 "artist_names": "Harold Melvin & The Blue Notes (Ft. Teddy Pendergrass)",
 "full_title": "Don't Leave Me This Way by\u00a0Harold\u00a0Melvin & The Blue Notes (Ft.\u00a0Teddy\u00a0Pendergrass)",
 "header_image_thumbnail_url": "https://images.genius.com/f48ad36baef852cea3a808ef69f93855.220x220x1.jpg",
 "header_image_url": "https://images.genius.com/f48ad36baef852cea3a808ef69f93855.220x220x1.jpg",
 "id": 807706,
 "instrumental": false,
 "lyrics_owner_id": 3492882,
 "lyrics_state": "complete",
 "lyrics_updated_at": 1647287797,
 "path": "/Harold-melvin-and-the-blue-notes-dont-leave-me-this-way-lyrics",
 "pyongs_count": 1,
 "relationships_index_url": "https://genius.com/Harold-melvin-and-the-blue-notes-dont-leave-me-this-way-sample",
 "release_date_components": {
  "year": 1975,
  "month": 11,
  "day": 1
 },
 "release_date_for_display": "November 1, 1975",
 "release_date_with_abbreviated_month_for_display": "Nov. 1, 1975",
 "song_art_image_thumbnail_url": "https://images.genius.com/f329fc74565339f23714a83c32b657aa.300x303x1.webp",
 "song_art_image_url": "https://images.genius.com/f329fc74565339f23714a83c32b657aa.600x606x1.webp",
 "stats": {
  "unreviewed_annotations": 0,
  "hot": false,
  "pageviews": 7661
 },
 "title": "Don\u2019t Leave Me This Way",
 "title_with_featured": "Don't Leave Me This Way (Ft.\u00a0Teddy\u00a0Pendergrass)",
 "updated_by_human_at": 1695667639,
 "url": "https://genius.com/Harold-melvin-and-the-blue-notes-dont-leave-me-this-way-lyrics",
 "featured_artists": [
  {
   "_type": "artist",
   "api_path": "/artists/1249",
   "header_image_url": "https://images.genius.com/fccc0e076e7db28606ee906a0ee89203.1000x782x1.jpg",
   "id": 1249,
   "image_url": "https://images.genius.com/757fca165551af101378e018bce57468.1000x1000x1.jpg",
   "index_character": "t",
   "is_meme_verified": false,
   "is_verified": false,
   "name": "Teddy Pendergrass",
   "slug": "Teddy-pendergrass",
   "url": "https://genius.com/artists/Teddy-pendergrass"
  }
 ],
 "primary_artist": {
  "_type": "artist",
  "api_path": "/artists/47185",
  "header_image_url": "https://images.genius.com/290aae383535dec8e971f435cc144bde.1000x568x1.jpg",
  "id": 47185,
  "image_url": "https://images.genius.com/290aae383535dec8e971f435cc144bde.1000x568x1.jpg",
  "index_character": "h",
  "is_meme_verified": false,
  "is_verified": false,
  "name": "Harold Melvin & The Blue Notes",
  "slug": "Harold-melvin-and-the-blue-notes",
  "url": "https://genius.com/artists/Harold-melvin-and-the-blue-notes"
 },
 "artist": "Harold Melvin & The Blue Notes",
 "lyrics": "13 ContributorsDon\u2019t Leave Me This Way Lyrics[Verse 1: Teddy Pendergrass]\nDon't leave me this way\nI can't survive, I can't stay alive\nWithout your love\nDon't leave me this way, no\nI can't exist, I will surely miss\nYour tender kiss\nDon't leave me this way\nDon't leave me this way\nA broken man with empty hands\nBaby please, please\nDon't leave me this way\n\n[Chorus: Teddy Pendergrass]\nOh baby\nMy heart is full of love and desire for you\nSo come on down and do what you've got to do\nYou started this fire down in my soul\nNow can't you see it's burning out of control\nSo come on down and satisfy the need in me\n'Cause only your good loving can set me free\nFree, free\n\n[Verse 2: Teddy Pendergrass]\nDon't leave me this way\n'Cause it would be wrong\nTo string along a love so true\nDon't leave me this way\nDon't you understand I'm at your command\nSo baby please, please don't leave me this way\nYou might also likeDon't leave me this way\nI can't survive\nCan't stay alive\nWithout your love\nDon't leave me this way\n\n[Chorus: Teddy Pendergrass]\nOh baby\nMy heart is full of love and desire for you\nNow come on down and do what you've got to do\nYou started this fire down in my soul\nNow can't you see it's burning, out of control\nNow come on down and satisfy the need in me\n'Cause only your good loving can set me free\n\n[Bridge: Teddy Pendergrass & The Blue Notes]\nI need it\nRight now\nSay I need it\nI, I, I, I need your loving, baby\n\nPlease, please, please don't go\nPlease, please don't go\nPlease, please don't go\nPlease, please don't go\nPlease, please don't go\nPlease, please don't go\nPlease, please don't go\nPlease, please don't go\nPlease, please don't go\nPlease, please don't go\nPlease, please don't go\nPlease, please don't go\nPlease, please don't go\nPlease, please don't go\nPlease, please don't go\nPlease, please don't go\nPlease, please don't go\n[Outro: Teddy Pendergrass]\nSee, well\nI don't want you to go\nSee, I love you\nYou can't go\nWill you stay with me?\nStay, stay, stay with me\nBaby please, yeah\nBaby please1Embed"
}