{
 "_type": "song",
 "annotation_count": 5,
 "api_path": "/songs/430657",
 "artist_names": "Shania Twain (Ft. Bryan White)",
 "full_title": "From This Moment On by\u00a0Shania\u00a0Twain (Ft.\u00a0Bryan\u00a0White)",
 "header_image_thumbnail_url": "https://images.genius.com/36688b16e4b3aa4a99b9cb2c912bd105.300x300x1.jpg",
 "header_image_url": "https://images.genius.com/36688b16e4b3aa4a99b9cb2c912bd105.1000x1000x1.jpg",
 "id": 430657,
 "instrumental": false,
 "lyrics_owner_id": 848925,
 "lyrics_state": "complete",
 "lyrics_updated_at": 1582356849,
 "path": "/Shania-twain-from-this-moment-on-lyrics",
 "pyongs_count": 4,
 "relationships_index_url": "https://genius.com/Shania-twain-from-this-moment-on-sample",
 "release_date_components": {
  "year": 1998,
  "month": 3,
  "day": 14
 },
 "release_date_for_display": "March 14, 1998",
 "release_date_with_abbreviated_month_for_display": "Mar. 14, 1998",
 "song_art_image_thumbnail_url": "https://images.genius.com/d153aa0978dc21d63afb046eb50082ce.300x300x1.jpg",
 "song_art_image_url": "https://images.genius.com/d153aa0978dc21d63afb046eb50082ce.1000x1000x1.jpg",
 "stats": {
  "unreviewed_annotations": 0,
  "hot": false,
  "pageviews": 63256
 },
 "title": "From This Moment On",
 "title_with_featured": "From This Moment On (Ft.\u00a0Bryan\u00a0White)",
 "updated_by_human_at": 1683350975,
 "url": "https://genius.com/Shania-twain-from-this-moment-on-lyrics",
 "featured_artists": [
  {
   "_type": "artist",
   "api_path": "/artists/330751",
   "header_image_url": "https://images.genius.com/96f6b10d5f27e2fe0fd4a0806056799d.1000x767x1.jpg",
   "id": 330751,
   "image_url": "https://images.genius.com/d130ab66025bfd84276d743eb755cea0.590x590x1.jpg",
   "index_character": "b",
   "is_meme_verified": false,
   "is_verified": false,
   "name": "Bryan White",
   "slug": "Bryan-white",
   "url": "https://genius.com/artists/Bryan-white"
  }
 ],
 "primary_artist": {
  "_type": "artist",
  "api_path": "/artists/139398",
  "header_image_url": "https://images.genius.com/7c71f2a9c2dac154ab295cf2f1a39db2.1000x333x1.jpg",
  "id": 139398,
  "image_url": "https://images.genius.com/53755b8e56cf2620614d20b9bb636cc6.286x286x1.jpg",
  "index_character": "s",
  "is_meme_verified": true,
  "is_verified": true,
  "name": "Shania Twain",
  "slug": "Shania-twain",
  "url": "https://genius.com/artists/Shania-twain",
  "iq": 100
 },
 "artist": "Shania Twain",
 "lyrics": "20 ContributorsFrom This Moment On Lyrics[Intro: Shania Twain]\nI do swear that I'll always be there\nI'd give anything and everything and I will always care\nThrough weakness and strength, happiness and sorrow\nFor better for worse, I will love you\nWith every beat of my heart\n\n[Verse 1: Shania Twain, Bryan White, Both]\nFrom this moment, life has begun\nFrom this moment, you are the one\nRight beside you is where I belong\nFrom this moment on\nFrom this moment, I have been blessed\nI live only for your happiness\nAnd for your love, I'd give my last breath\nFrom this moment on\n\n[Chorus 1: Shania Twain, Bryan White, Both]\nI give my hand to you with all my heart\nI can't wait to live my life with you, can't wait to start\nYou and I will never be apart\nMy dreams came true because of you\n\n[Verse 2: Shania Twain & Bryan White]\nFrom this moment, as long as I live\nI will love you, I promise you this\nThere is nothing I wouldn't give\nFrom this moment on\nOhh\nSee Shania Twain LiveGet tickets as low as $50You might also like[Chorus 2: Shania Twain, Bryan White, Both]\nYou're the reason I believe in love\nAnd you're the answer to my prayers from up above\nAll we need is just the two of us\nMy dreams came true because of you\n\n[Verse 3: Shania Twain & Bryan White]\nFrom this moment, as long as I live\nI will love you, I promise you this\nThere is nothing I wouldn't give\nFrom this moment\n\n[Outro: Shania Twain, Bryan White, Both]\nI will love you (I will love you), as long as I live\nFrom this moment on (On)\nMmm, mmm4Embed"
}