{
 "_type": "song",
 "annotation_count": 5,
 "api_path": "/songs/139047",
 "artist_names": "U2",
 "full_title": "Window in the Skies by\u00a0U2",
 "header_image_thumbnail_url": "https://images.genius.com/1bb3c1cfaea69a734bad133a0c2c9e83.300x300x1.jpg",
 "header_image_url": "https://images.genius.com/1bb3c1cfaea69a734bad133a0c2c9e83.953x953x1.jpg",
 "id": 139047,
 "instrumental": false,
 "lyrics_owner_id": 33067,
 "lyrics_state": "complete",
 "lyrics_updated_at": 1615921660,
 "path": "/U2-window-in-the-skies-lyrics",
 "pyongs_count": 1,
 "relationships_index_url": "https://genius.com/U2-window-in-the-skies-sample",
 "release_date_components": {
  "year": 2007,
  "month": 1,
  "day": 1
 },
 "release_date_for_display": "January 1, 2007",
 "release_date_with_abbreviated_month_for_display": "Jan. 1, 2007",
 "song_art_image_thumbnail_url": "https://images.genius.com/1bb3c1cfaea69a734bad133a0c2c9e83.300x300x1.jpg",
 "song_art_image_url": "https://images.genius.com/1bb3c1cfaea69a734bad133a0c2c9e83.953x953x1.jpg",
 "stats": {
  "unreviewed_annotations": 4,
  "hot": false
 },
 "title": "Window in the Skies",
 "title_with_featured": "Window in the Skies",
 "updated_by_human_at": 1682902096,
 "url": "https://genius.com/U2-window-in-the-skies-lyrics",
 "featured_artists": [],
 "primary_artist": {
  "_type": "artist",
  "api_path": "/artists/23895",
  "header_image_url": "https://images.genius.com/ee67b5a6bc567af7c680ee086c2e0c8d.620x349x1.jpg",
  "id": 23895,
  "image_url": "https://images.genius.com/0565db2dbe447e1e79c41d785d3e6b26.819x819x1.jpg",
  "index_character": "u",
  "is_meme_verified": false,
  "is_verified": false,
  "name": "U2",
  "slug": "U2",
  "url": "https://genius.com/artists/U2"
 },
 "artist": "U2",
 "lyrics": "9 ContributorsWindow in the Skies LyricsThe shackles are undone\nThe bullets quit the gun\nThe heat that's in the sun\nWill keep us when there's none\nThe rule has been disproved\nThe stone it has been moved\nThe grave is now a groove\nAll debts are removed\nOh can't you see what love has done?\nOh can't you see what love has done?\nOh can't you see what love has done?\nWhat it's doing to me?\nLove makes strange enemies\nMakes love where love may please\nThe soul and its striptease\nHate brought to its knees\nThe sky over our head\nWe can reach it from our bed\nYou let me in your heart\nAnd out of my head, head\n\nOh can't you see what love has done?\nOh can't you see what love has done?\nOh can't you see what love has done?\nWhat it's doing to me?\nSee U2 LiveGet tickets as low as $151You might also likeOh, oh, oh, oh\nOh, oh, oh, oh\nPlease don't ever let me out of you\n\nI've got no shame, oh no, oh no\n\nOh can't you see what love has done?\nOh can't you see?\nOh can't you see what love has done?\nWhat it's doing to me?\nI know I hurt you and I made you cry\nDid everything but murder you and I\nBut love left a window in the skies\nAnd to love I rhapsodize\nTo every broken heart\nFor every heart that cries\nLove left a window in the skies\nAnd to love I rhapsodize1Embed"
}