{
 "_type": "song",
 "annotation_count": 1,
 "api_path": "/songs/782312",
 "artist_names": "Todd Agnew",
 "full_title": "Joy Unspeakable by\u00a0Todd\u00a0Agnew",
 "header_image_thumbnail_url": "https://images.genius.com/8fc1675f9b4c5562eff95ab771c95e52.300x300x1.jpg",
 "header_image_url": "https://images.genius.com/8fc1675f9b4c5562eff95ab771c95e52.1000x1000x1.jpg",
 "id": 782312,
 "instrumental": false,
 "lyrics_owner_id": 1549345,
 "lyrics_state": "complete",
 "lyrics_updated_at": 1429194598,
 "path": "/Todd-agnew-joy-unspeakable-lyrics",
 "pyongs_count": null,
 "relationships_index_url": "https://genius.com/Todd-agnew-joy-unspeakable-sample",
 "release_date_components": null,
 "release_date_for_display": null,
 "release_date_with_abbreviated_month_for_display": null,
 "song_art_image_thumbnail_url": "https://images.genius.com/8fc1675f9b4c5562eff95ab771c95e52.300x300x1.jpg",
 "song_art_image_url": "https://images.genius.com/8fc1675f9b4c5562eff95ab771c95e52.1000x1000x1.jpg",
 "stats": {
  "unreviewed_annotations": 0,
  "hot": false
 },
 "title": "Joy Unspeakable",
 "title_with_featured": "Joy Unspeakable",
 "updated_by_human_at": 1477033652,
 "url": "https://genius.com/Todd-agnew-joy-unspeakable-lyrics",
 "featured_artists": [],
 "primary_artist": {
  "_type": "artist",
  "api_path": "/artists/348871",
  "header_image_url": "https://images.genius.com/3dc263efef6192963c10e53f8935f482.512x512x1.jpg",
  "id": 348871,
  "image_url": "https://images.genius.com/3dc263efef6192963c10e53f8935f482.512x512x1.jpg",
  "index_character": "t",
  "is_meme_verified": false,
  "is_verified": false,
  "name": "Todd Agnew",
  "slug": "Todd-agnew",
  "url": "https://genius.com/artists/Todd-agnew"
 },
 "artist": "Todd Agnew",
 "lyrics": "1 ContributorJoy Unspeakable LyricsI have found His grace is all complete\nHe supplies my every need\nWhile I sit and learn at Jesus' feet\nI am free indeed\n\nWhat kind of joy is this?\n\nIt's joy unspeakable, all You've done for me\nIt's indescribable, just a taste of Your glory\nIt's unnatural, not to tell the story of all You've given me\nMy words are incomplete, it's joy unspeakable\n\nI have found the pleasure I once craved\nIt's joy and peace within, within\nWhat a wondrous blessing I am saved\nFrom the awful gulf of sin\n\nIt's joy unspeakable, all You've done for me\nIt's indescribable, just a taste of Your glory\nIt's unnatural, not to tell the story of all You've given me\nMy words are incomplete\n\nI have found the joy no tongue can tell\nHow its waves of glory roll\nIt is like an overflowing well\nSpringing up within my soul\nYou might also likeIt's unspeakable, all You've done for me\nIt's indescribable, just a taste of Your glory\nIt's unnatural, not to tell the story of all You've given me\nMy words are incomplete\nIt's joy unspeakable\n\nJoy unspeakable\nWhat kind of joy is this?Embed"
}