{
 "_type": "song",
 "annotation_count": 1,
 "api_path": "/songs/945918",
 "artist_names": "Diana Krall",
 "full_title": "You're My Thrill by\u00a0Diana\u00a0Krall",
 "header_image_thumbnail_url": "https://images.genius.com/cc7d7ef9973926f7095a4f7b503fe991.300x300x1.jpg",
 "header_image_url": "https://images.genius.com/cc7d7ef9973926f7095a4f7b503fe991.1000x1000x1.jpg",
 "id": 945918,
 "instrumental": false,
 "lyrics_owner_id": 1549345,
 "lyrics_state": "complete",
 "lyrics_updated_at": 1429544199,
 "path": "/Diana-krall-youre-my-thrill-lyrics",
 "pyongs_count": 1,
 "relationships_index_url": "https://genius.com/Diana-krall-youre-my-thrill-sample",
 "release_date_components": null,
 "release_date_for_display": null,
 "release_date_with_abbreviated_month_for_display": null,
 "song_art_image_thumbnail_url": "https://images.genius.com/cc7d7ef9973926f7095a4f7b503fe991.300x300x1.jpg",
 "song_art_image_url": "https://images.genius.com/cc7d7ef9973926f7095a4f7b503fe991.1000x1000x1.jpg",
 "stats": {
  "unreviewed_annotations": 0,
  "hot": false
 },
 "title": "You\u2019re My Thrill",
 "title_with_featured": "You're My Thrill",
 "updated_by_human_at": 1656958754,
 "url": "https://genius.com/Diana-krall-youre-my-thrill-lyrics",
 "featured_artists": [],
 "primary_artist": {
  "_type": "artist",
  "api_path": "/artists/310322",
  "header_image_url": "https://images.genius.com/7d35c4e419ca7193dac363b7a384e694.1000x563x1.jpg",
  "id": 310322,
  "image_url": "https://images.genius.com/26105282bf0d03cd9bd5f5cc1add6183.1000x1000x1.jpg",
  "index_character": "d",
  "is_meme_verified": false,
  "is_verified": false,
  "name": "Diana Krall",
  "slug": "Diana-krall",
  "url": "https://genius.com/artists/Diana-krall"
 },
 "artist": "Diana Krall",
 "lyrics": "3 ContributorsYou\u2019re My Thrill LyricsYou're my thrill\nYou do something to me\nYou send chills right through me\nWhen I look at you\n'Cause you're my thrill\n\nYou're my thrill\nHow my pulse increases\nI just go to pieces\nWhen I look at you\n'Cause you're my thrill\n\nNothing seems to matter\nHere's my heart on a silver platter\nWhere's my will\nWhy this strange desire\nThat keeps mounting higher\nWhen I look at you\nI can't keep still\n\nYou, my thrill\nYou know you are my thrill\n\nNothing seems to matter\nHere's my heart on a silver platter\nWhere's my will\nWhy this strange desire\nThat keeps mounting higher\nWhen I look at you\nI can't keep still\nSee Diana Krall LiveGet tickets as low as $37You might also likeYou, my thrill\nYou know you are my thrill1Embed"
}