{
 "_type": "song",
 "annotation_count": 1,
 "api_path": "/songs/1050595",
 "artist_names": "David Guetta (Ft. \u200bapl.de.ap & \u200bwill.i.am)",
 "full_title": "On the Dancefloor by\u00a0David\u00a0Guetta (Ft.\u00a0\u200bapl.de.ap & \u200bwill.i.am)",
 "header_image_thumbnail_url": "https://images.genius.com/3185e8b295f419e4c65b4c8f193be28f.300x300x1.jpg",
 "header_image_url": "https://images.genius.com/3185e8b295f419e4c65b4c8f193be28f.1000x1000x1.jpg",
 "id": 1050595,
 "instrumental": false,
 "lyrics_owner_id": 3499648,
 "lyrics_state": "complete",
 "lyrics_updated_at": 1629261977,
 "path": "/David-guetta-on-the-dancefloor-lyrics",
 "pyongs_count": 2,
 "relationships_index_url": "https://genius.com/David-guetta-on-the-dancefloor-sample",
 "release_date_components": {
  "year": 2009,
  "month": 8,
  "day": 15
 },
 "release_date_for_display": "August 15, 2009",
 "release_date_with_abbreviated_month_for_display": "Aug. 15, 2009",
 "song_art_image_thumbnail_url": "https://images.genius.com/3185e8b295f419e4c65b4c8f193be28f.300x300x1.jpg",
 "song_art_image_url": "https://images.genius.com/3185e8b295f419e4c65b4c8f193be28f.1000x1000x1.jpg",
 "stats": {
  "unreviewed_annotations": 0,
  "hot": false
 },
 "title": "On the Dancefloor",
 "title_with_featured": "On the Dancefloor (Ft.\u00a0\u200bapl.de.ap & \u200bwill.i.am)",
 "updated_by_human_at": 1629261977,
 "url": "https://genius.com/David-guetta-on-the-dancefloor-lyrics",
 "featured_artists": [
  {
   "_type": "artist",
   "api_path": "/artists/713",
   "header_image_url": "https://images.genius.com/5fc27cccefca33010389f8f80fd29edb.892x892x1.jpg",
   "id": 713,
   "image_url": "https://images.genius.com/5fc27cccefca33010389f8f80fd29edb.892x892x1.jpg",
   "index_character": "w",
   "is_meme_verified": false,
   "is_verified": true,
   "name": "\u200bwill.i.am",
   "slug": "William",
   "url": "https://genius.com/artists/William",
   "iq": 1400
  },
  {
   "_type": "artist",
   "api_path": "/artists/47060",
   "header_image_url": "https://images.genius.com/2c2bf78e7f4dd3ef39a58542116e9311.666x1000x1.jpg",
   "id": 47060,
   "image_url": "https://images.genius.com/2c2bf78e7f4dd3ef39a58542116e9311.666x1000x1.jpg",
   "index_character": "a",
   "is_meme_verified": false,
   "is_verified": true,
   "name": "\u200bapl.de.ap",
   "slug": "Apldeap",
   "url": "https://genius.com/artists/Apldeap",
   "iq": 286
  }
 ],
 "primary_artist": {
  "_type": "artist",
  "api_path": "/artists/2578",
  "header_image_url": "https://images.genius.com/4d13143577bada133fb210b6427f2932.1000x333x1.jpg",
  "id": 2578,
  "image_url": "https://images.genius.com/9ccf22b0aa4cccffde54caec00ae0263.400x400x1.jpg",
  "index_character": "d",
  "is_meme_verified": false,
  "is_verified": false,
  "name": "David Guetta",
  "slug": "David-guetta",
  "url": "https://genius.com/artists/David-guetta"
 },
 "artist": "David Guetta",
 "lyrics": "7 ContributorsOn the Dancefloor Lyrics[Chorus: will.i.am & (apl.de.ap)]\nI got that fire (Fire), fire (Fire), fire (Fire), fire (Fire), fire (Fire), fire\nFor the dance floor\nI got that fire (Fire), fire (Fire), fire (Fire), fire (Fire), fire (Fire)\nFor the dance floor\nTurn it up\nFire (Fire), fire (Fire), fire (Fire), fire (Fire), fire (Fire)\nFor the dance floor\nI got that fire (Fire), fire (Fire), fire (Fire), fire (Fire), fire (Fire), fire\nFor the dance floor\nTurn it up\nTurn it up\nTurn it up\nTurn it up\nTurn it up, up\nTurn it up, up\nTurn it up, up\nTurn it up, up\nTurn-turn it-it up-up-up\nOn the dance floor\n\n[Verse 1: apl.de.ap]\nFeel that heat rising up\nHear that beat, turn it up\nBaby, movin', that's what's up\nBaby, baby, boombercut\nBoombercut\nDo that dance\nGot me lookin' in a trance\nJust like fire when she dance\nSomeone call the ambulance\nSee David Guetta LiveGet tickets as low as $69You might also like[Verse 2: apl.de.ap with will.i.am.]\nI like it, you like it\nYou li-li-like futureistic\nJust ride it, don't fight it\nGe-ge-ge-get down to the music\nDon't stop it, get rockin'\nIt's comin' like a bullet\nIt's burning like fire\nSo go ahead and lose it\n\n[Chorus: will.i.am]\nTurn it up\nTurn it up-up-up-up-up-up-up-up-up-up-up-up-up-up\nFor the dancefloor\n\n[Verse 3: will.i.am]\nTurn it up\nBreak it down\nShake it off\nMix it now\nD-A-V-I-D, take me for the dancefloor\nWill. I is on reposition\nI'll be cutting like incision\nGet a ghetto for the dancefloor (Floor)\n\n[Bridge: will.i.am]\nThe G, the U, the T, the T, the A\nThe A-A, we don't play\nWeepy, weepy, rock, rock, rock, rock\nSh-sh-shit like every day\nFeel the sound, powerful\nMega boots on overload\nElectric City pumpin' on the dance-ce-cefloor\n[Chorus: will.i.am & (apl.de.ap)]\nI got that fire (Fire), fire (Fire), fire (Fire), fire (Fire), fire (Fire), fire\nFor the dance floor\nI got that fire (Fire), fire (Fire), fire (Fire), fire (Fire), fire (Fire)\nFor the dance floor-oor2Embed"
}