{
 "_type": "song",
 "annotation_count": 2,
 "api_path": "/songs/871412",
 "artist_names": "Staind",
 "full_title": "Home by\u00a0Staind",
 "header_image_thumbnail_url": "https://images.genius.com/769e6e80de0f272d39079b4f7c593d4c.300x300x1.jpg",
 "header_image_url": "https://images.genius.com/769e6e80de0f272d39079b4f7c593d4c.1000x1000x1.jpg",
 "id": 871412,
 "instrumental": false,
 "lyrics_owner_id": 344287,
 "lyrics_state": "complete",
 "lyrics_updated_at": 1689983354,
 "path": "/Staind-home-lyrics",
 "pyongs_count": 1,
 "relationships_index_url": "https://genius.com/Staind-home-sample",
 "release_date_components": {
  "year": 1999,
  "month": 4,
  "day": 13
 },
 "release_date_for_display": "April 13, 1999",
 "release_date_with_abbreviated_month_for_display": "Apr. 13, 1999",
 "song_art_image_thumbnail_url": "https://images.genius.com/769e6e80de0f272d39079b4f7c593d4c.300x300x1.jpg",
 "song_art_image_url": "https://images.genius.com/769e6e80de0f272d39079b4f7c593d4c.1000x1000x1.jpg",
 "stats": {
  "unreviewed_annotations": 2,
  "hot": false,
  "pageviews": 7971
 },
 "title": "Home",
 "title_with_featured": "Home",
 "updated_by_human_at": 1689983354,
 "url": "https://genius.com/Staind-home-lyrics",
 "featured_artists": [],
 "primary_artist": {
  "_type": "artist",
  "api_path": "/artists/60680",
  "header_image_url": "https://images.genius.com/0ff871244376a75dda21d4798759fc59.1000x154x1.jpg",
  "id": 60680,
  "image_url": "https://images.genius.com/0894b13994345082df2f31f1ed0c368a.1000x1000x1.jpg",
  "index_character": "s",
  "is_meme_verified": false,
  "is_verified": true,
  "name": "Staind",
  "slug": "Staind",
  "url": "https://genius.com/artists/Staind",
  "iq": 110
 },
 "artist": "Staind",
 "lyrics": "8 ContributorsHome Lyrics[Verse 1]\nI force myself through another day, can't explain the way\nToday just fell apart like everything, right in my face\nAnd I try to be the one, I can't accept this all\nBecause of you I've had to walk away, from everything\n\n[Chorus]\nAnd I'm afraid to be alone\nAfraid you'd leave me when I'm gone\nI'm afraid to come back home\n\n[Verse 2]\nAnother sleepless night again, Hotel rooms my only friend\nAnd friends like that just don't add up, to anything\nAnd I try so hard to be, everything that I should never\nTake away from you again, 'cause I heard you say\n\n[Chorus]\nAnd I'm afraid to be alone\nAfraid you'd leave me when I'm gone\nI'm afraid to come back home\n\n[Bridge]\nI cannot forget\nI live with regret\nI cannot forget\nI live with...\nI live through this\nI can't see through this\nI can't do this\nAnymore\nSee Staind LiveGet tickets as low as $80You might also like[Chorus]\n'Cause I'm afraid to be alone\nAfraid you'd leave me when I'm gone\nI'm afraid to come back home\n\n[Outro]\nAfraid you'd leave me when I'm gone\nAnd I just wish i was back home1Embed"
}