{
 "_type": "song",
 "annotation_count": 1,
 "api_path": "/songs/1074703",
 "artist_names": "J. Moss",
 "full_title": "Abundantly by\u00a0J.\u00a0Moss",
 "header_image_thumbnail_url": "https://images.genius.com/66b8fe52df5dfe98c728fe87072d4c50.300x301x1.jpg",
 "header_image_url": "https://images.genius.com/66b8fe52df5dfe98c728fe87072d4c50.499x500x1.jpg",
 "id": 1074703,
 "instrumental": false,
 "lyrics_owner_id": 7547709,
 "lyrics_state": "complete",
 "lyrics_updated_at": 1660499485,
 "path": "/J-moss-abundantly-lyrics",
 "pyongs_count": null,
 "relationships_index_url": "https://genius.com/J-moss-abundantly-sample",
 "release_date_components": {
  "year": 2007,
  "month": 4,
  "day": 3
 },
 "release_date_for_display": "April 3, 2007",
 "release_date_with_abbreviated_month_for_display": "Apr. 3, 2007",
 "song_art_image_thumbnail_url": "https://images.genius.com/66b8fe52df5dfe98c728fe87072d4c50.300x301x1.jpg",
 "song_art_image_url": "https://images.genius.com/66b8fe52df5dfe98c728fe87072d4c50.499x500x1.jpg",
 "stats": {
  "unreviewed_annotations": 0,
  "hot": false
 },
 "title": "Abundantly",
 "title_with_featured": "Abundantly",
 "updated_by_human_at": 1660499628,
 "url": "https://genius.com/J-moss-abundantly-lyrics",
 "featured_artists": [],
 "primary_artist": {
  "_type": "artist",
  "api_path": "/artists/183348",
  "header_image_url": "https://images.genius.com/c7d21317a0e9a9dbfa56d4e54f6ecb45.600x600x1.jpg",
  "id": 183348,
  "image_url": "https://images.genius.com/c7d21317a0e9a9dbfa56d4e54f6ecb45.600x600x1.jpg",
  "index_character": "j",
  "is_meme_verified": false,
  "is_verified": false,
  "name": "J. Moss",
  "slug": "J-moss",
  "url": "https://genius.com/artists/J-moss"
 },
 "artist": "J. Moss",
 "lyrics": "4 ContributorsAbundantly Lyrics[\u200bVerse 1]\nIt would be like the sky that's never sunny\nIt would be like the bee that can't make honey\nOr maybe like the fallen snow that never melts\nLike always hearing of your touch but never felt\nIt's like the vase that holds no flowers\n\n[Chorus]\nNever wanna sleep without You\nNever wanna wake without You\nI never wanna part with life abundantly\nNever take a chance without You\n'Cause I'll never do my best without You\nI never wanna leave this life abundantly\nHallelujah\n\n[Verse 2]\nIt would be like the game that has no winner\nLike knowing love's behind the door you cannot enter\nLike knowing joy's in the morning that never comes\n(Kinda like) What life would be if God didn't send His son\nIt's kinda like a heart with no love flowing through it\n\n[Chorus]\nNever wanna sleep without you\nNever wanna wake without you\nI never wanna part with life abundantly\nNever take a chance without you\n'Cause I'll never do my best without you (Oh Father)\nI never wanna leave this life abundantly\nYou might also like\n[Chorus]\nNever wanna sleep without You\nNever wanna wake without You\nI never wanna part with life abundantly\nNever take a chance without You\n'Cause I'll never do my best without You\nI never wanna leave this life abundantly\n\n\n[Outro]\nSince you came in my life Your source of my abundant livingEmbed"
}