{
 "_type": "song",
 "annotation_count": 1,
 "api_path": "/songs/1728036",
 "artist_names": "Maze featuring Frankie Beverly",
 "full_title": "Love Is The Key by\u00a0Maze\u00a0featuring Frankie Beverly",
 "header_image_thumbnail_url": "https://images.genius.com/b9420cb959422c9814f172932df8155f.300x298x1.jpg",
 "header_image_url": "https://images.genius.com/b9420cb959422c9814f172932df8155f.300x298x1.jpg",
 "id": 1728036,
 "instrumental": false,
 "lyrics_owner_id": 3492882,
 "lyrics_state": "complete",
 "lyrics_updated_at": 1694628825,
 "path": "/Maze-featuring-frankie-beverly-love-is-the-key-lyrics",
 "pyongs_count": null,
 "relationships_index_url": "https://genius.com/Maze-featuring-frankie-beverly-love-is-the-key-sample",
 "release_date_components": {
  "year": 1983,
  "month": null,
  "day": null
 },
 "release_date_for_display": "1983",
 "release_date_with_abbreviated_month_for_display": "1983",
 "song_art_image_thumbnail_url": "https://images.genius.com/b9420cb959422c9814f172932df8155f.300x298x1.jpg",
 "song_art_image_url": "https://images.genius.com/b9420cb959422c9814f172932df8155f.300x298x1.jpg",
 "stats": {
  "unreviewed_annotations": 0,
  "hot": false
 },
 "title": "Love Is The Key",
 "title_with_featured": "Love Is The Key",
 "updated_by_human_at": 1694628825,
 "url": "https://genius.com/Maze-featuring-frankie-beverly-love-is-the-key-lyrics",
 "featured_artists": [],
 "primary_artist": {
  "_type": "artist",
  "api_path": "/artists/528926",
  "header_image_url": "https://images.genius.com/6173650c384944e27a0ccb8569959634.453x252x1.jpg",
  "id": 528926,
  "image_url": "https://images.genius.com/ecf9fc0b98525fd0987d78aaa8311753.510x510x1.jpg",
  "index_character": "m",
  "is_meme_verified": false,
  "is_verified": false,
  "name": "Maze featuring Frankie Beverly",
  "slug": "Maze-featuring-frankie-beverly",
  "url": "https://genius.com/artists/Maze-featuring-frankie-beverly"
 },
 "artist": "Maze featuring Frankie Beverly",
 "lyrics": "2 ContributorsLove Is The Key Lyrics[Intro: Frankie Beverly]\nHuh, well\nTalkin' 'bout love\nLove\nTalkin' 'bout sweet sweet love\nAll over the world\nSpread it all over the world\nHey\nMmm, yeah\nCome on, y'all, let's get together\nLet's, let's sing for love\nListen\n\n[Verse 1: Frankie Beverly]\nLove is the key to life\nThe thing that makes it right\nWhy we can't be one I'll never know, no, no, no\nLove is the key this time\nAnd there's no doubt in my mind\nIf you really wanna be free\nLove is the key\nLove is the key, that's so real\nIt's the kind of thing you can feel\nWe can make things nice if we let it be, oh\nLove is the key, you know I'm right\nOh, it makes you feel so dynamite\nYou might also like[Chorus: Maze, Frankie Beverly]\nIf you really want to be free (Want to be free)\nYou can believe love is the key\n\n[Bridge: Frankie Beverly]\nCome on, come on, come on\nAlright, alright\n\n[Verse 2: Frankie Beverly]\nOh, love is the key to life\nThe thing that makes it right\nWhy we can't be one I'll never know\nLove is the key, I know I'm right\nOh, it makes you feel so dynamite\n\n[Outro: Maze, Frankie Beverly]\nIf you really want to be free\n(You want to be free, you want to be free)\nYou can believe love is the key\nIf you really want to be free\nYou can believe love is the key\n(Stand up, stand up, stand up, stand up for love, talkin' 'bout love)\nIf you really want to be free\n(Come on, clap your hands)\nYou can believe love is the key\n(Love, love)\nIf you really want to be free\nYou can believe love is the key\n(Talkin' 'bout, talkin' 'bout love)\nIf you really want to be free\nYou can believe love is the keyEmbed"
}