{
 "_type": "song",
 "annotation_count": 2,
 "api_path": "/songs/387003",
 "artist_names": "Eddie Kendricks",
 "full_title": "Intimate Friends by\u00a0Eddie\u00a0Kendricks",
 "header_image_thumbnail_url": "https://images.genius.com/8b11f5f78bdd49a4bc73ebbe9840d878.300x300x1.jpg",
 "header_image_url": "https://images.genius.com/8b11f5f78bdd49a4bc73ebbe9840d878.1000x1000x1.jpg",
 "id": 387003,
 "instrumental": false,
 "lyrics_owner_id": 217970,
 "lyrics_state": "complete",
 "lyrics_updated_at": 1687941242,
 "path": "/Eddie-kendricks-intimate-friends-lyrics",
 "pyongs_count": null,
 "relationships_index_url": "https://genius.com/Eddie-kendricks-intimate-friends-sample",
 "release_date_components": {
  "year": 1977,
  "month": null,
  "day": null
 },
 "release_date_for_display": "1977",
 "release_date_with_abbreviated_month_for_display": "1977",
 "song_art_image_thumbnail_url": "https://images.genius.com/8b11f5f78bdd49a4bc73ebbe9840d878.300x300x1.jpg",
 "song_art_image_url": "https://images.genius.com/8b11f5f78bdd49a4bc73ebbe9840d878.1000x1000x1.jpg",
 "stats": {
  "unreviewed_annotations": 2,
  "hot": false,
  "pageviews": 13723
 },
 "title": "Intimate Friends",
 "title_with_featured": "Intimate Friends",
 "updated_by_human_at": 1687941242,
 "url": "https://genius.com/Eddie-kendricks-intimate-friends-lyrics",
 "featured_artists": [],
 "primary_artist": {
  "_type": "artist",
  "api_path": "/artists/144365",
  "header_image_url": "https://images.genius.com/02faef02908ca5741b095b404662fa2c.357x357x1.jpg",
  "id": 144365,
  "image_url": "https://images.genius.com/02faef02908ca5741b095b404662fa2c.357x357x1.jpg",
  "index_character": "e",
  "is_meme_verified": false,
  "is_verified": false,
  "name": "Eddie Kendricks",
  "slug": "Eddie-kendricks",
  "url": "https://genius.com/artists/Eddie-kendricks"
 },
 "artist": "Eddie Kendricks",
 "lyrics": "11 ContributorsIntimate Friends Lyrics[Intro]\nYeah, yeah, yeah\nYeah, yeah, yeah\nOooh (Ooh-ooh-ooh-ooh)\n\n[Verse 1]\nAn endless love I've found in you\nWarm and inspiring in everything you do\nTwo joined together, to give from within\nTo share a love as intimate friends\n\n[Chorus]\nIntimate friends (So glad to be yours)\nIntimate friends (Whoo-oo-oo-oo)\nIntimate friends (Sharing our world)\nIntimate friends, baby (And I want you to know)\n\n[Post-Chorus]\nYour love takes me higher (Your love takes me higher, baby, baby)\nMy life, you inspire (Baby)\nFilled with love, desire (And I'm filled with love's desire, baby, baby)\nYour love takes me higher (Baby)\n\n[Verse 2]\nOur love shines brighter than the morning sun\nTwo hearts together, becoming as one\nYou're a part of me that never dies\nLove undivided, cause we see eye to eye\nYou might also like[Chorus]\n'Cause we're intimate friends (So glad to be your)\nIntimate friends (Whoo-oo-oo-oo)\nIntimate friends (Sharing our world)\nIntimate friends, baby (I know)\n\n[Post-Chorus]\nYour love takes me higher (Your love takes me higher, baby, baby)\nMy life, you inspire (Baby)\nFilled with love and desire (And I'm filled with love's desire, baby, baby)\nYour love takes me higher (Baby)\n\n[Bridge]\nAaah-aah-aah\nSo glad to be your\n(Intimate friends)\n(Intimate friends)\nOoh, yeah\nYou're so warm\nBrighter than the morning sun\nYou and I can become as one (Intimate friends)\nYour love takes me higher (Higher)\nHigher (Higher)\nMy life, you inspire\n\n[Outro]\nIntimate friends (Intimate friends)\nYeah, that's what I want for you, baby (Intimate friends)\nAh, um (Intimate friends)\n(Intimate friends)\n(Intimate friends)\nJust to be your (Intimate friends)\nIntimate friend (Intimate friends)\n(Intimate friends)\n(Intimate friends)\n(Intimate friends)\n(Intimate friends)\n(Intimate friends)\n(Intimate friends)Embed"
}