{
 "_type": "song",
 "annotation_count": 28,
 "api_path": "/songs/103968",
 "artist_names": "Guns N' Roses",
 "full_title": "Civil War by\u00a0Guns\u00a0N' Roses",
 "header_image_thumbnail_url": "https://images.genius.com/314179af14cbae9680249d73e31e87a0.300x300x1.jpg",
 "header_image_url": "https://images.genius.com/314179af14cbae9680249d73e31e87a0.1000x1000x1.jpg",
 "id": 103968,
 "instrumental": false,
 "lyrics_owner_id": 168784,
 "lyrics_state": "complete",
 "lyrics_updated_at": 1690498150,
 "path": "/Guns-n-roses-civil-war-lyrics",
 "pyongs_count": 22,
 "relationships_index_url": "https://genius.com/Guns-n-roses-civil-war-sample",
 "release_date_components": {
  "year": 1991,
  "month": 9,
  "day": 17
 },
 "release_date_for_display": "September 17, 1991",
 "release_date_with_abbreviated_month_for_display": "Sep. 17, 1991",
 "song_art_image_thumbnail_url": "https://images.genius.com/9907c0539c8ea5221a11434bc77e1ffa.300x300x1.jpg",
 "song_art_image_url": "https://images.genius.com/9907c0539c8ea5221a11434bc77e1ffa.800x800x1.jpg",
 "stats": {
  "unreviewed_annotations": 3,
  "hot": false,
  "pageviews": 342002
 },
 "title": "Civil War",
 "title_with_featured": "Civil War",
 "updated_by_human_at": 1690498150,
 "url": "https://genius.com/Guns-n-roses-civil-war-lyrics",
 "featured_artists": [],
 "primary_artist": {
  "_type": "artist",
  "api_path": "/artists/637",
  "header_image_url": "https://images.genius.com/83c4b54659d674bd377801af8b2a3932.500x158x8.gif",
  "id": 637,
  "image_url": "https://images.genius.com/53ddc7640957b4279d9c234ab200adf4.1000x1000x1.jpg",
  "index_character": "g",
  "is_meme_verified": false,
  "is_verified": false,
  "name": "Guns N\u2019 Roses",
  "slug": "Guns-n-roses",
  "url": "https://genius.com/artists/Guns-n-roses"
 },
 "artist": "Guns N\u2019 Roses",
 "lyrics": "79 ContributorsTranslationsEnglishCivil War Lyrics[Spoken Intro: Strother Martin]\nWhat we've got here is failure to communicate\nSome men, you just can't reach\nSo you get what we had here last week\nWhich is the way he wants it\nWell, he gets it\n*Whistling*\nAnd I don't like it any more than you men\n\n[Bridge]\nLook at your young men fighting\nLook at your women crying\nLook at your young men dying\nThe way they've always done before\nLook at the hate we're breeding\nLook at the fear we're feeding\nLook at the lives we're leading\nThe way we've always done before\n\n[Verse 1]\nMy hands are tied\nThe billions shift from side to side\nAnd the wars go on with brainwashed pride\nFor the love of God and our human rights\nAnd all these things are swept aside\nBy bloody hands, time can't deny\nAnd are washed away by your genocide\nAnd history hides the lies of our civil wars\nYou might also like[Instrumental Break 02:00-02:27]\n[Guitar Solo]\n\n[Verse 2]\nD'you wear a black armband when they shot the man\nWho said, \"Peace could last forever\"?\nAnd in my first memories, they shot Kennedy\nI went numb when I learned to see\nSo I never fell for Vietnam\nWe got the wall in D.C. to remind us all\nThat you can't trust freedom when it's not in your hands\nWhen everybody's fightin' for their promised land\n\n[Chorus]\nAnd I don't need your civil war\nIt feeds the rich, while it buries the poor\nYou're power-hungry, sellin' soldiers in a human grocery store\nAin't that fresh?\nI don't need your civil war\nOoh, no, no, no, no, no, no\n\n[Instrumental Break 03:24-03:52]\n[Guitar Solo]\n\n[Bridge]\nLook at the shoes you're filling\nLook at the blood we're spilling\nLook at the world we're killing\nThe way we've always done before\nLook in the doubt we've wallowed\nLook at the leaders we've followed\nLook at the lies we've swallowed\nAnd I don't wanna hear no more\n[Verse 3]\nMy hands are tied\nFor all I've seen has changed my mind\nBut still, the wars go on as the years go by\nWith no love of God or human rights\nAnd all these dreams are swept aside\nBy bloody hands of the hypnotized\nWho carry the cross of homicide\nAnd history bears the scars of our civil wars\n\n[Instrumental Break 05:01-05:29]\n[Guitar Solo]\n\n[Interlude]\nWe practice selective annihilation\nOf mayors and government officials\nFor example, to create a vacuum\nThen we fill that vacuum\nAs popular war advances\nPeace is closer\n\n[Chorus]\nI don't need your civil war\nIt feeds the rich, while it buries the poor\nYou're power-hungry, sellin' soldiers in a human grocery store\nAin't that fresh?\nI don't need your civil war\nNo no no no no no no no no no no no\nI don't need your civil war\nI don't need your civil war\nYou're power-hungry, sellin' soldiers in a human grocery store\nAin't that fresh?\nI don't need your civil war\nNo no no no no no no no no no, no, no\nI don't need one more war\nOoh, I don't need one more war\nNo no no, no woah, no woah\n[Outro]\nWhat's so civil 'bout war anyway?22Embed"
}