{
 "_type": "song",
 "annotation_count": 1,
 "api_path": "/songs/1434340",
 "artist_names": "Waking the Cadaver",
 "full_title": "Boss Status by\u00a0Waking\u00a0the Cadaver",
 "header_image_thumbnail_url": "https://images.genius.com/2cf8c326008c4e72f8e387892e2d70d0.300x300x1.jpg",
 "header_image_url": "https://images.genius.com/2cf8c326008c4e72f8e387892e2d70d0.999x999x1.jpg",
 "id": 1434340,
 "instrumental": false,
 "lyrics_owner_id": 1549345,
 "lyrics_state": "complete",
 "lyrics_updated_at": 1429842289,
 "path": "/Waking-the-cadaver-boss-status-lyrics",
 "pyongs_count": null,
 "relationships_index_url": "https://genius.com/Waking-the-cadaver-boss-status-sample",
 "release_date_components": null,
 "release_date_for_display": null,
 "release_date_with_abbreviated_month_for_display": null,
 "song_art_image_thumbnail_url": "https://images.genius.com/2cf8c326008c4e72f8e387892e2d70d0.300x300x1.jpg",
 "song_art_image_url": "https://images.genius.com/2cf8c326008c4e72f8e387892e2d70d0.999x999x1.jpg",
 "stats": {
  "unreviewed_annotations": 0,
  "hot": false
 },
 "title": "Boss Status",
 "title_with_featured": "Boss Status",
 "updated_by_human_at": 1585099707,
 "url": "https://genius.com/Waking-the-cadaver-boss-status-lyrics",
 "featured_artists": [],
 "primary_artist": {
  "_type": "artist",
  "api_path": "/artists/359065",
  "header_image_url": "https://images.genius.com/f251072fc26c2fd066d7d489ac6fbf41.989x989x1.jpg",
  "id": 359065,
  "image_url": "https://images.genius.com/f251072fc26c2fd066d7d489ac6fbf41.989x989x1.jpg",
  "index_character": "w",
  "is_meme_verified": false,
  "is_verified": false,
  "name": "Waking the Cadaver",
  "slug": "Waking-the-cadaver",
  "url": "https://genius.com/artists/Waking-the-cadaver"
 },
 "artist": "Waking the Cadaver",
 "lyrics": "3 ContributorsBoss Status LyricsObey my command\nBow down to me\nControlling your fate\nI'm the boss\nCommanding all hate\nThe kingpins of death\nBloody organized to slaughter\nMassive murder\n\nSelf-discipline\nObedience\nThe greater power is me\nExtreme loyalty\nSelf-discipline\nObedience\nThe greater power is me\nSevere fatality\nUnless all worship me\nMore lives are now lost\nI'm the controlling boss\nDeciding who lives\nDeciding who dies\nNone of you survive\nThis mass genocide\nMy regimented voice now tells you all what to do\nLeading the next fleet for domination providing structure for\nFull control\nYou might also likeBow down to me\nNontrolling your fate\nI'm the boss\nCommanding all hate\nThe kingpins of death\nBloody organized to slaughter\nMassive murderEmbed"
}