{
 "_type": "song",
 "annotation_count": 1,
 "api_path": "/songs/2077807",
 "artist_names": "Jah Cure",
 "full_title": "Troddin the valley by\u00a0Jah\u00a0Cure",
 "header_image_thumbnail_url": "https://images.genius.com/ebcd025f9943ac1d6e28ff885a26a7cd.300x225x1.jpg",
 "header_image_url": "https://images.genius.com/ebcd025f9943ac1d6e28ff885a26a7cd.460x345x1.jpg",
 "id": 2077807,
 "instrumental": false,
 "lyrics_owner_id": 1549345,
 "lyrics_state": "complete",
 "lyrics_updated_at": 1433955599,
 "path": "/Jah-cure-troddin-the-valley-lyrics",
 "pyongs_count": null,
 "relationships_index_url": "https://genius.com/Jah-cure-troddin-the-valley-sample",
 "release_date_components": null,
 "release_date_for_display": null,
 "release_date_with_abbreviated_month_for_display": null,
 "song_art_image_thumbnail_url": "https://images.genius.com/ebcd025f9943ac1d6e28ff885a26a7cd.300x225x1.jpg",
 "song_art_image_url": "https://images.genius.com/ebcd025f9943ac1d6e28ff885a26a7cd.460x345x1.jpg",
 "stats": {
  "unreviewed_annotations": 0,
  "hot": false
 },
 "title": "Troddin the valley",
 "title_with_featured": "Troddin the valley",
 "updated_by_human_at": 1475247403,
 "url": "https://genius.com/Jah-cure-troddin-the-valley-lyrics",
 "featured_artists": [],
 "primary_artist": {
  "_type": "artist",
  "api_path": "/artists/15327",
  "header_image_url": "https://images.genius.com/ebcd025f9943ac1d6e28ff885a26a7cd.460x345x1.jpg",
  "id": 15327,
  "image_url": "https://images.genius.com/ebcd025f9943ac1d6e28ff885a26a7cd.460x345x1.jpg",
  "index_character": "j",
  "is_meme_verified": false,
  "is_verified": false,
  "name": "Jah Cure",
  "slug": "Jah-cure",
  "url": "https://genius.com/artists/Jah-cure"
 },
 "artist": "Jah Cure",
 "lyrics": "2 ContributorsTroddin the valley LyricsTrod in the valley for the longest time, Jah\nAnd I'll never ever quit\nI've just got to do this\nTrod in the valley and I'll never ever quit\nTrod in the valley and I've got to do this\nTrod in the valley to keep myself here\nFor this Armageddon war\nFor this final war\nThis war is not so far away Jah\nIt's rasta and he's calling Jah Jah\nStill I and I live on yah\nI smoke a marijuana\nHolding off Selassie I corner\nTrod in the valley and I'll never ever quit\nTrod in the valley and I've got to do this\nTrod in the valley to keep myself here\nFor this armaggedion war\nFor this final war\nWhen this war start me Jah Jah\nLet I and I be far away Jah\nFor it's a bloody war\nRasta see it from afar\nNuff youths a go get murder\nSelassie I nah make it go no further\nTrod in the valley and I'll never ever quit\nTrod in the valley and I've got to do this\nTrod in the valley to keep myself here\nFor this armaggedion war\nFor this final war\nTrod in the valley oh Jah Jah\nI and I and I Selassie I\nKing of all kings\nTrod in the valley and I'll never ever quit\nTrod in the valley and I've got to do this\nTrod in the valley to keep myself fit\nFor this Armageddon war\nFor this final war\nBlood a run like oil Jah Jah\nNuff things a go spoil for a while Jah\nStill I and I live on yah\nYes, and I man come fe warn yuh\nTrod in the valley and I'll never ever quit\nTrod in the valley and I've got to do this\nTrod in the valley to keep myself fit\nFor this Armageddon war\nFor this final war\nWhen this war start me Jah Jah\nLet I and I be far away Jah\nFor it's a bloody war\nRasta see it from afar\nNuff youths a go get murder\nSelassie I nah make it go no further\nTrod in the valley and I'll never ever quit\nTrod in the valley and I've got to do this\nTrod in the valley to keep myself fit\nFor this Armageddon war\nFor this final warYou might also likeEmbed"
}