{
 "_type": "song",
 "annotation_count": 2,
 "api_path": "/songs/930651",
 "artist_names": "Frank Sinatra",
 "full_title": "Nice 'N' Easy by\u00a0Frank\u00a0Sinatra",
 "header_image_thumbnail_url": "https://images.genius.com/af79aa0bb818704600c9eb43a52eb7ed.300x300x1.jpg",
 "header_image_url": "https://images.genius.com/af79aa0bb818704600c9eb43a52eb7ed.800x800x1.jpg",
 "id": 930651,
 "instrumental": false,
 "lyrics_owner_id": 1168310,
 "lyrics_state": "complete",
 "lyrics_updated_at": 1616531688,
 "path": "/Frank-sinatra-nice-n-easy-lyrics",
 "pyongs_count": null,
 "relationships_index_url": "https://genius.com/Frank-sinatra-nice-n-easy-sample",
 "release_date_components": null,
 "release_date_for_display": null,
 "release_date_with_abbreviated_month_for_display": null,
 "song_art_image_thumbnail_url": "https://images.genius.com/af79aa0bb818704600c9eb43a52eb7ed.300x300x1.jpg",
 "song_art_image_url": "https://images.genius.com/af79aa0bb818704600c9eb43a52eb7ed.800x800x1.jpg",
 "stats": {
  "unreviewed_annotations": 2,
  "hot": false,
  "pageviews": 18778
 },
 "title": "Nice \u2018N\u2019 Easy",
 "title_with_featured": "Nice 'N' Easy",
 "updated_by_human_at": 1684855051,
 "url": "https://genius.com/Frank-sinatra-nice-n-easy-lyrics",
 "featured_artists": [],
 "primary_artist": {
  "_type": "artist",
  "api_path": "/artists/824",
  "header_image_url": "https://images.genius.com/4e2b428d575f3fd115f41668b22ae3e8.1000x283x1.jpg",
  "id": 824,
  "image_url": "https://images.genius.com/5f746dbf6c41747811e11452bfabb552.490x490x1.jpg",
  "index_character": "f",
  "is_meme_verified": false,
  "is_verified": false,
  "name": "Frank Sinatra",
  "slug": "Frank-sinatra",
  "url": "https://genius.com/artists/Frank-sinatra"
 },
 "artist": "Frank Sinatra",
 "lyrics": "8 ContributorsNice \u2018N\u2019 Easy LyricsLet's take it nice and easy\nIt's gonna be so easy\nFor us to fall in love\n\nHey baby, what's your hurry?\nRelax and don't you worry\nWe're gonna fall in love\n\nWe're on the road to romance, that's safe to say\nBut let's make all the stops along the way\n\nThe problem now of course is\nTo simply hold your horses\nTo rush would be a crime\n'Cause nice and easy does it every time\n\nWe're on the road to romance, that's safe to say\nBut let's make all the stops along the way\n\nThe problem now of course is\nTo simply hold your horses\nTo rush would be a crime\n'Cause nice and easy does it\nNice 'n' easy does it\nNice 'n' easy does it every time\nYou might also likeLike the man says, 'one more time'\n\nNice 'n' easy does it\nNice 'n' easy does it\nNice 'n' easy does it every timeEmbed"
}