{
 "_type": "song",
 "annotation_count": 1,
 "api_path": "/songs/393375",
 "artist_names": "Stevie Wonder",
 "full_title": "Sweetest Somebody I Know by\u00a0Stevie\u00a0Wonder",
 "header_image_thumbnail_url": "https://images.genius.com/af80d276dc4a9f62042bcb5f7f8d7d6a.300x300x1.jpg",
 "header_image_url": "https://images.genius.com/af80d276dc4a9f62042bcb5f7f8d7d6a.1000x1000x1.jpg",
 "id": 393375,
 "instrumental": false,
 "lyrics_owner_id": 396158,
 "lyrics_state": "complete",
 "lyrics_updated_at": 1396390889,
 "path": "/Stevie-wonder-sweetest-somebody-i-know-lyrics",
 "pyongs_count": null,
 "relationships_index_url": "https://genius.com/Stevie-wonder-sweetest-somebody-i-know-sample",
 "release_date_components": {
  "year": 2005,
  "month": 10,
  "day": 18
 },
 "release_date_for_display": "October 18, 2005",
 "release_date_with_abbreviated_month_for_display": "Oct. 18, 2005",
 "song_art_image_thumbnail_url": "https://images.genius.com/af80d276dc4a9f62042bcb5f7f8d7d6a.300x300x1.jpg",
 "song_art_image_url": "https://images.genius.com/af80d276dc4a9f62042bcb5f7f8d7d6a.1000x1000x1.jpg",
 "stats": {
  "unreviewed_annotations": 0,
  "hot": false
 },
 "title": "Sweetest Somebody I Know",
 "title_with_featured": "Sweetest Somebody I Know",
 "updated_by_human_at": 1674246947,
 "url": "https://genius.com/Stevie-wonder-sweetest-somebody-i-know-lyrics",
 "featured_artists": [],
 "primary_artist": {
  "_type": "artist",
  "api_path": "/artists/1602",
  "header_image_url": "https://images.genius.com/8bb3f2a398b71495e10ac75e56180faa.1000x661x1.jpg",
  "id": 1602,
  "image_url": "https://images.genius.com/378a1d769bbb5652314149bff8252c75.696x696x1.jpg",
  "index_character": "s",
  "is_meme_verified": false,
  "is_verified": false,
  "name": "Stevie Wonder",
  "slug": "Stevie-wonder",
  "url": "https://genius.com/artists/Stevie-wonder"
 },
 "artist": "Stevie Wonder",
 "lyrics": "6 ContributorsSweetest Somebody I Know Lyrics[Verse 1]\nThere is something on my mind that's in my heart written on my face\nAnd it would behove me and my soul if I did state my case\nAnd so as truth is real and real is truth this truly must be told\nThat you've got to be the sweetest somebody I Know\nIt's your love for life, your love for God, your love for love and more\nAnd you express your love in ways like I've never known before\nIf there's a record kept on who's the sweetest let the record show\nThat you've got to be the sweetest somebody I Know\n\n[Chorus]\nYou are the sweetest somebody I know\nAnd that is why I can't help but love you so\n\n[Verse 2]\nIn a time when people are on with making sure that they're okay\nYou pour out your love every second, every minute, every hour of the day\nI'm not trying to blow your horn I'm only saying what is so\nThat you've got to be the sweetest somebody I Know\n\n[Chorus][x2]\n\n[Bridge]\nWhen I feel like from giving up from seeing all life's pain and strife\nYou rejuvenate me saying everything's gonna be alright\nIf there's a place called \"heaven\" bet my life someday you're gonna go\nCause you've got to be the sweetest somebody I Know\nYou might also like[Chorus][x2]Embed"
}