{
 "_type": "song",
 "annotation_count": 1,
 "api_path": "/songs/944487",
 "artist_names": "Carly Simon",
 "full_title": "Haven't Got Time For The Pain by\u00a0Carly\u00a0Simon",
 "header_image_thumbnail_url": "https://images.genius.com/56777da2515e32d699022442175a8af3.300x300x1.jpg",
 "header_image_url": "https://images.genius.com/56777da2515e32d699022442175a8af3.750x750x1.jpg",
 "id": 944487,
 "instrumental": false,
 "lyrics_owner_id": 1549345,
 "lyrics_state": "complete",
 "lyrics_updated_at": 1429543775,
 "path": "/Carly-simon-havent-got-time-for-the-pain-lyrics",
 "pyongs_count": null,
 "relationships_index_url": "https://genius.com/Carly-simon-havent-got-time-for-the-pain-sample",
 "release_date_components": {
  "year": 1974,
  "month": null,
  "day": null
 },
 "release_date_for_display": "1974",
 "release_date_with_abbreviated_month_for_display": "1974",
 "song_art_image_thumbnail_url": "https://images.genius.com/5ead9b799af4a71c89e0d089f0915736.180x179x1.jpg",
 "song_art_image_url": "https://images.genius.com/5ead9b799af4a71c89e0d089f0915736.180x179x1.jpg",
 "stats": {
  "unreviewed_annotations": 0,
  "hot": false
 },
 "title": "Haven\u2019t Got Time For The Pain",
 "title_with_featured": "Haven't Got Time For The Pain",
 "updated_by_human_at": 1646566260,
 "url": "https://genius.com/Carly-simon-havent-got-time-for-the-pain-lyrics",
 "featured_artists": [],
 "primary_artist": {
  "_type": "artist",
  "api_path": "/artists/1104",
  "header_image_url": "https://images.genius.com/ee56d0df6ca982fb3ca4f669f3ffbecd.602x602x1.jpg",
  "id": 1104,
  "image_url": "https://images.genius.com/ee56d0df6ca982fb3ca4f669f3ffbecd.602x602x1.jpg",
  "index_character": "c",
  "is_meme_verified": false,
  "is_verified": false,
  "name": "Carly Simon",
  "slug": "Carly-simon",
  "url": "https://genius.com/artists/Carly-simon"
 },
 "artist": "Carly Simon",
 "lyrics": "6 ContributorsHaven\u2019t Got Time For The Pain LyricsAll those crazy nights when I cried myself to sleep\nNow melodrama never makes me weep anymore\n'Cause I haven't got time for the pain\nI haven't got room for the pain\nI haven't the need for the pain\nNot since I've known you\n\nYou showed me how, how to leave myself behind\nHow to turn down the noise in my mind\nNow I haven't got time for the pain\nI haven't got room for the pain\nI haven't the need for the pain\nNot since I've known you\n\nSuffering was the only thing that made me feel I was alive\nThough that's just how much it cost to survive in this world\n'Til you showed me how, how to fill my heart with love\nHow to open up and drink in all that white love\nPouring down from the heaven\nI haven't got time for the pain\nI haven't got room for the pain\nI haven't the need for the pain\nNot since I've known youYou might also likeEmbed"
}