{
 "_type": "song",
 "annotation_count": 1,
 "api_path": "/songs/450382",
 "artist_names": "Stone Temple Pilots",
 "full_title": "Wicked Garden by\u00a0Stone\u00a0Temple Pilots",
 "header_image_thumbnail_url": "https://images.genius.com/804e1c8d970e9d30c1876aa8829d1c72.300x300x1.jpg",
 "header_image_url": "https://images.genius.com/804e1c8d970e9d30c1876aa8829d1c72.1000x1000x1.jpg",
 "id": 450382,
 "instrumental": false,
 "lyrics_owner_id": 396158,
 "lyrics_state": "complete",
 "lyrics_updated_at": 1667345572,
 "path": "/Stone-temple-pilots-wicked-garden-lyrics",
 "pyongs_count": 4,
 "relationships_index_url": "https://genius.com/Stone-temple-pilots-wicked-garden-sample",
 "release_date_components": {
  "year": 1992,
  "month": 9,
  "day": 29
 },
 "release_date_for_display": "September 29, 1992",
 "release_date_with_abbreviated_month_for_display": "Sep. 29, 1992",
 "song_art_image_thumbnail_url": "https://images.genius.com/804e1c8d970e9d30c1876aa8829d1c72.300x300x1.jpg",
 "song_art_image_url": "https://images.genius.com/804e1c8d970e9d30c1876aa8829d1c72.1000x1000x1.jpg",
 "stats": {
  "unreviewed_annotations": 0,
  "hot": false,
  "pageviews": 29266
 },
 "title": "Wicked Garden",
 "title_with_featured": "Wicked Garden",
 "updated_by_human_at": 1672702217,
 "url": "https://genius.com/Stone-temple-pilots-wicked-garden-lyrics",
 "featured_artists": [],
 "primary_artist": {
  "_type": "artist",
  "api_path": "/artists/32087",
  "header_image_url": "https://images.genius.com/6fc071aa7d58bee5fbdc6699e2660f76.1000x153x1.png",
  "id": 32087,
  "image_url": "https://images.genius.com/ca0bafd654ad58ad34720ee8a13d88a6.1000x1000x1.jpg",
  "index_character": "s",
  "is_meme_verified": false,
  "is_verified": true,
  "name": "Stone Temple Pilots",
  "slug": "Stone-temple-pilots",
  "url": "https://genius.com/artists/Stone-temple-pilots",
  "iq": 408
 },
 "artist": "Stone Temple Pilots",
 "lyrics": "19 ContributorsWicked Garden Lyrics[Verse 1]\nCan you see like a child?\nCan you see what I want?\nI wanna run through your wicked garden\nHeard that's the place to find you\n'Cause I'm alive, so alive now\nI know the darkness blinds you\n\n[Verse 2]\nCan you see without eyes?\nCan you speak without lies?\nI wanna drink from your naked fountain\nI can drown your sorrows\nI'm gonna burn, burn you to life now\nOut of the chains that bind you\n\n[Pre-Chorus]\nCan you see just like a child?\nCan you see just what I want?\nCan I bring you back to life?\nAre you scared of life?\n\n[Chorus]\nBurn (Burn, burn), burn, burn\nBurn your wicked garden down\nBurn (Burn, burn), burn, burn\nBurn your wicked garden to the ground, yeah\nSee Stone Temple Pilots LiveGet tickets as low as $1,185You might also like[Verse 3]\nCan you feel pain inside?\nCan you love? Can you cry?\nI wanna run through your wicked garden\nHeard that's the place to find you\n'Cause I'm alive, so alive now\nOut of the dark that blinds you\n\n[Pre-Chorus]\nCan you see just like a child?\nCan you see just what I want?\nCan I bring you back to life?\nAre you scared of life?\n\n[Chorus]\nBurn (Burn, burn), burn, burn\nBurn your wicked garden down\nBurn (Burn, burn), burn, burn\nBurn your wicked garden to the ground, yeah4Embed"
}