{
 "_type": "song",
 "annotation_count": 4,
 "api_path": "/songs/1437108",
 "artist_names": "The O'Jays",
 "full_title": "For the Love of Money by\u00a0The\u00a0O'Jays",
 "header_image_thumbnail_url": "https://images.genius.com/81913e354ea8f4660bb7e9954a93c9f8.300x302x1.jpg",
 "header_image_url": "https://images.genius.com/81913e354ea8f4660bb7e9954a93c9f8.600x604x1.jpg",
 "id": 1437108,
 "instrumental": false,
 "lyrics_owner_id": 4610026,
 "lyrics_state": "complete",
 "lyrics_updated_at": 1699600793,
 "path": "/The-ojays-for-the-love-of-money-lyrics",
 "pyongs_count": 1,
 "relationships_index_url": "https://genius.com/The-ojays-for-the-love-of-money-sample",
 "release_date_components": {
  "year": 1973,
  "month": 11,
  "day": 10
 },
 "release_date_for_display": "November 10, 1973",
 "release_date_with_abbreviated_month_for_display": "Nov. 10, 1973",
 "song_art_image_thumbnail_url": "https://images.genius.com/81913e354ea8f4660bb7e9954a93c9f8.300x302x1.jpg",
 "song_art_image_url": "https://images.genius.com/81913e354ea8f4660bb7e9954a93c9f8.600x604x1.jpg",
 "stats": {
  "unreviewed_annotations": 3,
  "hot": false,
  "pageviews": 40117
 },
 "title": "For the Love of Money",
 "title_with_featured": "For the Love of Money",
 "updated_by_human_at": 1699600793,
 "url": "https://genius.com/The-ojays-for-the-love-of-money-lyrics",
 "featured_artists": [],
 "primary_artist": {
  "_type": "artist",
  "api_path": "/artists/34393",
  "header_image_url": "https://images.genius.com/98c595e0412bc657a66ba5cc650c91fb.292x282x1.jpg",
  "id": 34393,
  "image_url": "https://images.genius.com/98c595e0412bc657a66ba5cc650c91fb.292x282x1.jpg",
  "index_character": "o",
  "is_meme_verified": false,
  "is_verified": false,
  "name": "The O\u2019Jays",
  "slug": "The-ojays",
  "url": "https://genius.com/artists/The-ojays"
 },
 "artist": "The O\u2019Jays",
 "lyrics": "18 ContributorsFor the Love of Money Lyrics[Intro]\nMoney, money, money, money, money\nMoney, money, money, money, money\nMoney, money, money, money, money\nMoney, money, money, money, money\nMoney, money, money, money, money\nMoney, money, money, money, money\n\n[Verse 1]\nSome people got to have it, yeah\nSome people really need it, huh, listen to me y'all\nDo things, do things, do things, bad things with it\nWell\nYou wanna do things, do things, do things, good things with it\nYeah, uh-huh, talk about\nCash money, money\nTalk about cash money, dollar bills, y'all, come on now\nYeah, yeah, girl, yeah\n\n[Chorus]\nFor the love of money (People will steal from their mother)\nFor the love of money (People will rob their own brother)\nFor the love of money (People can't even walk the street)\nBecause they never know who in the world they're gonna meet\nFor that mean, oh mean\nMean green, almighty dollar, cash money\nFor the love of money (People will lie, rob, they will cheat)\nFor the love of money (People don't care who they hurt or beat)\nFor the love of money (A woman will sell her precious body)\nFor a small piece of paper, it carries a lot of weight\nFor that mean, mean, mean, mean\nMean green, almighty dollar, talkin' 'bout, talkin' 'bout\nSee The O\u2019Jays LiveGet tickets as low as $132You might also like[Verse 2]\nI know that money is the root of all evil\nDo funny things to some people\nGive me a nickel, brother, can you spare a dime?\nMoney can drive some people out of their minds\n\n[Chorus]\nFor the love of money (No good, no good, no good)\nFor the love of money (Don't sell your soul for the money, no, no)\nFor the love of money (Lay down, lay down, women will)\n\n[Instrumental Break]\n\n[Verse 3]\nMoney is the root of all evil\nDo funny things to some people\nGive me a nickel, brother, can you spare a dime?\nMoney can drive some people out of their minds\n\n[Chorus]\nFor the love of money (Got to have it, I really need it)\nFor the love of money (Give it up, give it up, give it up, yeah)\nFor the love of money (Got to have it, some people really need it)\nFor the love of money (Give me, give me, give me cash money)\nFor the love of money (I need, I need)\nFor the love of money (Give me, give me, give me)\nFor the love of money (A little bit)\nFor the love of money (How many things have I heard you say?)\nFor the love of money (Don't let it, don't let it, don't let money rule you)\nFor the love of money (How many things have I heard you say?)\nFor the love of money (Don't let it, don't let it, don't let money fool you)\nFor the love of money (Yeah, yeah, yeah, yeah)\nFor the love of money (Got to have it, I really need it)\n[Post-Chorus]\nDon't do it\nSave your soul, save your soul, don't sell it\nFor that mean, mean, mean, mean green\n\n[Outro]\nPeople, don't let money\nDon't let money change you, almighty dollar\nPeople, don't let money\nDon't let money change you, almighty dollar\nChangin', changin' up your mind\nChangin', changin' up your mind\nPeople, don't let money\nDon't let money change you, almighty dollar\nPeople, don't let money\nDon't let money change you, almighty dollar\nChangin', changin' up your mind\nChangin', changin' up your mind\nPeople, don't let money\nDon't let money change you, almighty dollar\nPeople, don't let money1Embed"
}