{
 "_type": "song",
 "annotation_count": 1,
 "api_path": "/songs/568930",
 "artist_names": "John Prine",
 "full_title": "Glory of True Love by\u00a0John\u00a0Prine",
 "header_image_thumbnail_url": "https://images.genius.com/0ee63ab5210c5e1353305ce85a7cda2e.300x300x1.jpg",
 "header_image_url": "https://images.genius.com/0ee63ab5210c5e1353305ce85a7cda2e.570x570x1.jpg",
 "id": 568930,
 "instrumental": false,
 "lyrics_owner_id": 1217557,
 "lyrics_state": "complete",
 "lyrics_updated_at": 1593618019,
 "path": "/John-prine-glory-of-true-love-lyrics",
 "pyongs_count": 3,
 "relationships_index_url": "https://genius.com/John-prine-glory-of-true-love-sample",
 "release_date_components": {
  "year": 2005,
  "month": 4,
  "day": 26
 },
 "release_date_for_display": "April 26, 2005",
 "release_date_with_abbreviated_month_for_display": "Apr. 26, 2005",
 "song_art_image_thumbnail_url": "https://images.genius.com/0ee63ab5210c5e1353305ce85a7cda2e.300x300x1.jpg",
 "song_art_image_url": "https://images.genius.com/0ee63ab5210c5e1353305ce85a7cda2e.570x570x1.jpg",
 "stats": {
  "unreviewed_annotations": 0,
  "hot": false
 },
 "title": "Glory of True Love",
 "title_with_featured": "Glory of True Love",
 "updated_by_human_at": 1593618019,
 "url": "https://genius.com/John-prine-glory-of-true-love-lyrics",
 "featured_artists": [],
 "primary_artist": {
  "_type": "artist",
  "api_path": "/artists/29383",
  "header_image_url": "https://images.genius.com/7bfeb764e81b5a625533452371314ae8.869x315x1.jpg",
  "id": 29383,
  "image_url": "https://images.genius.com/0ee63ab5210c5e1353305ce85a7cda2e.570x570x1.jpg",
  "index_character": "j",
  "is_meme_verified": false,
  "is_verified": false,
  "name": "John Prine",
  "slug": "John-prine",
  "url": "https://genius.com/artists/John-prine"
 },
 "artist": "John Prine",
 "lyrics": "2 ContributorsGlory of True Love LyricsOh, the glory of true love\nIs a wild and precious thing\nIt don't grow on old magnolias\nOr only blossom in the spring\n\nNo, the glory of true love\nIs it will last your whole life through\nNever will go out of fashion\nAlways will look good on you\n\nYou can climb the highest mountain\nTouch the moon and stars above\nBut Old Faithful's just a fountain\nCompared to the glory of true love\n\nLong before I met you, darlin'\nLord, I thought I had it all\nI could have my lunch in London\nAnd my dinner in St. Paul\n\nI got some friends in Albuquerque\nWhere the governor calls me \"Gov\"\nYou can give 'em all to Goodwill\nFor the glory of true love\n\nYou can climb the highest mountain\nTouch the moon and stars above\nBut Old Faithful's just a fountain\nCompared to the glory of true love\nYou might also likeGlory, glory, glory, glory\nYou can't never get enough\nTime alone will tell the story\nOf the glory of true love\n\nGlory, glory, glory, glory\nYou can't never get enough\nTime alone will tell the story\nOf the glory of true love3Embed"
}