{
 "_type": "song",
 "annotation_count": 1,
 "api_path": "/songs/505022",
 "artist_names": "Chiodos",
 "full_title": "Caves by\u00a0Chiodos",
 "header_image_thumbnail_url": "https://images.rapgenius.com/a42c1a3cce0d583066a75ac4b3c79e08.300x300x1.png",
 "header_image_url": "https://images.rapgenius.com/a42c1a3cce0d583066a75ac4b3c79e08.300x300x1.png",
 "id": 505022,
 "instrumental": false,
 "lyrics_owner_id": 321054,
 "lyrics_state": "complete",
 "lyrics_updated_at": 1421808190,
 "path": "/Chiodos-caves-lyrics",
 "pyongs_count": null,
 "relationships_index_url": "https://genius.com/Chiodos-caves-sample",
 "release_date_components": {
  "year": 2010,
  "month": 10,
  "day": 5
 },
 "release_date_for_display": "October 5, 2010",
 "release_date_with_abbreviated_month_for_display": "Oct. 5, 2010",
 "song_art_image_thumbnail_url": "https://images.rapgenius.com/a42c1a3cce0d583066a75ac4b3c79e08.300x300x1.png",
 "song_art_image_url": "https://images.rapgenius.com/a42c1a3cce0d583066a75ac4b3c79e08.300x300x1.png",
 "stats": {
  "unreviewed_annotations": 0,
  "hot": false
 },
 "title": "Caves",
 "title_with_featured": "Caves",
 "updated_by_human_at": 1585707326,
 "url": "https://genius.com/Chiodos-caves-lyrics",
 "featured_artists": [],
 "primary_artist": {
  "_type": "artist",
  "api_path": "/artists/57561",
  "header_image_url": "https://images.genius.com/2cd27b6a8c55a62394e00957ea6120fc.620x400x1.jpg",
  "id": 57561,
  "image_url": "https://images.genius.com/2cd27b6a8c55a62394e00957ea6120fc.620x400x1.jpg",
  "index_character": "c",
  "is_meme_verified": false,
  "is_verified": false,
  "name": "Chiodos",
  "slug": "Chiodos",
  "url": "https://genius.com/artists/Chiodos"
 },
 "artist": "Chiodos",
 "lyrics": "4 ContributorsCaves Lyrics[Intro]\nDo, dododo, lalala, lalala, lalala\nDo, dododo, lalala, lalala, lalala\n\n[Verse 1]\nAre you ready to take the chance and risk it all?\nIt's do or die, fight or flight\nDo you want to feel alive?\nSo would you play a game of Russian Roulette\nTo save your life, are you in, are you in?\nOr will you flee to safety, and wonder what could have been?\nDon't be afraid, don't ever be afraid\nOh, now you've been hiding, you've been hiding\nYou've been hiding in the shadows\n\n[Chorus]\nYou're afraid, when you're afraid\nTake a chance don't let it weigh you down\nYou've got to get out of here\nYou're afraid, when you're afraid\nTake a chance don't let it wear you down\nYou've got to get out\n\n[Verse 2]\nYou're trapped in the cave, confined\nFalling back to the comfort of your world\nLast time you walked away from this\nYou were looking back to see what you missed\nYou might also likeDo, dododo, lalala, lalala, lalala\nDo, dododo, lalala, lalala, lalala\n\n[Chorus]\n\n[Bridge]\nTake a chance, take a breath\nTake a shot with a gun to your head\nTake a chance, take a breath\nTake a shot like the gun is to your head\nLike the gun is to your head, oh\n\nDo, dododo, lalala, lalala, lalala\nOh, lalala, lalala, lalala, lalala\n\n[Chorus]\n\n[Outro]\nStop hiding in the shadowsEmbed"
}