{
 "_type": "song",
 "annotation_count": 1,
 "api_path": "/songs/352359",
 "artist_names": "Korn",
 "full_title": "Everything I've Known by\u00a0Korn",
 "header_image_thumbnail_url": "https://images.genius.com/aaeaec8a9177c0286565bb248b91fa28.300x300x1.jpg",
 "header_image_url": "https://images.genius.com/aaeaec8a9177c0286565bb248b91fa28.1000x1000x1.jpg",
 "id": 352359,
 "instrumental": false,
 "lyrics_owner_id": 26727,
 "lyrics_state": "complete",
 "lyrics_updated_at": 1558037455,
 "path": "/Korn-everything-ive-known-lyrics",
 "pyongs_count": 2,
 "relationships_index_url": "https://genius.com/Korn-everything-ive-known-sample",
 "release_date_components": {
  "year": 2003,
  "month": 11,
  "day": 21
 },
 "release_date_for_display": "November 21, 2003",
 "release_date_with_abbreviated_month_for_display": "Nov. 21, 2003",
 "song_art_image_thumbnail_url": "https://images.genius.com/aaeaec8a9177c0286565bb248b91fa28.300x300x1.jpg",
 "song_art_image_url": "https://images.genius.com/aaeaec8a9177c0286565bb248b91fa28.1000x1000x1.jpg",
 "stats": {
  "unreviewed_annotations": 1,
  "hot": false,
  "pageviews": 6734
 },
 "title": "Everything I\u2019ve Known",
 "title_with_featured": "Everything I've Known",
 "updated_by_human_at": 1596308808,
 "url": "https://genius.com/Korn-everything-ive-known-lyrics",
 "featured_artists": [],
 "primary_artist": {
  "_type": "artist",
  "api_path": "/artists/6578",
  "header_image_url": "https://images.genius.com/1c967d32f1d63e4f645b4d7643bdca7a.1000x500x1.png",
  "id": 6578,
  "image_url": "https://images.genius.com/aacb77b544bbe4eee62ca705dcbef656.1000x1000x1.png",
  "index_character": "k",
  "is_meme_verified": false,
  "is_verified": true,
  "name": "Korn",
  "slug": "Korn",
  "url": "https://genius.com/artists/Korn",
  "iq": 108
 },
 "artist": "Korn",
 "lyrics": "12 ContributorsEverything I\u2019ve Known Lyrics[Verse 1]\nAway\nI see it's going down today\nHoping in time, we'll bury all this pain\nAnd will awake something inside\n\n[Pre-Chorus]\nWe pushed our buttons far inside\nWe tear our hearts out, then we fight\n\n[Chorus]\nHey, I know\nFeels like I've lost everything that I've known\nI cannot survive alone\nFeels like I've lost everything that I've known\n\n[Verse 2]\nOur lives were good in every way\nToo late, time after time\nOur love just turned to hate\nBut we stayed by each other's side\n\n[Pre-Chorus]\nWe pushed our buttons far inside\nWe tear our hearts out, then we fight\nYou might also like[Chorus]\nHey, I know\nFeels like I've lost everything that I've known\nI cannot survive alone\nFeels like I've lost everything that I've known\n\n[Bridge]\nI keep holding on, I feel I'm where I belong\nEvery time we fight, it feels so wrong\nI feel so enslaved, fuck my pride\nThen we meet again\n\n[Pre-Chorus]\nWe pushed our buttons far inside\nWe tear our hearts out, then we fight\n\n[Chorus]\nHey, I know\nFeels like I've lost everything that I've known\nI cannot survive alone\nFeels like I've lost everything that I've known2Embed"
}