{
 "_type": "song",
 "annotation_count": 1,
 "api_path": "/songs/397008",
 "artist_names": "Moby",
 "full_title": "Study War by\u00a0Moby",
 "header_image_thumbnail_url": "https://images.genius.com/dfab2ebf969dd7fadbc21d38405abcb8.300x300x1.jpg",
 "header_image_url": "https://images.genius.com/dfab2ebf969dd7fadbc21d38405abcb8.600x600x1.jpg",
 "id": 397008,
 "instrumental": false,
 "lyrics_owner_id": 1973584,
 "lyrics_state": "complete",
 "lyrics_updated_at": 1545033934,
 "path": "/Moby-study-war-lyrics",
 "pyongs_count": null,
 "relationships_index_url": "https://genius.com/Moby-study-war-sample",
 "release_date_components": {
  "year": 2009,
  "month": 6,
  "day": 29
 },
 "release_date_for_display": "June 29, 2009",
 "release_date_with_abbreviated_month_for_display": "Jun. 29, 2009",
 "song_art_image_thumbnail_url": "https://images.genius.com/dfab2ebf969dd7fadbc21d38405abcb8.300x300x1.jpg",
 "song_art_image_url": "https://images.genius.com/dfab2ebf969dd7fadbc21d38405abcb8.600x600x1.jpg",
 "stats": {
  "unreviewed_annotations": 0,
  "hot": false
 },
 "title": "Study War",
 "title_with_featured": "Study War",
 "updated_by_human_at": 1681849716,
 "url": "https://genius.com/Moby-study-war-lyrics",
 "featured_artists": [],
 "primary_artist": {
  "_type": "artist",
  "api_path": "/artists/8196",
  "header_image_url": "https://images.genius.com/11d44a5413c83921d517f87b6923123a.740x390x1.jpg",
  "id": 8196,
  "image_url": "https://images.genius.com/3b547f5eef9f9be19442b9007247e7f3.417x417x1.jpg",
  "index_character": "m",
  "is_meme_verified": false,
  "is_verified": false,
  "name": "Moby",
  "slug": "Moby",
  "url": "https://genius.com/artists/Moby"
 },
 "artist": "Moby",
 "lyrics": "5 ContributorsStudy War Lyrics[Spoken Sample]\nFinally brother after a while\nThe battle will be over\nFor that day when we shall lay down our burden\nAnd study war no more\n\nFinally brother after a while\nThe battle will be over\nFor that day when we shall lay down our burden\nAnd study war no more\n\nFinally brother after a while\nThe battle will be over\nFor that day when we shall lay down our burden\nAnd study war no more\n\nFinally brother after a while\nThe battle will be over\nFor that day when we shall lay down our burden\nAnd study war no more\n\nFinally brother after a while\nThe battle will be over\nFor that day when we shall lay down our burden\nAnd study war no more\nYou might also like[Hook]\nThe battle will be over\nThere will be no war\nThe battle will be over\nThere will be no war\nThe battle will be over\nThere will be no war\nThe battle will be over\n\n[Spoken Sample]\nFinally brother after a while\nThe battle will be over\nFor that day when we shall lay down our burden\nAnd study war no more\n\nFinally brother after a while\nThe battle will be over\nFor that day when we shall lay down our burden\nAnd study war no more\n\nFinally brother after a while\nThe battle will be over\nFor that day when we shall lay down our burden\nAnd study war no more\n\n[Hook]\nThe battle will be over\nThere will be no war\nThe battle will be over\nThere will be no war\nThe battle will be over\nThere will be no war\nThe battle will be over\nThe battle will be over\nThere will be no war\nThe battle will be over\nThere will be no war\nThe battle will be over\nThere will be no war\nThe battle will be over\n\nThe battle will be over\nThere will be no war\nThe battle will be over\nThere will be no war\nThe battle will be over\nThere will be no war\nThe battle will be overEmbed"
}