{
 "_type": "song",
 "annotation_count": 1,
 "api_path": "/songs/3406355",
 "artist_names": "Gerald Haywood",
 "full_title": "2018 haywoodindahood Listening Log by\u00a0Gerald\u00a0Haywood",
 "header_image_thumbnail_url": "https://images.genius.com/c7442dfc16522281e7aa05bcca8fb812.200x165x1.png",
 "header_image_url": "https://images.genius.com/c7442dfc16522281e7aa05bcca8fb812.200x165x1.png",
 "id": 3406355,
 "instrumental": false,
 "lyrics_owner_id": 3541884,
 "lyrics_state": "complete",
 "lyrics_updated_at": 1538871425,
 "path": "/Gerald-haywood-2018-haywoodindahood-listening-log-annotated",
 "pyongs_count": 2,
 "relationships_index_url": "https://genius.com/Gerald-haywood-2018-haywoodindahood-listening-log-sample",
 "release_date_components": {
  "year": 2018,
  "month": 1,
  "day": 1
 },
 "release_date_for_display": "January 1, 2018",
 "release_date_with_abbreviated_month_for_display": "Jan. 1, 2018",
 "song_art_image_thumbnail_url": "https://images.genius.com/c7442dfc16522281e7aa05bcca8fb812.200x165x1.png",
 "song_art_image_url": "https://images.genius.com/c7442dfc16522281e7aa05bcca8fb812.200x165x1.png",
 "stats": {
  "unreviewed_annotations": 0,
  "hot": false,
  "pageviews": 27531
 },
 "title": "2018 haywoodindahood Listening Log",
 "title_with_featured": "2018 haywoodindahood Listening Log",
 "updated_by_human_at": 1667015688,
 "url": "https://genius.com/Gerald-haywood-2018-haywoodindahood-listening-log-annotated",
 "featured_artists": [],
 "primary_artist": {
  "_type": "artist",
  "api_path": "/artists/1065349",
  "header_image_url": "https://images.genius.com/4184eb1c743b380255c43780ed6ef9f7.398x398x1.jpg",
  "id": 1065349,
  "image_url": "https://images.genius.com/4184eb1c743b380255c43780ed6ef9f7.398x398x1.jpg",
  "index_character": "g",
  "is_meme_verified": false,
  "is_verified": false,
  "name": "Gerald Haywood",
  "slug": "Gerald-haywood",
  "url": "https://genius.com/artists/Gerald-haywood",
  "iq": 100946
 },
 "artist": "Gerald Haywood",
 "lyrics": "1 Contributor2018 haywoodindahood Listening Log LyricsLast updated: 10/6/2018, 5:16PM MSTOctoberOctober 6Jesse Powell \u2014 Jesse Powell (1996)October 5girl in red \u2014 chapter 1 (2018)\nBlanca \u2014 Shattered (2018)\nLouGotCash (feat. Trippie Redd) \u2014 \"Too Turnt\" (2018)October 4Terri Clark \u2014 Raising the Bar (2018)\nJess Kent \u2014 \"Girl\" (2018)\nJoey Purp \u2014 QUARTERTHING (2018)\nCypress Hill \u2014 \"Crazy\" (2018)\nBrooke Evers (feat. Rachel West & Glen Faria) \u2014 \"Turn Around\" (2018)\nBorn Dirty (feat. jstlbby) \u2014 \"Get Up Get Out\" (2018)\nFirst Aid Kid \u2014 Tender Offerings (2018)\nKap G \u2014 no kap (2018)\nAsiahn \u2014 \"NOLA\" (2018)\nYoung Dolph \u2014 \"By Mistake\" (2018)\nCharlotte Lawrence \u2014 \"Stole Your Car\" (2018)October 3Howard \u2014 Together Alone (2018)\nJoji \u2014 \"SLOW DANCING IN THE DARK\" (2018)\nJoji \u2014 \"YEAH RIGHT\" (2018)\nBrett Young \u2014 \"Here Tonight\" (2018)\nSwizz Beatz (feat. Lil Wayne) \u2014 \"Pistol on My Side (P.O.M.S)\" (2018)\nLil Baby & Gunna \u2014 \"Drip Too Hard\" (2018)\nCiara \u2014 \"Dose\" (2018)\nLana Del Rey \u2014 \"Mariners Apartment Complex\" (2018)\nTori Kelly \u2014 Hiding Place (2018)October 2Noname \u2014 Room 25 (2018)\nWale \u2014 Free Lunch (2018)\nCarrie Underwood \u2014 Cry Pretty (2018)October 1N/ASeptemberSeptember 30N/ASeptember 29N/ASeptember 28Gucci Mane, Bruno Mars & Kodak Black \u2014 \"Wake Up in the Sky\" (2018)September 27N/ASeptember 26N/ASeptember 25N/ASeptember 24teddy<3 \u2014 \"Body and Soul\" (2018)\nBrynn Elliott \u2014 Time of Our Lives (2018)\nMadison Cuningham \u2014 \"Last Boat to Freedom\" (2018)\nAbby Anderson \u2014 I'm Good (2018)\nRunaway June \u2014 Runaway June (2018)\nNoah Cyrus & Gallant \u2014 \"Mad at You\" (2018)\nJudy Blank \u2014 Morning Sun (2018)September 23N/ASeptember 22N/ASeptember 21Kilo Kish \u2014 mothe (2018)\nClairo \u2014 \"Heaven\" (2018)\nBri Steves \u2014 \"Ain't Shit\" (2018)\nAlunaGeorge (feat. Cautious Clay) \u2014 \"Superior Emotion\" (2018)\nJessie Reyez \u2014 \"Fuck Being Friends\" (2018)\nRobinson \u2014 \"Medicine\" (2018)\nWaxahatchee \u2014 Great Thunder (2018)\nJillian Jacqueline \u2014 Side B (2018)\nAmber Mark (feat. DRAM) \u2014 \"Put You On\" (2018)\nJeremy Zucker \u2014 \"comethru\" (2018)September 20Chelsea Cutler \u2014 \"Cold Showers\" (2018)\n$uicideBoy$ \u2014 I Want to Die in New Orleans (2018)\nT.I. & Yo Gotti \u2014 \"Wraith\" (2018)\nT.I. (feat. Meek Mill) \u2014 \"Jefe\" (2018)\nVarious Artists \u2014 Sierra Burgess Is a Loser (Original Motion Picture Soundtrack) (2018)September 19Carrie Underwood \u2014 \"End Up With Me\" (2018)\nDua Lipa \u2014 \"Want To\" (2018)\nLauren Daigle \u2014 Look Up Child (2018)\nKanye West & Lil Pump \u2014 \"I Love It\" (2018)\nYBN Nahmir, YBN Cordae & YBN Almighty Jay \u2014 YBN: The Mixtape (2018)\nSilk City & Dua Lipa (feat. Diplo & Mark Ronson) \u2014 \"Electricity\" (2018)September 18N/ASeptember 17N/ASeptember 16N/ASeptember 15N/ASeptember 146LACK \u2014 East Atlanta Love Letter (2018)September 13Ginny Owens (feat. Resound) \u2014 Stand with Me\" (2018)\nMaddie Simpson \u2014 \"Love Me Loud\" (2018)\nAnna Calvi \u2014 Hunter (2018)\nSage The Gemini (feat. Chris Brown) \u2014 \"Buss It\" (2018)\nKatelyn Tarver \u2014 Kool Aid (2018)\nQ Money \u2014 Ain't Shit Funny (2018)\nMick Jenkins \u2014 \"What Am I to Do\" (2018)\nFrancesca Battistelli \u2014 \"Royalty\" (2018)\nPassenger \u2014 Runaway (2018)September 12Chief Keef (feat. Jenn Em) \u2014 \"Chiraq\" (2018)\nThe Game (feat. YG, Ty Dolla $ign & Jeremih) \u2014 \"Down to Fuck\" (2018)\nHoodCelebrityy \u2014 Inna Real Life (2018)\nYoung Dolph (feat. Key Glock) \u2014 \"Major\" (2018)\nLloyd \u2014 TRU - LP (2018)\nCassie Scerbo \u2014 \"Disaster\" (2018)\nBlac Youngsta \u2014 Fuck Everybody 2 (2018)\nJillian Jacqueline \u2014 \"Sad Girls\" (2018)\nTerri Clark \u2014 \"Young as We Are Tonight\" (2018)\nNao (feat. SiR) \u2014 \"\"Make It Out Alive\" (2018)\nTash Sultana \u2014 Flow State (2018)September 11Jay Rock (feat. Rich The Kid) \u2014 \"Rotation 112th (Remix)\" (2018)\nCarrie Underwood \u2014 \"Love Wins\" (2018)\nWhy Don't We \u2014 8 Letters (2018)\n6ix9ine (feat. Nicki Minaj & Murda Beatz) \u2014 \"FEFE\" (2018)\n6ix9ine & Anuel Aa \u2014 \"BEBE\" (2018)\nKanye West \u2014 \"XTCY\" (2018)\nLauv \u2014 \"Superhero\" (2018)\nEminem \u2014 Kamikaze (2018)\nTroye Sivan \u2014 Bloom (2018)September 10N/ASeptember 9N/ASeptember 8Pusha T \u2014 \"The Story of Adidon\" (2018)\nFantasia \u2014 Back to Me (2010)\nThe Staple Singers \u2014 Be Altitude: Respect Yourself (1972)September 7N/ASeptember 6N/ASeptember 5N/ASeptember 4Thouxanbanfauni \u2014 The Lost Files (2018)\nMoKenStef \u2014 Azz Izz (1995)\nA$AP Ant (feat. A$AP Rocky) \u2014 \"Mario Cart\" (2018)\nA$AP Ant \u2014 \"Shanghai\" (2018)September 3Wallows \u2014 \"Pleaser\" (2017)\nWallows \u2014 \"Sun Tan\" (2017)\nWallows \u2014 \"Uncomfortable\" (2017)\nWallows \u2014 \"Pulling Leaves off Trees\" (2017)\nWallows \u2014 \"Underneath the Streetlights in the Winter Outside Your House\" (2018)\nWallows \u2014 Spring EP (2018)September 2Raveena \u2014 \"You Give Me That\" (2016)\nRaveena \u2014 \"Johnny It's the Last Time\" (2016)\nRaveena \u2014 \"Spell\" (2017)\nRaveena \u2014 \"Sweet Time\" (2017)\nRaveena \u2014 Shanti (2017)\nRaveena \u2014 \"Wherever U Go\" (2018)\nRaveena \u2014 \"I Won't Mind\" (2018)\nRaveena \u2014 \"Honey\" (2018)\nBandhunta Izzy \u2014 \"Gummo Freestyle\" (2017)\nTierra Whack \u2014 \"Niggalodeon\" (2015)\nTierra Whack \u2014 Whack World (2018)\nTierra Whack \u2014 \"MUMBO JUMBO\" (2017)\nTierra Whack \u2014 \"Shit Happens\" (2017)\nTierra Whack \u2014 \"Child Please\" (2017)\nTierra Whack \u2014 \"Toe Jam\" (2017)\nJungle Brothers \u2014 Straight Out the Jungle (1988)\nSabrina Carpenter \u2014 \"Thumbs (Acoustic)\" (2017)\nTory Lanez \u2014 \"I Sip\" (2017)\nMaggie Lindemann \u2014 \"Things\" (2016)\nSmooky MarGielaa (feat. Jrich Ent.) \u2014 \"Shawty\" (2017)\nRonny J (feat. Ski Mask The Slump God) \u2014 \"Thriller (Forever)\" (2017)\nThe Girl and the Dreamcatcher \u2014 \"Written in the Stars\" (2015)\nFancy Cars & Sophie Rose \u2014 \"Time Machine\" (2018)\nJaira Burns \u2014 \"High Rollin\" (2017)\nTana Mongeau \u2014 \"W\" (2018)\nAstrid S \u2014 \"Hyde\" (2015)\nJosephina \u2014 \"Feelings\" (2018)\nJoe Moses (feat. Future) \u2014 \"Back Goin Brazy\" (2018)\nLou \u2014 \"Beaten\" (2018)\nKristina Bazan \u2014 \"Out\" (2016)\nApril + Vista \u2014 \"How to Get By\" (2018)\nEden Samara \u2014 \"Upside Down\" (2018)\nThe Black Eyed Peas \u2014 \"RING THE ALARM pt.1, pt.2, pt.3\" (2018)\nKIIRA (feat. Noah North) \u2014 \"Last Time\" (2017)\nJVZEL \u2014 \"You Make It Easy\" (2018)\nAlyson Stoner \u2014 \"Who Do You Love\" (2018)\nAndy Mineo, Foggieraw & Mannywellz \u2014 \"Coquito\" (2018)\nFoggieraw \u2014 \"Harry Potter\" (2018)\nFoggieraw & Mannywellz \u2014 \"Different World Type Luv\" (2018)\nCarlie Hanson \u2014 \"Mood\" (2018)\nKero Kero Bonito \u2014 \"Time Today\" (2018)\nRosie Carney \u2014 \"Winter\" (2017)\nZilo \u2014 \"Don't Waste My Time\" (2018)\nConfetti \u2014 \"Right Now\" (2018)\nPhoebe Ryan & Quinn XCII \u2014 \"Middle Finger\" (2018)\nGeorgi Jacobs \u2014 \"Ooooohh\" (2018)\nEli Priess (feat. Kareem Pfeifer) \u2014 \"Back at You\" (2018)\nAstrid S \u2014 \"2AM\" (2014)\nRosie Carney \u2014 \"Awake Me\" (2017)\nARY \u2014 \"Already There\" (2017)\nMadison Cunningham \u2014 \"All at Once\" (2018)\nMickey Shiloh (feat. Rowlan) \u2014 \"1 More Time\" (2017)September 1N/AAugustAugust 31N/AAugust 30N/AAugust 29Kiiara \u2014 \"Gloe\" (2018)\nNOTD (feat. Tove Styrke) \u2014 \"Been There Done That\" (2018)\nKYLE (feat. Kehlani & Logic) \u2014 \"Playinwitme (Remix)\" (2018)\nREASON \u2014 \"Better Dayz\" (2018)\nRosette \u2014 \"Single for the Summer\" (2018)\nAnna Wise & Xavier Omar \u2014 \"Easy\" (2018)\nDounia \u2014 \"How I See It\" (2018)\nT-Pain (feat. Gucci Mane) \u2014 \"Might Be\" (2018)\nKYLE (feat. Wiz Khalifa) \u2014 \"Moment\" (2018)August 28E-40 \u2014 The Gift of Gab (2018)\nNoah Cyrus & Lil Xan \u2014 \"Live or Die\" (2018)\nTori Kelly (feat. Kirk Franklin) \u2014 \"Never Alone\" (2018)\nLeon Thomas \u2014 Genesis (2018)\nBas \u2014 Milky Way (2018)\nBlood Orange \u2014 Negro Swan (2018)August 27K1D (feat. Woodie Smalls) \u2014 \"Yoshi\" (2018)\n3 \u2014 \"Watch Me\" (2018)\nTruthcity \u2014 \"Trap Music in My Uber\" (2018)\nTre Redeau \u2014 \"Safe Route\" (2018)\nFreelance \u2014 \"Pretty Please\" (2018)\nTee Krispil \u2014 One Way Ticket (2018)\nMaesu \u2014 \"Nothing 2 Lose\" (2018)\nTrey Graves \u2014 \"new thang\" (2018)\nDimez \u2014 \"New Porsche\" (2018)\nDarrein STL \u2014 \"My Bag\" (2018)\nMadd AnarKist (feat. Troy James & Bank Bunz) \u2014 \"Mxndfxkk\" (2018)\nHAWA \u2014 \"Might Be\" (2018)\nOSIYM (feat. Filli Babii) \u2014 \"Lookin' Like\" (2018)\nSon! \u2014 \"LINGO\" (2018)\nHydra \u2014 Lifeboat (2018)\nSazetrax \u2014 \"Latency\" (2018)\nBlvc Svnd & One Who May Ascend \u2014 \"Lames\" (2018)\nCero Ismael \u2014 \"Insane\" (2018)\nGaika \u2014 \"Immigrant Sons (Pesos & Gas)\" (2018)\nILLYMINIACHI \u2014 \"Ignita\" (2018)\nYTK \u2014 \"Feel Like That\" (2018)\nKent Loon \u2014 \"Drone\" (2018)\nHuey Supreme \u2014 \"Dolla Bill\" (2018)\nLove-Sadkid \u2014 \"Control\" (2018)\nB. Aull \u2014 \"Come Down\" (2018)\nWhy Khaliq \u2014 Clearwater (2018)\nchase. & spaceout \u2014 #CHASEXSPACEOUT (2018)August 26The O'Jays \u2014 Back Stabbers (1972)August 25N/AAugust 24Famous Dex (feat. Drax Project) \u2014 \"LIGHT\" (2018)\nSarah Reeves \u2014 \"Always Been You\" (2018)\nCousin Stizz \u2014 All Adds Up (2018)\n24hrs (feat. YG) \u2014 \"Don't Mess\" (2018)\nCamila Cabello (feat. Swae Lee) \u2014 \"Real Friends\" (2018)\nJess Glynne \u2014 \"All I Am\" (2018)\nLucie Silvas \u2014 \"E.G.O.\" (2018)August 23Blue October \u2014 I Hope You're Happy (2018)August 22The New Respects \u2014 Before the Sun Goes Down (2018)\nBaauer & Miquela \u2014 \"Hate Me\" (2018)\nSOB X RBE (feat. Shoreline Mafia) \u2014 \"Da Move\" (2018)\nSOB X RBE \u2014 \"Vibes\" (2018)\nStefflon Don \u2014 SECURE (2018)\nBishop Briggs \u2014 \"Baby\" (2018)\nThe 1975 \u2014 \"TOOTIMETOOTIMETOOTIME\" (2018)\n6LACK \u2014 \"Nonchalant\" (2018)August 21Tory Lanez (feat. Bryson Tiller) \u2014 \"\"KeeP IN tOUcH\" (2018)\nJillian Jacqueline (feat. Keith Urban) \u2014 \"If I Were You\" (2018)\nMitski \u2014 Be the Cowboy (2018)\nAmin\u00e9 \u2014 ONEPOINTFIVE (2018)August 20Calvin Harris & Sam Smith (feat. Jessie Reyez) \u2014 \"Promises\" (2018)\nYoung Thug & Young Stoner Life Records \u2014 Slime Language (2018)\nAriana Grande \u2014 Sweetener (2018)August 19N/AAugust 18N/AAugust 17N/AAugust 16N/AAugust 15Jay Americana \u2014 \"Burner Phones\" (2018)\n8tm \u2014 \"711\" (2018)\nFlavia Abad\u00eda \u2014 \"Trumpets\" (2018)\nBrooke Aulani \u2014 \"Out Loud\" (2018)\nPRISTINE BABE \u2014 \"Moonlight\" (2018)\nLanna \u2014 \"Maybe\" (2018)\nEmeryld \u2014 \"Honey Bee\" (2018)\nFriday Night Plans \u2014 \"Happy Birthday\" (2018)\nFinis Mundi \u2014 EVERYTHING AFTER (2018)\nAssa, Esydia & neo \u2014 \"don't let me fall\" (2018)\nHailey Orion \u2014 Deadly. (2018)\nSOLARSUNS & IOLITE \u2014 \"Break, Burn, Crash\" (2018)\nKwaku Asante \u2014 \"The Way That You Move\" (2018)\nCorbin Dallas \u2014 Water (2018)\nJack Davey \u2014 \"Undone\" (2018)\nCharlie Burg \u2014 Two, Moonlight (2018)August 14N/AAugust 13Tirzah \u2014 Devotion (2018)\nBlack Grapefruit \u2014 All My Relations (2018)\nStefflon Don (feat. Tiggs Da Author) \u2014 \"Pretty Girl\" (2018)\nElley Duh\u00e9 \u2014 DRAGON MENTALITY (2018)\nElle King \u2014 \"Shame\" (2018)\nDaniella Mason \u2014 \"Human\" (2018)\nRed Velvet \u2014 Summer Magic - Summer Mini Album (2018)\nKiesza \u2014 \"Phantom of the Dance Floor\" (2018)\nWafia \u2014 \"I'm Good\" (2018)\nJessie Reyez \u2014 \"Sola\" (2018)\nRo James \u2014 \"Excuse Me\" (2018)\nLola Kirke \u2014 Heart Head West (2018)August 12A$AP Rocky & Tyler, The Creator \u2014 \"POTATO SALAD\" (2018)\nFatBran \u2014 FatBranuary (2018)\nBandhunta Izzy \u2014 Code Blue (2018)\nMitski \u2014 \"Two Slow Dancers\" (2018)\nCassadee Pope \u2014 \"One More Red Light\" (2018)\nCiara (feat. Tekno) \u2014 \"Freak Me\" (2018)\nSkye & Chris Brown \u2014 \"Fairytale\" (2018)\nChildish Major \u2014 \"Know Something\" (2018)\nR.LUM.R \u2014 \"I Need to Know\" (2018)\nR.LUM.R \u2014 \"Right Here\" (2018)\nNina Nesbitt \u2014 \"Loyal to You\" (2018)\nLauren Daigle \u2014 \"Still Rolling Stones\" (2018)\nNicki Minaj \u2014 Queen (2018)August 11Quavo \u2014 \"W O R K I N M E\" (2018)\nQuavo \u2014 \"B U B B L E G U M\" (2018)\nQuavo \u2014 \"L A M B T A L K\" (2018)\nKirsten Collins \u2014 \"Sugar Pop Cocaine\" (2018)August 10IceBirds \u2014 ICEBIRDS PROJECT (2018)August 9Young Nudy \u2014 \"Crack\" (2016)\nKaycee Shakur \u2014 \"Think of Something\" (2018)\nRyahn \u2014 \"Studio\" (2018)\nLotushalves \u2014 \"Raincheck\" (2018)\nThe Empress \u2014 \"Pray on It\" (2018)\nParables of Neptune \u2014 Parables of Neptune (2018)\nTola \u2014 \"Next to Me\" (2018)\nKarun (feat. Blinky Bill) \u2014 \"Make Believe\" (2018)\nJoJo Nichols (feat. Regina Skeeters) \u2014 \"Love on Repeat\" (2018)\nKingJet \u2014 \"Lifeguard\" (2018)\nAbel \u2014 \"Known\" (2018)\nEli Preiss \u2014 \"I Want You to Know\" (2018)\nPink Sweat$ \u2014 \"Honesty\" (2018)\nJesse Fischer \u2014 Flipped II (2018)\nAma Lou \u2014 DDD (2018)\nShenna \u2014 \"Conversation\" (2018)\nmarcella \u2014 Chapter Two (2018)\nREY \u2014 \"Bet\" (2018)\nLili K \u2014 \"Best Friend\" (2018)\nDee Mad \u2014 \"Along with You\" (2018)\n199V \u2014 \"187 Love\" (2018)August 8Jacquees \u2014 4275 (2018)\nElla Mai \u2014 \"Trip\" (2018)\nK'ron (feat. Ty Dolla $ign) \u2014 \"No BFs\" (2018)\nBuddy \u2014 Harlan & Alondra (2018)\nPnB Rock \u2014 \"ABCD (Friend Zone)\" (2018)\nDiana Gordon \u2014 Pure (2018)\nThe Midnight \u2014 \"America 2\" (2018)\nDJ Holiday (feat. Quavo & 21 Savage) \u2014 \"2 Seater\" (2018)\nPi'erre Bourne \u2014 \"Marie Curie\" (2018)\nRiley Clemmons \u2014 Riley Clemmons (2018)\nCHVRCHES (feat. WEDNESDAY CAMPANELLA) \u2014 \"Out of My Head\" (2018)\nA R I Z O N A \u2014 \"Freaking Out\" (2018)\nA R I Z O N A \u2014 \"Summer Days\" (2018)\nA R I Z O N A \u2014 \"What She Wants\" (2018)\nKid Ink \u2014 \"Big Deal\" (2018)\nBaka Not Nice \u2014 4Milli (2018)August 7Young Nudy \u2014 SlimeBall 3 (2018)\nTamia \u2014 \"Deeper\" (2018)\nAmanda Shires \u2014 To the Sunset (2018)\nDanielle Bradbery & Thomas Rhett \u2014 \"Goodbye Summer\" (2018)\nSilk City, GoldLink & Desiigner \u2014 \"Loud\" (2018)\nH.E.R. \u2014 I Used to Know Her: The Prelude (2018)\nJ. Cole \u2014 \"Album of the Year (Freestyle)\" (2018)\nMac Miller \u2014 Swimming (2018)\nBazzi (feat. Camila Cabello) \u2014 \"Beautiful\" (2018)\nRobyn \u2014 \"Missing U\" (2018)\nYG \u2014 STAY DANGEROUS (2018)\nTravis Scott \u2014 ASTROWORLD (2018)August 6N/AAugust 5Souls of Mischief \u2014 93 'til Infinity (1993)\nThe Pharcyde \u2014 Bizarre Ride II the Pharcyde (1992)\nBrandy \u2014 Brandy (1994)\nOJ da Juiceman \u2014 The Otha Side of the Trap... (2009)\nMaisie Peters \u2014 \"Best I'll Ever Sing\" (2018)\nMaisie Peters \u2014 \"Worst of You\" (2018)\nPolo Boy Shawty \u2014 Fast Lane (2018)\nCiara \u2014 Basic Instinct (2010)August 4Ne-Yo \u2014 Because of You (2007)\nJoe \u2014 And Then... (2003)\nAvalon Young \u2014 \"Sweet Talk\" (2018)\nShaqdi \u2014 Colorless (2018)\nAkinyemi & Birocratic \u2014 \"Time\" (2018)\nRyan Brinnand \u2014 \"Think of Me\" (2018)\nTeon Gibbs \u2014 These Are the Times. (2018)\nCyrax (feat. $ilkMoney) \u2014 \"Tank\" (2018)\nLatasha \u2014 \"Sumpn\" (2018)\nIly Pineapple \u2014 \"Spark the Blunt\" (2018)\nMajest Nov\u00e9 \u2014 \"Southern Girl\" (2018)\nayeeii & mikey 2x \u2014 \"Never Thought\" (2018)August 3Deezie Brown \u2014 Judith (2018)\nJaylon Ashaun \u2014 \"I Got You\" (2018)\nB0nds & Fushou. \u2014 High Noon (2018)\n80purppp \u2014 \"Hex\" (2018)\nTass Nasta \u2014 \"Her\" (2018)\n$ly \u2014 \"Guaponese\" (2018)\nCharlie Threads \u2014 \"Forever and a Day\" (2018)\nDWN2EARTH \u2014 DWN2EARTH (2018)\nCakes da Killa & Proper Villains \u2014 \"Don't Make Cents\" (2018)\nElton \u2014 \"Callin'\" (2018)\nBbyMutha & $hoey \u2014 BbyShoe (2018)\nRawso \u2014 \"Afraid\" (2018)\nJean Castel \u2014 \"What Happened to Us\" (2018)\nKeelan Mak \u2014 \"Weigh You Down\" (2018)\nZenAware (feat. Evergreen) \u2014 \"Ur Cute\" (2018)\nAaron Childs \u2014 \"No Hobbies\" (2018)\nAaron Childs \u2014 \"Tangerine\" (2018)\nMikos Da Gawd \u2014 \"Start Things New\" (2018)\nKylo \u2014 \"Sometimes\" (2018)\nJamie Lane \u2014 \"Sink\" (2018)\nSmall Hours \u2014 \"Shoe Box\" (2018)\nLhuma \u2014 \"RUN\" (2018)\nJacob Steele \u2014 \"Move Like Me\" (2018)\nKUNZITE \u2014 \"MONKS\" (2018)\nTrevor Daniel \u2014 \"Mirror\" (2018)\nAleks Grey \u2014 \"Let Go\" (2018)\nDena \u2014 \"Imaginary Friends\" (2018)\nGOLDSPACE (feat. Saint Laurant) \u2014 \"Heavy Hitter\" (2018)\nrn \u2014 \"Hard Hearts\" (2018)August 2Kiiara \u2014 \"Messy\" (2018)\nDierks Bentley \u2014 \"You Can't Bring Me Down\" (2018)\nBryce Vine (feat. Wale) \u2014 \"Drew Barrymore\" (2018)\nJade Novah \u2014 All Blue (2018)\nFrvrfriday \u2014 \"Heaven Margiela\" (2018)\nJIL \u2014 \"Virgin Atlantic\" (2018)\nLuhcream \u2014 Cream of the Crop (2018)\nRich Forever Music \u2014 Rich Forever 3 (2018)\nJade Bird \u2014 \"Uh Huh\" (2018)\nCatherine McGrath \u2014 Talk of This Town (2018)\nJarren Benton \u2014 Yuck Fou (2018)\nQueen Naija \u2014 Queen Naija (2018)\nDerek Minor \u2014 \"Revolution\" (2018)\nTenille Townes \u2014 \"Somebody's Daughter\" (2018)\nChannel Tres \u2014 Channel Tres (2018)\nRaiche \u2014 \"Money Trees\" (2018)August 1The Coup \u2014 Sorry to Bother You: The Soundtrack (2018)JulyJuly 31Charli XCX \u2014 \"Girls Night Out\" (2018)\nAGNEZ MO (feat. Chris Brown) \u2014 \"Overdose\" (2018)\nElley Duh\u00e9 \u2014 \"WAY DOWN LOW\" (2018)July 30VanJess \u2014 Silk Canvas (2018)\nMaggie Rogers \u2014 \"Give a Little\" (2018)\nMac Miller \u2014 \"What's the Use?\" (2018)\nTyga \u2014 \"SWISH\" (2018)\nBROCKHAMPTON \u2014 \"1997 DIANA\" (2018)\nDenzel Curry \u2014 TA13OO (2018)\nThe Chainsmokers (feat. Emily Warren) \u2014 \"Side Effects\" (2018)\nDavie Guetta (feat. Anne-Marie) \u2014 \"Don't Leave Me Alone\" (2018)\nARTY \u2014 \"Tim\" (2018)\nYG (feat. A$AP Rocky) \u2014 \"HANDGUN\" (2018)\nDJ Khaled, Justin Bieber & Quavo (feat. Chance The Rapper) \u2014 \"No Brainer\" (2018)July 29N/AJuly 28Still Woozy (feat. ODIE) \u2014 \"Lucy\" (2018)\nBLVK JVCK (feat. Jessie Reyez) \u2014 \"Love Me Still\" (2018)\nNVDES \u2014 \"Lou\u00ec\" (2018)\nMatoma (feat. MAX) \u2014 \"Lonely\" (2018)\nVen\u00e9 & ATL Smook \u2014 \"Mood\" (2017)July 27Childish Gambino \u2014 Summer Pack (2018)\nChelsea Jade \u2014 Personal Best (2018)\nLost Kings (feat. Tove Styrke) \u2014 \"Stuck\" (2018)\nPnB Rock \u2014 \"Nowadays\" (2018)\nGOLDN \u2014 once upon a star, Pt. 1 (2018)\nRiley Clemmons \u2014 \"Hold On\" (2018)\nSt. Lucia \u2014 \"Walking Away\" (2018)\nThe New Respects \u2014 \"Before the Sun Goes Down\" (2018)\nJessie Reyez \u2014 \"Apple Juice\" (2018)July 26Young Nudy \u2014 \"Sherbert\" (2018)\n070 Shake \u2014 \"Accusations\" (2018)\nCiara \u2014 \"Level Up\" (2018)\nThe 1975 \u2014 \"Love It If We Made It\" (2018)\nDRAM \u2014 That's a Girl's Name (2018)\nRaeLynn \u2014 \"Tailgate\" (2018)\n88rising \u2014 Head in the Clouds (2018)\nBecky G (feat. French Montana & Farruko) \u2014 \"Zooted\" (2018)\nBillie Eilish \u2014 \"you should see me in a crown\" (2018)July 25Daye Jack \u2014 \"Heart Shaped Culdesac\" (2018)\nThe New Respects \u2014 \"We Ain't Goin' Nowhere\" (2018)\nTK Kravitz \u2014 2.0 (2018)\nNora Van Elken \u2014 \"I Told You\" (2018)\nAshe \u2014 The Rabbit Hole (2018)\nDaya \u2014 \"Safe\" (2018)\nCharlotte Lawrence \u2014 Young (2018)\nBuddy (feat. Ty Dolla $ign) \u2014 \"Hey Up There\" (2018)\nLil Skies \u2014 \"World Rage\" (2018)\nYazmin Lacey \u2014 When the Sun Dips 90 Degrees (2018)\nRiley Clemmons \u2014 \"Broke\" (2018)\nPriscilla Renea \u2014 Coloured (2018)July 24Vacationer \u2014 Mindset (2018)\nR. Kelly \u2014 \"I Admit\" (2018)\nDemi Lovato \u2014 \"Sober\" (2018)\nRedman \u2014 \"I Love Hip Hop\" (2018)\nFreddie Gibbs \u2014 Freddie (2018)\nLecrae & Zaytoven \u2014 Let the Trap Say Amen (2018)\nKoryn Hawthorne \u2014 \"Unstoppable\" (2018)\nMeghan Trainor \u2014 \"ALL THE WAYS\" (2018)\nPRETTYMUCH \u2014 \"Summer on You\" (2018)July 23Nao \u2014 \"Another Lifetime\" (2018)\nA Boogie Wit da Hoodie \u2014 International Artist (2018)\nRick Ross (feat. Future) \u2014 \"Green Gucci Suit\" (2018)\n6LACK \u2014 \"Switch\" (2018)\nTrippie Redd \u2014 \"How You Feel\" (2018)\nTrippie Redd \u2014 \"Me Likey\" (2018)\nAriana Grande (feat. Nicki Minaj) \u2014 \"the light is coming\" (2018)\nTeyana Taylor \u2014 K.T.S.E. (2018)\nJaden Smith \u2014 \"Ghost\" (2018)\nBebe Rexha \u2014 Expectations (2018)\nDan + Shay \u2014 Dan + Shay (2018)\nPanic! At the Disco \u2014 Pray for the Wicked (2018)July 22N/AJuly 21N/AJuly 20MadeinTYO & MyNamePhin \u2014 I Bet U Get This All the Time (2018)\nHoodrich Pablo Juan & Danny Wolf \u2014 HoodWolf 2 (2018)\nRockstar Marqo \u2014 So Icey Marqo (2018)July 19The Internet \u2014 Hive Mind (2018)\nRIMON \u2014 \"Nighttime\" (2018)\nRIMON \u2014 \"Grace\" (2018)\nLouis III \u2014 \"Goosebumps\" (2018)\nWolfskind & Yann Lauren (feat. Moli) \u2014 \"Give It Up\" (2018)\nMOONOVERSUN \u2014 \"GIRLS/BOYS\" (2018)\nHamond \u2014 \"Copacabana\" (2018)\nCatila \u2014 \"Call Me\" (2018)\nKiera Please \u2014 \"Bloom\" (2018)\nJodnyl \u2014 \"Blood\" (2018)\nRuben Pol \u2014 \"Bed Sheets\" (2018)\nJORDY \u2014 \"Be with Me\" (2018)\nMeghan Waterman \u2014 3AM Conversations (2018)\nMadison Cunningham \u2014 \"So Long, Frank Lloyd Wright\" (2018)\nMadison Cunningham \u2014 \"Beauty into Clich\u00e9s\" (2018)\nThe Score \u2014 \"Glory\" (2018)\nlovelytheband \u2014 \"emotion\" (2018)\nlovelytheband \u2014 \"alone time\" (2018)\n88rising (feat. NIKI) \u2014 \"Warpaint\" (2018)\nShy Glizzy \u2014 \"Free 3\" (2018)\nCasanova \u2014 COMMISSARY (2018)July 18Alessia Cara \u2014 \"A Little More\" (2018)\nAlessia Cara \u2014 \"Growing Pains\" (2018)\nTyler, The Creator \u2014 \"BRONCO\" (2018)\nAaron Cole \u2014 \"Off My Back\" (2018)\nThe Interrupters \u2014 Fight the Good Fight (2018)\ncleopatrick \u2014 \"youth\" (2018)\nMitski \u2014 \"Nobody\" (2018)\nYung Bans \u2014 Yung Bans Vol. 5 (2018)\nWiz Khalifa (feat. Problem) \u2014 \"Gin and Drugs\" (2018)\nCharli XCX \u2014 \"No Angel\" (2018)\nCharli XCX \u2014 \"Focus\" (2018)\nA$AP Ferg \u2014 \"Verified\" (2018)\nAxwell /\\ Ingrosso (feat. R\u00d8MANS) \u2014 \"Dancing Alone\" (2018)\nGorillaz \u2014 The Now Now (2018)July 17Florence + The Machine \u2014 High as Hope (2018)\nShea Diamond \u2014 Seen It All (2018)\nA$AP Ferg \u2014 \"Not the Boy\" (2018)\nMozzy \u2014 \"Pure in the Pack\" (2018)\nTrae Tha Truth \u2014 48 Hours Later (2018)\nLet's Eat Grandma \u2014 I'm All Ears (2018)\nAWWZ (feat. Yaw Mini & F. Dowell) \u2014 \"Visa\" (2018)\nYK Osiris \u2014 \"Timing\" (2018)\nJay Park (feat. GASHI & Rich The Kid) \u2014 \"FSU\" (2018)\nteddy<3 \u2014 \"I Was in a Cult\" (2018)\nCaly Bevier \u2014 \"Head Held High\" (2018)\nDave East & Rick Ross \u2014 \"Fresh Prince of Belaire\" (2018)\nSkooly (feat. Lil Xan) \u2014 \"Crazy Shit\" (2018)July 16Chris Lane \u2014 \"Hero\" (2018)\nWhy Don't We \u2014 \"Hooked\" (2018)\nWhy Don't We \u2014 \"Talk\" (2018)\nLil Pump \u2014 \"Drug Addicts\" (2018)\nA R I Z O N A \u2014 \"Freaking Out\" (2018)\nA R I Z O N A \u2014 \"Summer Days\" (2018)\nLil Yachty (feat. Cardi B & Offset) \u2014 \"Who Want the Smoke?\" (2018)\nJustin Timberlake \u2014 \"SoulMate\" (2018)\nFuture & Zaytoven \u2014 BEASTMODE 2 (2018)\nMeek Mill \u2014 Legends of the Summer (2018)\nGoonew \u2014 BIG64 (2018)July 15Childish Gambino \u2014 \"Awaken, My Love!\" (2016)\nShoreline Mafia \u2014 ShorelineDoThatShit (2018)\nJuice WRLD \u2014 JuiceWRLD 9 9 9 (2017)\nDiego Money \u2014 Welcome to IceLand (2015)\nThe Carters \u2014 EVERYTHING IS LOVE (2018)\nNas \u2014 NASIR (2018)\nDrake \u2014 Scorpion (2018)July 14N/AJuly 13N/AJuly 12rum.gold \u2014 \"Where There\u2019s Smoke\" (2018)\nHamzaa \u2014 \"Stranded Love\" (2018)\nLexus \u2014 \"Sounds Good\" (2018)\nMADANII \u2014 \"Rosemvry\" (2018)\nLndfk \u2014 \"LOVE BOMBING\u201d (2018)\nGian Camp \u2014 LOST IN TRANSLATION (2018)\nTaylor Eve (feat. OYABUN) \u2014 \"Like You\" (2018)\nyuzu blur \u2014 \"Home Soon\" (2018)\nKwaku \u2014 \"Fake\" (2018)\nAysha Monet \u2014 Don\u2019t Forget (2018)\nCharles Freeman \u2014 ANODYNE (2018)\nDaz Rinko (feat. Rahel) \u2014 \"Sweetie\" (2018)\nDaz Rinko \u2014 \"Vanilla Ice\" (2018)\nHolyGxd \u2014 \"Ugly\" (2018)\nRey King \u2014 \"Tijuana\" (2018)\nNosninja \u2014 Riverside Beat Tape (2018)\nYutes \u2014 \"Push\" (2018)\nBinoBossBricks & Scooter on the Beat \u2014 \"Poppin Tags\" (2018)\nMarceon Jacobs \u2014 \"No Losses\" (2018)\nBen James \u2014 \"Like Me\" (2018)\n2u4u \u2014 \"Gurl\" (2018)\nKING JAE \u2014 \"DRAMA\" (2018)\nSerious Klein \u2014 \"Coochie Money\" (2018)\nThe Real Ice \u2014 \"BAG for MY BAG\" (2018)\nAja9 \u2014 \"Treat Yo\u2019Self\" (2018)\nNOAAON \u2014 \"Summer Clearance\" (2018)\nYaffle (feat. Linying) \u2014 \"Summer\" (2018)\nJT Soul \u2014 \"LOUD\" (2018)July 11All That Glitters (feat. Chaz Mason) \u2014 \"I\u2019ll Wait for You\" (2018)\nElephant Heart \u2014 \"HIYA\" (2018)\nCHAMPANE (feat. CATALI) \u2014 \"Down Low\" (2018)\nNatalie \u2014 Shameful (2018)\nUkweli (feat. Karun) \u2014 \"Roses\" (2018)\nAsh (feat. starRo) \u2014 \"Lover Friend\" (2018)\nMina & Kit Moro \u2014 Goodbye (2018)\nChrisLee \u2014 \"Found Her\" (2018)\nJae.T \u2014 \"Yo Body\" (2018)\nEmilia Anastazja \u2014 \"Under My Skin\" (2018)\nGREGarious (feat. Akacia) \u2014 \"Sticks & Stones\" (2018)\nLottie Jade \u2014 \"South Side\" (2018)\nNizzy (feat. Pvpi Strz) \u2014 \"Rice n Peas\" (2018)\nSqueakPIVOT (feat. Xone White) \u2014 \"Perfect for U\" (2018)\nBlack Grapefruit \u2014 \"Mind\" (2018)\nMei Mei \u2014 \"Livin in the Truth\" (2018)\nHALP (feat. Anthony Russo) \u2014 \"Hurt Myself\" (2018)\nFrex \u2014 \"History\" (2018)\nKean Farrar \u2014 \"Heartthrob\" (2018)\nParisalexa \u2014 Flexa (2018)\nForrest. \u2014 \"Your Soul\" (2018)\nShane Reis & God.Damn.Chan \u2014 VEIB (2018)\nZac Ace \u2014 Testing Ground. (2018)July 10Latrell James \u2014 \"Okay\" (2018)\nVonathan \u2014 \"Mac Attack\" (2018)\nFEYI \u2014 \"F@%& WITH A DIME\" (2018)\nA-Reece, Ecco & Wordz \u2014 \"Better Luck Next Time\" (2018)\nKevoe West \u2014 \"Stoner\" (2018)\nPatches (feat. Namesake.) \u2014 \"show goes on\" (2018)\nZER0 \u2014 \"Orphus\" (2018)\nClyde Guevara \u2014 \"Higher Vibration\" (2018)\nSvlm \u2014 \"Day Dreaming\" (2018)\nemoniFela \u2014 Day Camp for Dreamers (2018)\nhappytree & late late \u2014 CANVAS (2018)\nfrumhere \u2014 are you lost? (2018)\nRenzo \u2014 2359 (2018)July 9Whinnie Williams \u2014 \u201cViolet\u201d (2018)\nJohn Conception \u2014 \u201cSo Bad\u201d (2018)\ny\u00f9 y\u012b (feat. Ellen) \u2014 \u201cPeaches\u201d (2018)\nTS Graye \u2014 \u201cMY2\u201d (2018)\nRushes \u2014 \"Wave\u201d (2018)\ns7erre (feat. Elysa) \u2014 \u201cSo Bad\u201d (2018)\nHaula \u2014 \u201cTrouble\u201d (2018)July 8Diego Money & StoopidXoolin \u2014 Stoopid Ice Volume One (2016)July 7Chance Pe\u00f1a \u2014 \u201cSun Goes Down\u201d (2018)\nHolow (feat. Lucile) \u2014 \u201cSpotlight\u201d (2018)\nIvy Rei \u2014 \u201cSay It to My Face\u201d (2018)\nMiriam \u2014 \u201cOff That Thing\u201d (2018)\nDJ Young & Krista \u2014 \u201cNvm (Never Mine)\u201d (2018)\nBAYLA \u2014 \u201cMonster\u201d (2018)\nArthur Wimble \u2014 \u201cMiss You\u201d (2018)\nICELANDIA \u2014 \u201cMiracle Caught on Camera\u201d (2018)\nAmber Simone \u2014 \u201cLoving You\u201d (2018)\nBLANKSY \u2014 \u201cLove Won\u2019t Save Me\u201d (2018)\nCC Clarke \u2014 \u201cA Little More\u201d (2018)\nSpectrum & Ria Choony \u2014 \u201cHome\u201d (2018)\nKorky Buchek (feat. Kymie) \u2014 \u201cHigher\u201d (2018)\nDominique Tey \u2014 \u201cHeartstream\u201d (2018)\nA$AP Rocky (feat. Moby) \u2014 \u201cA$AP Forever\u201d (2018)\nJuice WRLD \u2014 Too Soon.. (2018)\nBruno Mars \u2014 It\u2019s Better If You Don\u2019t Understand (2010)July 6Diego Money & MexikoDro \u2014 Plug Money (2015)\nLouis Bordeaux \u2014 \u201cDo What I Do\u201d (2018)\nDeathbyRomy \u2014 \u201cDeathWish\u201d (2018)\nVera Hotsauce \u2014 \u201cBottoms Up\u201d (2018)\nM\u0100X \u2014 \u201cWrong Guy\u201d (2018)\nJames Blake (feat. MistaDC) \u2014 \u201cVegas Girl\u201d (2018)\nDavid Hopperman (feat. Wes Writer) \u2014 \u201cDon\u2019t Stop\u201d (2018)\nLodola \u2014 \u201cCover It Up\u201d (2018)\nLava La Rue \u2014 \u201cWiddit\u201d (2018)\nA. Rell \u2014 \u201cWhat If I Did It\u201d (2018)\nPediko \u2014 \u201cTicket to Go\u201d (2018)\nPatricKxxLee \u2014 \u201cSo & So\u201d (2018)\nCaliray1k \u2014\" Run Up the Band\u201d (2018)\nMyke Bogan (feat. Khary) \u2014 \u201cPickathon\u201d (2018)\nOzadya \u2014 Oz Life (2018)July 5YBN Cordae \u2014 \u201cOld Niggas\u201d (2018)\nShwiggy (feat. 198o8) \u2014 \u201cMight Troll\u201d (2018)\nHella Sketchy \u2014 \u201cLosing Control\u201d (2018)\n10cellphones (feat. Swoop) \u2014 \u201cKicking Doors\u201d (2018)\nppgcasper (feat. Eera) \u2014 \u201cHeadache\u201d (2018)\nDontae (feat. Cal) \u2014 \u201cFlipmode\u201d (2018)\nCaine Casket \u2014 \u201cDomino\u201d (2018)\nFelixx \u2014 \u201cDiddy\u201d (2018)\nCloutBoi TJ \u2014 CloutBoi! (2018)July 4N/AJuly 3Macca Wiles \u2014 \u201cAWOL\u201d (2018)\nTommy Savo \u2014 \u201c2 ROCKS\u201d (2018)\nFrex \u2014 \u201cy u gotta\u201d (2018)\nLaura Roy \u2014 \u201cTemporary\u201d (2018)\nEgo Ella May \u2014 \u201cTable for One\u201d (2018)\nLinae \u2014 \u201cSweet Sweat\u201d (2018)\nEbz the Artist \u2014 \u201cSay It\u201d (2018)\nChoc \u2014 \u201cSame\u201d (2018)\nloftii \u2014 leaving us (2018)\nRicks Art \u2014 \u201cKiss N Tell\u201d (2018)\nLevine Lale \u2014 \u201cKeep Up\u201d (2018)\nMelo-Zed \u2014 Eleven (2018)\nBlossom & Ripley Snell (feat. Neill Von Tally) \u2014 \u201ccasting couch\u201d (2018)\nLove \u2014 \u201cBlack Coffee\u201d (2018)\nLove \u2014 \u201c3\u201d (2018)\nPaige Bea \u2014 \u201cYour Echo\u201d (2018)\nBrad O\u2019Neill \u2014 \u201cUnexpected\u201d (2018)\nDeflo & Lliam Taylor (feat. Awa) \u2014 \u201cSpotlight\u201d (2018)July 2Delaney Kai & Kyoto Black \u2014 \u201cSounds\u201d (2018)\nTaylor Reed \u2014 \u201cSay You Won\u2019t\u201d (2018)\nCamille Trust \u2014 \u201cMove On\u201d (2018)\nLiv Keegan \u2014 \u201cJust My Type\u201d (2018)\nNatasha Fisher \u2014 \u201cIf I Could I Would\u201d (2018)\niiola \u2014 \u201cdon\u2019t shut me up\u201d (2018)\nJONNA \u2014 \u201cBlack Tears\u201d (2018)\nTARI (feat. Lani Rose) \u2014 \u201cBest for You\u201d (2018)\nNodfather \u2014 \u201cThoughts\u201d (2018)\nBrett \u2014 \u201cTherapy\u201d (2018)\nRa\u2019Shaun \u2014 \u201cShe Told Me\u201d (2018)\nS7EAZE \u2014 \u201cDon\u2019t Test Me\u201d (2018)\nM.R \u2014 \u201cCalling\u201d (2018)\nXander \u2014 \u201cBetter or Worse\u201d (2018)\nRic Wilson \u2014 BANBA (2018)\nAdamn Killa \u2014 Adamn Everlasting (In Loving Memory of Jalen) (2018)\nGNGR \u2014 \u201cWithout You\u201d (2018)\nStar Martin \u2014 \u201cWalls\u201d (2018)\nTrevor Daniel \u2014 \u201cWake Up\u201d (2018)\nBR3 (feat. Jacquees) \u2014 \u201cUsed to This\u201d (2018)\np-rallel (feat. Yiigaa & Finn Foxell) \u2014 \u201cSigns\u201d (2018)\ngny \u2014 Present (2018)\nSameik Moore \u2014 \u201cBounce\u201d (2018)\nAdreyn Cash \u2014 \u201cAngel\u2019s Lie\u201d (2018)\nParker Louis \u2014 All Good Things, Pt. One (2018)\nTru \u2014 \u201cYoung & Reckless\u201d (2018)\nBae Louie \u2014 \u201cWonderful\u201d (2018)\nRokusho (feat. Inga & Stille) \u2014 \u201cWishing for You\u201d (2018)\nb\u00ealla \u2014 \u201csorry if u misunderstood\u201d (2018)\nSV\u0112 \u2014 \u201cNjne1 (Not Just Anyone)\u201d (2018)\nShaeane \u2014 \u201cBag of Bones\u201d (2018)\nShaeane \u2014 \u201cJoker\u201d (2018)\nOlloway \u2014 \u201cAugust\u201d (2018)\nLight Gun Fire (feat. Marta Carvallo) \u2014 \u201cAll on You\u201d (2018)\nRuuth \u2014 \u201cAll About\u201d (2018)\nLil Candy Paint \u2014 \u201cSleep at Night\u201d (2018)\nLord Narf (feat. Meltycanon) \u2014 \u201cRent\u201d (2018)\nLuxe \u2014 \u201cNothing to Me\u201d (2018)\nVuyo \u2014 \u201cLord Knows\u201d (2018)July 1Student 1 \u2014 Drag (2018)\nbrakence \u2014 hypnagogia (2018)\nLoski \u2014 \u201cI Been\u201d (2018)JuneJune 30Cashwaveyboiz \u2014 waves (2018)\nSudan Archives \u2014 \"Nont for Sale\" (2018)\nNDAI \u2014 \"Nobody's Ting\" (2018)\nAllen Ritter \u2014 \"Never Leave\" (2018)\nDiamonique Jackson \u2014 \"Give Me a Sign\" (2018)\nHMLT (feat. TiKA) \u2014 \"Gary\" (2018)\nNotifi \u2014 \"Dramamine\" (2018)\nIVYxM \u2014 \"But You\" (2018)\nMogillah (feat. Georgia Anne Muldrow & Flote) \u2014 \"Birds Eye's View\" (2018)\nLfalfa \u2014 \"What It Means\" (2018)\nIrie Lee \u2014 \"Van Gogh\" (2018)\nKiki Ireland \u2014 \"Timid\" (2018)\nManana \u2014 \"Think About You\" (2018)\nLunadira \u2014 \"STUCK WITH YOU\" (2018)\nLOONY \u2014 \"A Small Flame\" (2018)\nKaptain Jay \u2014 \"Skittle\" (2018)\nKaptain Jay \u2014 \"Night Out\" (2018)\ncktrl \u2014 SAG Playlist 1 (2018)\nYakul \u2014 \"Realigned\" (2018)\nShakale Davis \u2014 Note to Self (2018)June 29SAFE \u2014 \"No Answer\" (2018)\nBobby Earth \u2014 \"Mood\" (2018)\nTmmrw \u2014 \"Lowkey\" (2018)\nPROMKNGHT \u2014 \"Like I Do\" (2018)\nAsiah \u2014 Know Me (2018)\nHugo Joe & MexikoDro \u2014 Hugo Dro (2018)\nPro Reese \u2014 Fresh Off a Break Up (2018)\nPxRRY \u2014 \"FaLL BacK\" (2018)\nKaycee Shakur \u2014 Divination (2018)\nFallon Favors \u2014 Destiny (2018)June 28Diego Money \u2014 Diego World (2018)\nHaley Daniels \u2014 \"Delirious\" (2018)\nRabino \u2014 \"Crocodile\" (2018)\nEaston \u2014 \"Blue Love\" (2018)\nKC.. \u2014 Bare, Vol. 1 (2018)\nTeaMarrr \u2014 \"Bent Hella\" (2018)\nSwiss Army \u2014 Paris Mountain (2018)June 27N/AJune 26PYRMDPLAZA \u2014 The Void (2018)\nNfromthewave \u2014 \"Pashun\" (2018)\nMy Friend Alan \u2014 \"Falling\" (2018)\nMadeByKuya \u2014 Universal (2018)\nJordana \u2014 \"Body\" (2018)\nJordan Dennis (feat. Blasko) \u2014 \"Crumbs\" (2018)\nfalcxne \u2014 \"Slowly\" (2018)\nDream League Soccer \u2014 \"So I Broke Her Heart\" (2018)\nCoco Reilly \u2014 \"Define You\" (2018)\nBella Boo \u2014 Fire (2018)June 25Pi'erre Bourne \u2014 \"Planet Namek\" (2018)\nTim Atlas \u2014 All Talk! (2018)\nKILLY \u2014 Surrender Your Soul (2018)\nCalum Scott \u2014 Only Human (2018)June 24B.o.B \u2014 The Upside Down (2018)\nPhoelix \u2014 TEMPO (2018)June 23N/AJune 22N/AJune 21N/AJune 20Niko Khale \u2014 Free Mind Rich Thoughts (2018)\nSmerz \u2014 Have fun (2018)\nJonathan McReynolds \u2014 Make Room (2018)\nLawren \u2014 Get Your Change (2018)\nPouya \u2014 FIVE FIVE (2018)\nNap Eyes \u2014 I'm Bad Now (2018)\nAcid Dad \u2014 Acid Dad (2018)June 19R.LUM.R \u2014 ALTERIMAGE (2018)\nJimi Hendrix \u2014 Both Sides of the Sky (2018)\nVarious Artists \u2014 A Wrinkle in Time (Original Motion Picture Soundtrack) (2018)\nWhat So Not \u2014 Not All the Beautiful Things (2018)June 18YFN Lucci \u2014 Ray Ray from Summerhill (2018)\nWale \u2014 Self Promotion EP (2018)\nThe Voidz \u2014 \"Coul as a Ghoul\" (2018)\nValee (feat. Jeremih) \u2014 \"Womp Womp\" (2018)\nTee Grizzley \u2014 Activated (2018)\nStalley \u2014 \"Chains Mr. T\" (2018)June 17Sonta \u2014 \"Ride for You\" (2018)\nSonta \u2014 \"Wishes\" (2018)\nSonta \u2014 \"Dream Girl\" (2018)\nSonta \u2014 \"Lovers N Friends\" (2018)June 16Sonta \u2014 \"Cut It (Remix)\" (2018)\nSonta \u2014 \"Hopeful\" (2015)\nSonta \u2014 \"MMMM\" (2015)\nSonta \u2014 \"Medicine (Remix)\" (2018)\nSonta \u2014 \"Letter from Sonta\" (2018)\nSonta \u2014 \"Screwed Up (Boo'd Up Remix)\" (2018)\nSonta \u2014 \"All I Want Is You (For Christmas)\" (2016)\nSonta \u2014 \"Hard to Love\" (2017)\nSonta \u2014 \"How You Gonna Act Like That\" (2016)June 15Sonta \u2014 In My Feelings (Re-release) (2018)\nSelena Gomez \u2014 \"Back to You\" (2018)\nSarah Louise \u2014 Deeper Woods (2018)\nSabrina Carpenter & Jonas Blue \u2014 \"Alien (Acoustic)\" (2018)\nRita Ora (feat. Cardi B, Bebe Rexha & Charli XCX) \u2014 \"Girls\" (2018)June 14Nina Nesbitt \u2014 \"The Sun Will Come Up, The Seasons Will Change\" (2018)\nMarian Hill \u2014 Unusual (2018)\nLa Luz \u2014 Floating Features (2018)\nJoji \u2014 \"Yeah Right\" (2018)June 13Jackie Hill Perry \u2014 Crescendo (2018)\nDierks Bentley \u2014 \"You Can't Bring Me Down\" (2018)\nCity Girls \u2014 PERIOD (2018)\nCharlie Puth \u2014 Voicenotes (2018)\nBJ The Chicago Kid \u2014 The Opening Ceremony (2018)\nBeach House \u2014 7 (2018)June 12Marqo 2 Fresh \u2014 Live Fast Die Young (2015)\nMPR Tito \u2014 Rixh Blxxd (2018)\nLil Dude \u2014 ME (2018)\nPlayboi Carti \u2014 \"Been Ballin\" (2017)\nPlayboi Carti \u2014 \"Arm & Leg\" (2018)\nPlayboi Carti \u2014 \"Tragic\" (2016)\nPlayboi Carti \u2014 \"They Go Off\" (2018)\nPlayboi Carti \u2014 \"Tank\" (2018)\nPlayboi Carti \u2014 \"Supersonic\" (2018)\nPlayboi Carti \u2014 \"Movin' Different\" (2018)\nPlayboi Carti \u2014 \"Let 'Em In\" (2018)\nPlayboi Carti \u2014 \"Kick\" (2018)\nPlayboi Carti \u2014 \"Drop\" (2018)\nPlayboi Carti & SosaMann \u2014 \"In the Lobby\" (2018)\nSki Mask The Slump God \u2014 Get Dough Presents Ski Mask The Slump God (2018)\nPolo Boy Shawty \u2014 On the Track (2017)\nRedd Coldhearted \u2014 Coldhearted EP (2017)\nSlim 400 \u2014 Foe Reala (2018)\nYung Mal & Lil Quill \u2014 Kids of the 6 (2017)\nYung Mal & Lil Quill \u2014 SOUF6 (2018)June 11Hoodrich Pablo Juan \u2014 \"MONY Walk\" (2018)\nYung Mal & Lil Quill \u2014 Blessed Lil Bastards (2017)\nRich Forever Music \u2014 Rich Forever 2 (2016)\nRich Forever Music \u2014 Rich Forever Music: The Mixtape (2016)\nRich The Kid \u2014 Dabbin Fever (2015)\nRich The Kid \u2014 Flexxin on Purpose (2015)\nRich The Kid \u2014 Keep Flexin (2016)\nLil B \u2014 Platinum Flame (2018)June 10Frvrfriday \u2014 WHOISFRIDAY (2018)\nKIDS SEE GHOSTS \u2014 KIDS SEE GHOSTS (2018)\nYoungr \u2014 \"Lost in Translation\" (2018)\nYourWelcome Shon \u2014 \"Summa Hood Laude\" (2018)\nSUMR CAMP \u2014 \"24-7\" (2018)\nTove Lo (feat. Charli XCX, Icona Pop, Elliphant & ALMA) \u2014 \"bitches\" (2018)\nDagny \u2014 \"Used to You\" (2018)\nNEEDTOBREATHE \u2014 \"Bullets\" (2018)\nErin Rae \u2014 Putting on Airs (2018)\nSnail Mail \u2014 Lush (2018)\nTyler, The Creator \u2014 \"435\" (2018)\nJeremih & Ty Dolla $ign \u2014 \"The Light\" (2018)\nChelsea Cutler \u2014 Sleeping With Roses (2018)\nKamiyah (feat. ScHoolboy Q) \u2014 \"Addicted to Ballin'\" (2018)\nDeJ Loaf & Leon Bridges \u2014 \"Liberated\" (2018)\nRich The Kid \u2014 \"Bring It Back\" (2018)\nVarious Artists \u2014 SUPERFLY (Original Motion Picture Soundtrack) (2018)\nTory Lanez & Ozuna \u2014 \"Pa Mi\" (2018)\nLykke Li \u2014 so sad so sexy (2018)\nLittle Big Town \u2014 \"Summer Fever\" (2018)\nJZVEL \u2014 \"Tired Af\" (2018)June 9Jorja Smith \u2014 Lost & Found (2018)\nNe-Yo \u2014 GOOD MAN (2018)June 8Bali Baby & Rockstar Marqo \u2014 Sosa & Tony: The Movie (2018)\nCosaNostra Kidd \u2014 Wham (2018)June 7Rich The Kid \u2014 Trap Talk (2016)\nAndr\u00e9 3000 \u2014 Look Ma No Hands (2018)\nStalone \u2014 Uropa (2018)\nMiddle Kids \u2014 Lost Friends (2018)\nKirsten Collins \u2014 \"Rainbows\" (2018)\nKirsten Collins \u2014 \"BAD\" (2018)\nJade Novah \u2014 \"Next to You\" (2018)\nDan + Shay \u2014 \"Alone Together\" (2018)\nCASS \u2014 \"Not for Sale\" (2018)\nlil aaron \u2014 ROCK$TAR FAMOU$ (2018)\nCautious Clay \u2014 RESONANCE (2018)\nYBN Almighty Jay \u2014 \"2 Tone Drip\" (2018)\nLil Skies (feat. Yung Pinch) \u2014 \"I Know You\" (2018)June 6Freedom Fry \u2014 Classic (2018)\nFuture (feat. Yung Bans) \u2014 \"Bag\" (2018)\nNatalie Prass \u2014 The Future and the Past (2018)\nSarah Reeves \u2014 \"Easy\" (2018)\nRex Orange County & Randy Newman \u2014 \"You've Got a Friend in Me\" (2018)\nLiz Vice \u2014 Save Me (2018)\nMNEK (feat. Hailee Steinfeld) \u2014 \"Colour\" (2018)\nThird Party \u2014 \"Free\" (2018)\nMac Miller \u2014 \"Programs\" (2018)\nA$AP Ferg \u2014 \"Harlem Anthem\" (2018)\nBlack Thought \u2014 Streams of Thought Vol. 1 (2018)\nLauv \u2014 I met you when I was 18. (the playlist) (2018)\nThe 1975 \u2014 \"Give Yourself a Try\" (2018)\nBig Freedia \u2014 3rd Ward Bounce (2018)\nFlorida Georgia Line \u2014 \"Colorado\" (2018)\nFlorida Georgia Line \u2014 \"Simple\" (2018)June 5Sabrina Carpenter \u2014 \"Almost Love\" (2018)\nKanye West \u2014 ye (2018)\nJade Bird \u2014 \"Furious\" (2018)\nMeiko \u2014 Playing Favorites (2018)\nJessie J \u2014 R.O.S.E. (Empowerment) (2018)\nRiley Clemmons \u2014 \"Better for It (2018)\nDREAMERS \u2014 \"SCREWS\" (2018)\nNIKI \u2014 Zephyr (2018)June 4Parliament \u2014 Medicaid Fraud Dogg (2018)\nZaytoven \u2014 Trapholizay (2018)\nFortunate Ones \u2014 Hold Fast (2018)\nLindsay Ell \u2014 The Continuum Project (2018)\nSudan Archives \u2014 Sink (2018)\nNDAI \u2014 \"Time Heals All Wounds\" (2018)\nMaggie Rogers \u2014 \"Fallingwater\" (2018)\nNaji \u2014 Act I (2018)June 3Silk \u2014 Silk (1995)June 2N/AJune 1Young Nudy (feat. 21 Savage) \u2014 \"Since When\" (2018)\nD.O.D \u2014 \"Glow\" (2018)\nThe New Respects \u2014 \"Freedom\" (2018)\nClairo \u2014 diary 001 (2018)\nJorja Smith \u2014 \"February 3rd\" (2018)\nJuice WRLD \u2014 Goodbye & Good Riddance (2018)MayMay 31Pusha T \u2014 DAYTONA (2018)\nCHVRCHES \u2014 Love Is Dead (2018)\nShawn Mendes \u2014 Shawn Mendes (2018)\nDrake \u2014 \"I'm Upset\" (2018)May 30The Internet \u2014 \"Roll! (Burbank Funk) (KAYTRANADA Remix)\" (2018)\nBlue October \u2014 \"Colors Collide\" (2018)\nnobigdyl. \u2014 \"twenty eighteen\" (2018)\nnobigdyl. \u2014 \"psycho heart!\" (2018)\nJay Rock \u2014 \"WIN\" (2018)\nChaos Chaos \u2014 Chaos Chaos (2018)\nTemi Omi (feat. Tierra Whack) \u2014 \"Pull Up on You\" (2018)\nAlex Da Kid (feat. H.E.R. & Rapsody) \u2014 \"Go\" (2018)\nKYLE \u2014 Light of Mine (2018)\nChristina Aguilera (feat. Demi Lovato) \u2014 \"Fall in Line\" (2018)\nLil Baby \u2014 Harder Than Ever (2018)\nPharrell Williams & Camila Cabello \u2014 \"Sangria Wine\" (2018)May 29NIKI \u2014 \"I Like U\" (2018)\nNIKI \u2014 \"See U Never\" (2018)\nNIKI \u2014 \"Chilly\" (2018)\nNIKI \u2014 \"Vintage\" (2018)\nORKID \u2014 \"So Rude\" (2018)\nTOMI \u2014 \"Coming Around\" (2018)\nNatalie Prass \u2014 \"Lost\" (2018)\nNow, Now \u2014 \"MJ\" (2018)\nJennifer Hudson \u2014 \"I'll Fight\" (2018)\nAshe \u2014 \"Choirs\" (2018)\nTHEY. \u2014 \"Ain't the Same\" (2018)\nSabrina Carpenter & Jonas Blue \u2014 \"Alien (M-22 Remix)\" (2018)\nTerrance Escobar (feat. Thouxanbanfauni) \u2014 \"*D 4 L*\" (2018)\nMike Jones \u2014 \"All on Me\" (2018)\nA$AP Ferg & Elle Fanning \u2014 \"Moon River\" (2018)\nJasmine Thompson \u2014 \"Lonely Together\" (2018)\nHoundmouth \u2014 \"This Party\" (2018)\nGinny Owens \u2014 \"Remind Me\" (2018)\nJean Deaux \u2014 \"Energy\" (2018)\nmorgxn \u2014 \"me without you\" (2018)\nGallant \u2014 \"Doesn't Matter\" (2018)\nChantel Jeffries (feat. Offset & Vory) \u2014 \"Wait\" (2018)\nTee Grizzley (feat. Chris Brown) \u2014 \"Fuck It Off\" (2018)\nWiz Khalifa (feat. Gucci Mane) \u2014 \"Real Rich\" (2018)\nJessie Reyez \u2014 \"Body Count\" (2018)\nTroye Sivan \u2014 \"Bloom\" (2018)\nJulia Michaels (feat. Trippie Redd) \u2014 \"Jump\" (2018)\nJess Glynne \u2014 \"I'll Be There\" (2018)\nDan + Shay \u2014 \"All to Myself\" (2018)\nCharlie Puth (feat. Kehlani) \u2014 \"Done for Me\" (2018)\nCharlie Puth \u2014 \"The Way I Am\" (2018)\nFlorence + The Machine \u2014 \"Hunger\" (2018)\nTravis Scott (feat. Lil Uzi Vert & Kanye West) \u2014 \"Watch\" (2018)\nShawn Mendes (feat. Khalid) \u2014 \"Youth\" (2018)May 28N/AMay 27N/AMay 26A$AP Rocky \u2014 TESTING (2018)May 25N/AMay 24N/AMay 23N/AMay 22N/AMay 21N/AMay 20N/AMay 19Various Artists \u2014 Boomerang Soundtrack (1992)\nFoggieraw \u2014 \"Prolly\" (2018)\nBRYN (feat. Yung Fume) \u2014 \"Pull Up\" (2018)May 18Desiigner \u2014 L.O.D. (2018)May 17N/AMay 16N/AMay 15N/AMay 14N/AMay 13N/AMay 12April + Vista \u2014 \"Own2\" (2018)\nAmy Grant \u2014 \"Say It With a Kiss\" (2018)\nJodeci \u2014 The Show, the After-Party, the Hotel (1995)May 11Playboi Carti \u2014 Die Lit (2018)May 10Leon Bridges \u2014 Good Thing (2018)\nRob $tone \u2014 Young Rob $tone (2018)\nJeremy Zucker \u2014 glisten (2018)\nYung Gravy \u2014 Snow Cougar (2018)\nAmber Mark \u2014 Conex\u00e3o (2018)May 9BlocBoy JB \u2014 SIMI (2018)\n6 Dogs & Danny Wolf \u2014 6 Wolves (2018)\nSlim Jxmmi \u2014 Jxmtro (2018)\nSwae Lee \u2014 Swaecation (2018)\nRae Sremmurd \u2014 SR3MM (2018)\nTove Styrke \u2014 Sway (2018)May 8Playboi Carti \u2014 \"Foreign\" (2018)\nL.A. Salami \u2014 The City of Bootmakers (2018)\nLaura Veirs \u2014 The Lookout (2018)\nJim Jones \u2014 Wasted Talent (2018)\nnothing,nowhere. \u2014 ruiner (2018)May 7Pete Rock & C.L. Smooth \u2014 The Main Ingredient (1994)\nChildish Gambino \u2014 \"This Is America\" (2018)\nMadeline Kenney \u2014 Night Night at the First Landing (2017)\nAnnmarie \u2014 Tripolar (2018)\nGeorgi Jacobs \u2014 \"Hard to Love\" (2018)\nElle Teresa \u2014 KAWAII BUBBLY LOVELY (2018)May 6702 \u2014 No Doubt (1996)\nA$AP Ferg \u2014 Still Striving (2017)\nMadeline Kenney \u2014 Signals (2016)\n21 Savage & Metro Boomin \u2014 Savage Mode (2016)\nTrippie Redd \u2014 A Love Letter to You (2017)\nWintertime \u2014 I Know What You Did Last Winter (2016)\nCassy London \u2014 Realm (2017)May 5Cassy London \u2014 \"Wonderland\" (2016)\nDiego Money \u2014 Go Diego EP (2017)May 4Diego Money \u2014 Diego & Friends (2017)\nEvangeline Joy \u2014 Verbatim (2013)\nKaren Waldrup \u2014 \"Warm in Your Sunshine\" (2017)\nPhoebe Ryan \u2014 James (2017)\nNadia \u2014 Rebel (2017)\nJxck Kelly \u2014 \"Nancy\" (2018)\nJxck Kelly \u2014 \"Nothing\" (2018)\nK. Cero \u2014 Songs About You (2017)\nSoduh \u2014 The Crocodile (2018)May 3Phoebe Ryan \u2014 Mine EP (2015)\nAshaya \u2014 November (2016)\nEvan Diamond \u2014 \"Intersections\" (2018)\nVai Petri \u2014 \"Criminal\" (2018)\nVai Petri \u2014 \"Let Live\" (2017)\nAnalisa Corral \u2014 Sugar Pills - Pack 1 (2018)\nKara Elyse \u2014 \"Take Control\" (2018)\nAced Spade (feat. L\u00e9, Kiim Bosh, D. Laflair & Marko Stat$) \u2014 \"Outta Sight\" (2018)May 2Carnage \u2014 Battered Bruised & Bloody (2018)\nCiaran Lavery \u2014 Sweet Decay (2018)\nRobert Glasper Experiment \u2014 Robert Glasper x KAYTRANADA: The ArtScience Remixes (2018)\nRobotaki \u2014 Science (2018)\nSkizzy Mars \u2014 are you OK? (2018)\nBazzi \u2014 COSMIC (2018)May 1Famous Dex \u2014 Dex Meets Dexter (2018)\nThe Aces \u2014 When My Heart Felt Volcanic (2018)\nThe Longshot \u2014 The Longshot EP (2018)\nLuniz \u2014 No Pressure (2018)\nSki Mask The Slump God \u2014 Beware the Book of Eli (2018)\nKanye West \u2014 \"Lift Yourself\" (2018)\nCardi B \u2014 Invasion of Privacy (2018)\nSerayah \u2014 Addicted (2018)\nSigrid \u2014 Raw (2018)\nSmokepurpp & Murda Beatz \u2014 Bless Yo Trap (2018)\nYoung Thug \u2014 Hear No Evil (2018)\nisaac gracie \u2014 isaac gracie (2018)\nSofi Tukker \u2014 Treehouse (2018)\nAlyson Stoner \u2014 \"God's Plan\" (2018)\nMoon Taxi (feat. Sofi Tukker) \u2014 \"Two High (Sofi Tukker Remix)\" (2018)\nTerri Clark & Dallas Smith \u2014 \"One Drink Ago\" (2018)\nNe-Yo, Bebe Rexha & Stefflon Don \u2014 \"PUSH BACK\" (2018)\nDaryl Hall & John Oates (feat. Train) \u2014 \"Philly Forget Me Not\" (2018)\nTHEY. & DEAN \u2014 \"Dante's Creek (deantrbl Remix)\" (2018)\nNelly (feat. Jacquees) \u2014 \"Freaky with You\" (2018)\nAmine (feat. Injury Reserve) \u2014 \"Campfire\" (2018)\nRalo & P.Skud \u2014 \"Don't Worry\" (2018)\nBebe Rexha \u2014 \"Meant to Be (Acoustic)\" (2018)\nJenny Hval \u2014 \"Spells\" (2018)\nCalpurnia \u2014 \"Louie\" (2018)\nDREAMS \u2014 \"Silence\" (2018)\nGang Gang Dance \u2014 \"Lotus (edit)\" (2018)\nRoyce da 5'9\" (feat. Ashley Sorrell) \u2014 \"Stay Woke\" (2018)AprilApril 30Chaos Chaos \u2014 \"Pink Politics\" (2018)\nLa Luz \u2014 \"The Creature\" (2018)\nREMMI \u2014 \"Desperate\" (2018)\nCouros \u2014 \"Young\" (2018)\nHighasakite \u2014 \"Out of Order\" (2018)\nMavi Phoenix \u2014 \"Yellow\" (2018)\nTOMI \u2014 \"Every Morning I Feel Like Running Away\" (2018)\nWet \u2014 \"Soften\" (2018)\nAsteph \u2014 \"No One Will Smile\" (2018)\nAUGUST 08 \u2014 \"Lately\" (2018)\nAlae \u2014 \"Stone Cold\" (2018)\nJackson Penn \u2014 \"Babylon\" (2018)\nMorgan Wallen \u2014 \"Happy Hour\" (2018)\nAllen Stone \u2014 \"Brown Eyed Lover\" (2018)\nHigher Brothers & DJ Snake \u2014 \"Made in China\" (2018)\nThe Shires \u2014 \"The Hard Way\" (2018)\nDierks Bentley \u2014 \"The Mountain\" (2018)\nKideko \u2014 \"Good Thing\" (2018)\nMarian Hill \u2014 \"Wish You Would\" (2018)\nPowers Pleasant (feat. Joey Bada$$ & A$AP Ferg) \u2014 \"Pull Up\" (2018)\nTritonal (feat. Riley Clemmons) \u2014 \"Out My Mind (Club Mix)\" (2018)\nBearson (feat. Ashe) \u2014 \"Get Lost\" (2018)\nCole Swindell  \u2014 \"Somebody's Been Drinkin'\" (2018)\nEkali & Medasin (feat. Elohim) \u2014 \"Forever\" (2018)\nChristopher \u2014 \"Bad\" (2018)\nAmy Shark \u2014 \"I Said Hi\" (2018)\n50 Cent (feat. PnB Rock) \u2014 \"Crazy\" (2018)\nSATICA \u2014 \"Inner Child\" (2018)\nDJ Megan Ryte (feat. Tory Lanez & HoodCelebrityy) \u2014 \"On & On\" (2018)\nJohn Splithoff \u2014 \"Raye\" (2018)\nGavin James \u2014 \"Always\" (2018)\nAries \u2014 \"SAYONARA\" (2018)\nJuice WRLD \u2014 \"All Girls Are the Same\" (2018)\nBrandy Burnette & Dwilly (feat. Kayo Genesis) \u2014 \"Hands Down\" (2018)\nBATE (feat. Blake Rose & Radio 3000) \u2014 \"One I Love\" (2018)\nFlorence + the Machine \u2014 \"Sky Full of Song\" (2018)\nCash Cash (feat. Abir) \u2014 \"Finest Hour\" (2018)\nLouis the Child (feat. Wafia) \u2014 \"Better Not\" (2018)\n5 Seconds of Summer \u2014 \"Youngblood\" (2018)\nZAYN \u2014 \"Let Me\" (2018)\nG-Eazy (feat. Yo Gotti & YBN Nahmir) \u2014 \"1942\" (2018)\nGianna Adams \u2014 I Don't Know (2018)\nDrake \u2014 \"Nice for What\" (2018)\nCatherine McGrath \u2014 \"Wild\" (2018)\nTrinidad Cordova \u2014 \"Even If\" (2018)\nYoungr \u2014 \"Drive\" (2018)\nMarshmello & Anne-Marie (feat. A Boogie Wit da Hoodie) \u2014 \"FRIENDS (A Boogie Wit da Hoodie Remix)\" (2018)April 29Empress Of \u2014 Trust Me Baby / In Dreams (2018)\nDerek Minor (feat. Dre Murray, Chino Dollaz & Anesha Birchett) \u2014 \"Decisions\" (2018)\nPhora \u2014 \"Come Thru\" (2018)\nnobigdyl. \u2014 \"enemies?\" (2018)\nPatrick Paige II (feat. Syd & Kari Faux) \u2014 \"On My Mind / Charge It to the Game\" (2018)\nNicki Minaj \u2014 \"Chun-Li\" (2018)\nKing Princess \u2014 \"Talia\" (2018)\nSwae Lee (feat. Slim Jxmmi) \u2014 \"Guatemala\" (2018)\nLil Pump \u2014 \"Esskeetit\" (2018)\nBebe Rexha (feat. Quavo) \u2014 \"2 Souls on Fire\" (2018)\nBebe Rexha \u2014 \"Ferrari\" (2018)\nNicki Minaj \u2014 \"Barbie Tingz\" (2018)\nKeith Urban \u2014 Graffiti U (2018)\nHalf Waif \u2014 Lavender (2018)\nJanelle Mon\u00e1e \u2014 Dirty Computer (2018)\nWe Are Scientists \u2014 Megaplex (2018)\nCicada Rhythm \u2014 Everywhere I Go (2018)\nTwin Shadow \u2014 Caer (2018)April 28Elohim \u2014 Elohim (2018)\nSarah Reeves \u2014 Easy Never Needed You (2018)\nBuzzy Lee \u2014 Facepaint (2018)\nXXXTENTACION \u2014 ? (2018)\nAnne-Marie \u2014 Speak Your Mind (2018)\nSahBabii (feat. 21 Savage) \u2014 \"Outstanding\" (2018)\nPeso da Mafia \u2014 \"About Us\" (2018)\nCodes \u2014 GO DOWN / THAT CRACK (2018)April 27NEEDTOBREATHE \u2014 \"Darling\" (2018)\nKailee Morgue \u2014 \"Fuck U\" (2018)\nMeg Myers \u2014 \"Numb\" (2018)\nShea Diamond \u2014 \"Keisha Complexion\" (2018)\nA Boogie Wit da Hoodie \u2014 \"Right Moves\" (2018)\nTee Grizzley (feat. Lil Yachty) \u2014 \"2 Vaults\" (2018)\nAloe Blacc \u2014 \"Brooklyn in the Summer\" (2018)\nThe Internet \u2014 \"Roll! (Burbank Funk)\" (2018)\nClairo \u2014 \"4EVER\" (2018)\nJason Mraz \u2014 \"Have It All\" (2018)\nImagine Dragons \u2014 Evolve (2017)\nOnyx \u2014 Black Rock (2018)\nYoung Scooter \u2014 Trippple Cross (2018)April 26Towkio \u2014 WWW. (2018)\nBlack Milk \u2014 FEVER (2018)\nBlac Youngsta \u2014 223 (2018)\nQuinn XCII \u2014 The Story of Us (Deluxe Tracks) (2018)\nQuinn XCII \u2014 The Story of Us (2017)April 25J. Cole \u2014 \"Want You to Fly\" (2017)\nSkool Boy (Skoolie 300) \u2014 After Skool Vol. 1 (2009)April 24S. Carey \u2014 Hundred Acres (2018)\nSOB X RBE \u2014 GANGIN (2018)\nKodak Black \u2014 Heart Break Kodak (HBK) (2018)\nRockstar Marqo \u2014 Fuck Rap'n (2018)\nThe Dopplegangaz \u2014 \"Fajita Effect\" (2018)\nUgly God \u2014 just a lil something before the album... (2018)April 23E-40 & B-Legit \u2014 Connected and Respected (2018)\nALLBLACK \u2014 Outcalls (2018)\nKatelyn Tarver \u2014 \"LY4L\" (2018)\nJade Bird \u2014 \"Cathedral (Acoustic)\" (2017)\nPrincess Nokia \u2014 A Girl Cried Red (2018)\nTinashe \u2014 Joyride (2018)\nThe Paper Kites \u2014 On the Train Ride Home (2018)\nM\u00fda \u2014 T.K.O. (The Knock Out) (2018)\nBishop Briggs \u2014 Church of Scars (2018)\nLord Huron \u2014 Vide Noir (2018)\nThe Chainsmokers \u2014 Sick Boy (2018)\nSasha Sloan \u2014 sad girl (2018)\nAnna Leone \u2014 Wandered Away (2018)\nCarrie Underwood \u2014 \"Cry Pretty\" (2018)\nLykke Li \u2014 deep end / hard rain (2018)\nPRETTYMUCH \u2014 PRETTYMUCH an EP (2018)April 22A$AP TyY \u2014 Best Kept Secret (2016)\nA$AP TyY \u2014 Troubles of the World (2018)\nA$AP Rocky \u2014 \"Herojuana Blunts\" (2018)\nThouxanbanfauni \u2014 The EXFiles (2017)\nXVL Hendrix \u2014 Blessings & a Curse 2 (2018)\nThouxanbanfauni \u2014 Heavy Weight Champ (2017)\nFlatbush ZOMBiES \u2014 Vacation in Hell (2018)April 21Migo Domingo \u2014 Menace II Society (2018)\nA$AP Ant \u2014 The Best of A$AP Ant 2017 (2018)\nOff Bloom \u2014 \"Love Actually\" (2018)\nHalsey (feat. Stefflon Don) \u2014 \"Alone (Calvin Harris Remix)\" (2018)\nJack & Jack \u2014 \"Stay with Me\" (2018)\nJGrrey \u2014 \"Growing\" (2018)\nFIDLAR \u2014 \"Alcohol\" (2018)\nMahalia \u2014 \"No Reply\" (2018)\nAURORA \u2014 \"Queendom\" (2018)\nChannel Tres \u2014 \"Controller\" (2018)\nHobo Johnson \u2014 \"Peach Scone\" (2018)\nCalvin Harris & Dua Lipa \u2014 \"One Kiss\" (2018)\nWiz Khalifa \u2014 \"420 Freestyle\" (2018)\nSchilly (feat. Nessly) \u2014 \"Higher\" (2018)\nCaitie Hurst \u2014 \"How Could I Be Silent\" (2018)\nVacationer \u2014 \"Being Here\" (2018)\nKB \u2014 \"No Chains\" (2018)\nCam \u2014 \"Palace (Cover)\" (2018)\nL.I.F.T \u2014 \"WANNA DIE\" (2018)\nAnik Khan (feat. Burna Boy & Sango) \u2014 \"Oh My\" (2018)\nNaughty Boy, RAY BLK & Wyclef Jean \u2014 \"All or Nothing\" (2018)\nHyphen Hyphen \u2014 \"KND\" (2018)\nRae Sremmurd (feat. Travis Scott) \u2014 \"CLOSE\" (2018)\nJeremy Zucker (feat. Chelsea Cutler) \u2014 \"better off\" (2018)\n6 Dogs (feat. Lil Skies) \u2014 \"Off the Gas\" (2018)\nJean Deaux \u2014 \"SSN (They Say)\" (2018)\nCRUISR \u2014 \"Mind Eraser\" (2018)\nAnne-Marie \u2014 \"2002\" (2018)\nCaitie Hurst \u2014 \"Nothing to Hide\" (2018)\nLeon Bridges \u2014 \"Beyond\" (2018)\niZNiiK \u2014 \"round the world\" (2018)\nBURNS (feat. Maluma & Rae Sremmurd) \u2014 \"Hands on Me\" (2018)\nA Boogie Wit da Hoodie (feat. Tory Lanez) \u2014 \"Best Friend\" (2018)\nKhalid, 6LACK & Ty Dolla $ign \u2014 \"OTW\" (2018)\nPrince \u2014 \"Nothing Compares 2 U\" (2018)\nVHS Collection \u2014 \"One\" (2018)\nCourtney Barnett \u2014 \"City Looks Pretty\" (2018)\nVanJess \u2014 \"Addicted\" (2018)\nCasey Veggies (feat. Wiz Khalifa) \u2014 \"Show Off\" (2018)\nBas (feat. Correy C) \u2014 \"Pinball II\" (2018)\nShae Jacobs \u2014 \"Space\" (2018)\nConfetti \u2014 \"When I Grow Up\" (2018)\nBahari \u2014 \"Savage\" (2018)\nSauce Walka \u2014 \"No Recess\" (2018)\nWarhol.SS \u2014 \"Birds Nest\" (2018)April 20Billie Eilish & Khalid \u2014 \"lovely\" (2018)\nRuss (feat. Jessie Reyez) \u2014 \"Basement\" (2018)\nJanelle Mon\u00e1e \u2014 \"I Like That\" (2018)\nAriana Grande \u2014 \"no tears left to cry\" (2018)\nJ. Cole \u2014 KOD (2018)April 19Yung Bans \u2014 Yung Bans Vol. 4 (2018)\nBerhana \u2014 \"Whole Wide World\" (2018)\nRuthAnne \u2014 \"The Vow\" (2018)\nRay LaMontagne \u2014 \"Such a Simple Thing\" (2018)\nSarah Reeves \u2014 \"Something About You\" (2018)\nBlocBoy JB (feat. 21 Savage) \u2014 \"Rover 2.0\" (2018)\nSan Holo (feat. Taska Black) \u2014 \"Right Here, Right Now\" (2018)\nUnderoath \u2014 \"Rapture\" (2018)\nSnail Mail \u2014 \"Pristine\" (2018)\nMr. Popular \u2014 \"Price Is Right\" (2018)\nMarc Scibilia \u2014 \"Over You\" (2018)\nEminem (feat. Kehlani) \u2014 \"Nowhere Fast (Extended Version)\" (2018)\nSteve Angello & Sam Martin \u2014 \"Nothing Scares Me Anymore\" (2018)\nThandi Phoenix \u2014 \"My Way\" (2018)\nSteve Aoki & Quintino \u2014 \"Mayhem\" (2018)\nCVIRO & GXNXVS \u2014 \"Lady\" (2018)\nChloe x Halle \u2014 The Kids Are Alright (2018)\nAlec King \u2014 \"Keep It Real\" (2018)\nSpencer Ludwig \u2014 \"Just Wanna Dance\" (2018)\nGoody Grace \u2014 Infinite (2018)\njoan \u2014 \"i loved you first\" (2018)\nErnest K., Case Arnold & Bryant Taylorr \u2014 \"I Love My City\" (2018)\nJack & Jack \u2014 \"I Don't Know\" (2018)\nNightly \u2014 \"Holding On\" (2018)\nBazzi \u2014 \"Honest\" (2018)\nHiss Golden Messenger \u2014 Hiss Golden Messenger Meets Spacebomb (2018)\nFINNEAS \u2014 \"Heaven\" (2018)\nNo Jumper (feat. Tay-K & BlocBoy JB) \u2014 \"Hard\" (2018)\n070 Shake \u2014 Glitter (2018)\nSonta \u2014 In My Feelings (2017)\nJason Aldean \u2014 \"Gettin' Warmed Up\" (2018)\nNONONO \u2014 \"Friends\" (2018)\nkiLL edward \u2014 \"Tidal Wave (just a little reference)\" (2018)\nTwo Door Cinema Club \u2014 Four Words to Stand On (2018)\nKodaline \u2014 \"Follow Your Fire\" (2018)\nDavid Guetta & Sia \u2014 \"Flames\" (2018)\nGolden Features \u2014 \"Falling Out\" (2018)\nLet's Eat Grandma \u2014 \"Falling into Me\" (2018)\nMishegas \u2014 \"Episodes\" (2018)\nGrizfolk \u2014 \"Endless Summer\" (2018)April 18Trouble & Mike WiLL Made-It \u2014 Edgewood (2018)\nCHVRCHES \u2014 \"Miracle\" (2018)\nSki Mask The Slump God \u2014 \"SKIMeetsWorld\" (2018)\nELEL \u2014 \"Early in the Morning\" (2018)\nSnow Patrol \u2014 \"Don't Give In\" (2018)\nSheck Wes \u2014 \"Do That\" (2018)\nMarian Hill \u2014 \"Differently\" (2018)\nRyan Hurd \u2014 \"Diamonds or Twine\" (2018)\nAutograf (feat. Lils & Bonsai Mammal) \u2014 \"Dead Soon\" (2018)\nLil Skies (feat. Rich The Kid) \u2014 \"Creeping\" (2018)\nBurak Yeter \u2014 \"Crash\" (2018)\nKeith Urban (feat. Julia Michaels) \u2014 \"Coming Home\" (2018)\nDiplo \u2014 California (2018)\nNEEDTOBREATHE \u2014 \"Bridges Burn\" (2018)\nE^ST \u2014 \"Blowjob\" (2018)\nSHY Martin \u2014 \"Bad in Common\" (2018)\nThe Shadowboxers \u2014 Apollo (2018)\nVory \u2014 \"9.22\" (2018)\nThe Aces \u2014 \"Waiting for You\" (2018)\nZaytoven (feat. Yung Cakes) \u2014 \"Time Too\" (2018)\nMike Jones \u2014 \"Some Show Me Love\" (2018)\nPete Rock (feat. Amxxr) \u2014 \"Rap Caviar\" (2018)\nRaeLynn \u2014 \"Queens Don't\" (2018)\nSD \u2014 Pay Attention (2018)\nNoname (feat. Sniperghini) \u2014 \"Nikey\" (2018)\nThe Neighbourhood \u2014 The Neighbourhood (2018)\nJose Guapo \u2014 Lingo 2: The Return (2018)\nChief Keef \u2014 The Leek Volume 4 (2018)April 17Lil Yachty \u2014 Lil Boat 2 (2018)\nMigos (feat. Hoodrich Pablo Juan) \u2014 \"Migo Pablo\" (2018)\nFoggieraw \u2014 Fogtavious Vandross (2018)\nGravediggaz \u2014 \"Enter the Graveyard Chamber\" (2018)\nCautious Clay \u2014 \"Cold War (Stripped)\" (2018)\nAJR \u2014 \"Burn the House Down\" (2018)\nWaka Flocka Flame, Zaytoven & Big Bank \u2014 The Brick House Boyz (2018)\nHalsey (feat. Big Sean & Stefflon Don) \u2014 \"Alone\" (2018)\nMary Chapin Carpenter \u2014 Sometimes Just the Sky (2018)April 16Frank Ocean \u2014 Endless (2016)\nHer \u2014 Her (2018)\nZhan\u00e9 \u2014 Pronounced Jah-Nay (1994)\nLSG \u2014 Levert.Sweat.Gill (1997)\nCardi B \u2014 \"Be Careful\" (2018)April 15Tove Styrke (feat. Bj\u00f6rn Yttling) \u2014 \"Say My Name (Acoustic Version)\" (2017)\nTove Styrke \u2014 \"... Baby One More Time\" (2015)\nTove Styrke \u2014 \"liability (demo)\" (2017)\nTove Styrke \u2014 \"Mistakes\" (2017)\nTove Styrke \u2014 \"Changed My Mind\" (2018)\nTove Styrke \u2014 \"Say My Name\" (2017)\nTove Styrke \u2014 \"On the Low\" (2018)\nOutKast \u2014 Southernplayalisticadillacmuzik (1994)\nSteffany Gretzinger \u2014 Blackout (2018)April 14N/AApril 13Doja Cat \u2014 Amala (2018)\nA Tribe Called Quest \u2014 Beats, Rhymes and Life (1996)\nA Tribe Called Quest \u2014 Midnight Marauders (1993)\nJean Grae & Quelle Chris  \u2014 Everything's Fine (2018)April 12Ashley McBryde \u2014 Girl Going Nowhere (2018)April 11Craig Mack (feat. Q-Tip) \u2014 \"Get Down (Q-Tip Remix)\" (1994)\nDamar Jackson \u2014 Unfaithful (2018)\nThe Voidz \u2014 Virtue (2018)April 10DJ Esco \u2014 KOLORBLIND (2018)\nBloodboy \u2014 \"Is Now a Good Time to Ruin Your Life?\" (2018)\nKylie Minogue \u2014 \"Raining Glitter\" (2018)\nHinds \u2014 \"Finally Floating\" (2018)\nAndra Day \u2014 \"I Wish I Knew How It Would Feel to Be Free\" (2018)\nCHVRCHES \u2014 \"Never Say Die\" (2018)\nTinashe (feat. Ty Dolla $ign & French Montana) \u2014 \"Me So Bad\" (2018)\nBillie Eilish \u2014 \"bitches broken hearts\" (2018)\nGrace VanderWaal \u2014 \"Clearly\" (2018)\nTori Kelly (feat. The HamilTones) \u2014 \"Help Us to Love\" (2018)\nLizzo \u2014 \"Fitness\" (2018)\nCassadee Pope \u2014 \"Take You Home\" (2018)\nJessie Reyez (feat. Daniel Caesar) \u2014 \"Figures, a Reprise\" (2018)April 9Henry Green \u2014 Shift (2018)April 8N/AApril 7A$AP Rocky (feat. BlocBoy JB) \u2014 \"Bad Company\" (2018)\nTy Dolla $ign (feat. Gucci Mane & Quavo) - \"Pineapple\" (2018)\nARTY \u2014 \"Rain\" (2018)\nTyler, The Creator \u2014 \"OKRA\" (2018)\nLauv \u2014 \"Chasing Fire\" (2018)April 6Hayley Kiyoko \u2014 Expectations (2018)April 5Rich The Kid \u2014 The World Is Yours (2018)\nKacey Musgraves \u2014 Golden Hour (2018)\nThe Weeknd \u2014 My Dear Melancholy, (2018)\nLouisa (feat. 2 Chainz) \u2014 \"YES\" (2018)\nAlyson Stoner \u2014 \"When It's Right\" (2018)April 4D'Angelo \u2014 Brown Sugar (1995)\nTroop \u2014 Attitude (1989)April 3Christopher Williams \u2014 Changes (1992)April 2Guy \u2014 The Future (1990)\nSilk \u2014 Lose Control (1992)April 1DJ SpinKing (feat. A$AP Ferg, Tyga, Velous & Jeremih) \u2014 \"Adult Swim\" (2014)\nBusta Rhymes & Q-Tip \u2014 The Abstract and the Dragon (2013)MarchMarch 31H-Town \u2014 Fever for da Flavor (1993)March 30The Internet \u2014 Feel Good (2013)\nThe Internet \u2014 Ego Death (2015)March 29N/AMarch 28N/AMarch 27N/AMarch 26N/AMarch 25N/AMarch 24Belly (feat. YG) \u2014 \"4 Days\" (2018)\nThirty Seconds to Mars (feat. A$AP Rocky) \u2014 \"One Track Mind\" (2018)\nKacey Musgraves \u2014 \"High Horse\" (2018)\nShawn Mendes \u2014 \"Lost in Japan\" (2018)\ngrandson \u2014 \"thoughts & prayers\" (2018)\nPanic! At the Disco \u2014 Say Amen for Silver Linings (2018)\nKYLE (feat. Kehlani) \u2014 \"Playinwitme\" (2018)\nAmara La Negra \u2014 \"Insecure\" (2018)\nKeith Urban (feat. Julia Michaels) \u2014 \"Coming Home\" (2018)\nShawn Mendes \u2014 \"In My Blood\" (2018)March 23at Wendys \u2014 We Beefin? (2018)\nTove Styrke \u2014 Kiddo (2018)\nWarhol.SS \u2014 Where's Warhol? (2017)\nMadeinTYO \u2014 True's World (2017)\nStaRR Lyfe \u2014 \"Fuck Tomi Lahren (Shut Up Bitch)\" (2016)\nWarhol.SS \u2014 Warhol 16' (2017)\nWarhol.SS \u2014 3200 (2017)\nJeremih \u2014 The Chocolate Box (2018)March 22Playboi Carti \u2014 \"Shake N Bake\" (2018)\nSammie \u2014 Series 31873.0 (2018)\nMarshmello (feat. Leah Culver) \u2014 \"Fly\" (2018)\nSteffany Gretzinger \u2014 \"Save Me\" (2018)\nJason Derulo \u2014 \"Colors\" (2018)\nFLETCHER \u2014 \"I Believe You\" (2018)\nKYLE \u2014 \"To the Moon\" (2018)\nVince Staples \u2014 \"Get the Fuck Off My Dick\" (2018)\nDROELOE \u2014 \"Many Words\" (2018)\nBuddy (feat. A$AP Ferg) \u2014 \"Black\" (2018)\nPhora \u2014 \"Boss Up\" (2018)\nThe Knocks (feat. Foster The People) \u2014 \"Ride or Die\" (2018)\nNeko Case \u2014 \"Hell-On\" (2018)\nREMMI \u2014 \"Minimum Wage\" (2018)\nmorgxn \u2014 \"translucent\" (2018)\nAshley Monroe \u2014 \"Paying Attention\" (2018)\nThe Aces \u2014 \"Just Like That\" (2018)\nSauce Walka \u2014 \"OK\" (2018)\nTrinidad James \u2014 \"T.I.B.E. (This Is Black Excellence)\" (2018)\nBankroll Fresh \u2014 \"Whole 4\" (2018)\nLoote \u2014 \"Your Side of the Bed\" (2018)\nJP Saxe \u2014 \"The Few Things\" (2018)\nYears & Years \u2014 \"Sanctify\" (2018)\nAlison Wonderland \u2014 \"No\" (2018)\nWifisfuneral \u2014 \"25 Lighters\" (2018)\nJohnny Yukon \u2014 \"Lonely\" (2018)\nYoke Lore \u2014 \"Fake You\" (2018)\nSjowgren \u2014 \"Beginners\" (2018)\nBarns Courtney \u2014 \"Sinners\" (2018)\nBrett Castro \u2014 \"Much About Sadness\" (2018)\nLouis The Child (feat. Joey Purp) \u2014 \"Shake Something\" (2018)\nJordan Hollywood \u2014 \"Cash Out\" (2018)\nParquet Courts \u2014 \"Wide Awake\" (2018)\nWet \u2014 \"There's a Reason\" (2018)\nLiv Dawson \u2014 \"Talk\" (2018)\nDermot Kennedy \u2014 \"Young & Free\" (2018)\nBeach House \u2014 \"Dive\" (2018)\nJon Hopkins \u2014 \"Emerald Rush\" (2018)\nSofi Tukker \u2014 \"Baby I'm a Queen\" (2018)\nTRACES \u2014 \"Before I Wilt\" (2018)\nSpazz Cardigan \u2014 \"Episode\" (2018)\nCXLOE \u2014 \"Monster\" (2018)March 21Necklace \u2014 \"Easy\" (2018)\nGeorge Ezra \u2014 \"Hold My Girl\" (2018)\nSea Girls \u2014 \"Eat Me Whole\" (2018)\nShaylen \u2014 \"Take It Back\" (2018)\nSalt Cathedral \u2014 \"No Love\" (2018)\nLil Jay Brown \u2014 Money Luvin Youngin: The Lick Tape (2018)\nJohn Wic \u2014 One Gunman (2018)\nFamous Dex & Polo Boy Shawty \u2014 When Polo Met Dexter (2018)March 20Astrid S \u2014 Party's Over (Acoustic) (2017)\nBell Biv DeVoe \u2014 Poison (1990)\nMobb Deep \u2014 The Infamous Archives (2007)\nSy Ari da Kid \u2014 After the Heartbreak (2018)March 19Jonathan Wilson \u2014 Rare Birds (2018)\nCurrent Joys \u2014 A Different Age (2018)March 18Cape Cope \u2014 How to Socialise & Make Friends (2018)March 17N/AMarch 16N/AMarch 15Sabrina Carpenter & Jonas Blue \u2014 \"Alien\" (2018)\nKatie Herzig \u2014 Moment of Bliss (2018)March 14Haley Heynderickx \u2014 I Need to Start a Garden (2018)March 13The Breeders \u2014 All Nerve (2018)\nWaka Flocka Flame \u2014 Benjamin Flocka (2011)March 12Moby \u2014 Everything Was Beautiful, and Nothing Hurt (2018)\nThe Undercover Dream Lovers \u2014 In Real Time (2018)\nLarry June \u2014 You're Doing Good (2018)\nMoss Kena \u2014 Found You in 06 (2018)\nJOY. \u2014 Six (2018)March 11N/AMarch 10Mikky Ekko \u2014 ADVANCE COPY EP (2018)\nMargaret Glaspy \u2014 Born Yesterday (2018)\nValee \u2014 GOOD Job, You Found Me (2018)\nSoccer Mommy \u2014 Clean (2018)March 9Nessly \u2014 Wildflower (2018)\nALMA \u2014 Heavy Rules Mixtape (2018)\nSuperorganism \u2014 Superorganism (2018)\nLucius \u2014 NUDES (2018)\nMt. Joy \u2014 Mt. Joy (2018)March 8Tory Lanez \u2014 MEMORIES DON'T DIE (2018)March 7B5 \u2014 B5 (2005)\nDigable Planets \u2014 Blowout Comb (1994)March 6Digable Planets \u2014 Reachin' (A New Refutation of Time and Space) (1993)\nB2K \u2014 B2K (2002)March 5Sophie Rose \u2014 \"Pink Lipstick\" (2018)\nSubway \u2014 Good Times (1995)\nKatelyn Tarver \u2014 \"Never Fade\" (2018)\nCasey Veggies (feat. 03 Greedo) \u2014 \"Broke\" (2018)\nUnoTheActivist (feat. Rich The Kid) \u2014 \"Fabo (Remix)\" (2018)\nMadge \u2014 \"Fight or Flight Club\" (2018)\nFrankie Simone \u2014 \"War Paint\" (2018)\nFunky Craig & Tommie Sunshine \u2014 \"Where the Drums At\" (2018)\nBOBI ANDONOV \u2014 \"Smoke\" (2018)\nMolly Moore \u2014 \"Tough Love\" (2018)\nMaths Time Joy (feat. Flores) \u2014 \"Going Nowhere\" (2018)\nWhat So Not (feat. Winona Oak) \u2014 \"Beautiful\" (2018)\nSaba \u2014 \"Busy\" (2018)\nTV Noise (feat. Drew Love) \u2014 \"Run\" (2018)\nNow, Now \u2014 \"AZ\" (2018)\nAmber Mark \u2014 \"Love Me Right\" (2018)\nNorthern Faces \u2014 \"Firecracker\" (2018)\nCarlos Vara \u2014 \"Numb\" (2018)\nThe Neighbourhood \u2014 \"Nervous\" (2018)\npronoun \u2014 \"run\" (2018)\nXXXTENTACION \u2014 \"changes\" (2018)\nYoung Fathers \u2014 \"Toy\" (2018)\nEBEN \u2014 \"LAMBO\" (2018)\nFickle Friends \u2014 \"Wake Me Up\" (2018)\nXXXTENTACION \u2014 \"SAD!\" (2018)\nZaytoven (feat. Ty Dolla $ign, Jeremih & OJ da Juiceman) \u2014 \"What You Think\" (2018)\nHoodrich Pablo Juan (feat. Gucci Mane) \u2014 \"We Don't Luv Em (Remix)\" (2018)\nSmooky MarGielaa \u2014 \"Smooky's Story\" (2018)\nSauce Walka \u2014 \"Sauce Baby\" (2018)\nLil Yachty (feat. Digital Nas) \u2014 \"Revenge\" (2018)\nFlatbush Zombies \u2014 \"Headstone\" (2018)\nKap G & Hoodrich Pablo Juan \u2014 \"Boss Luv\" (2018)\nJose Guapo (feat. Young Scooter) \u2014 \"Blame It on the Streets\" (2018)\nMiriam Bryant \u2014 \"Black Car\" (2018)\nnothing,nowhere. \u2014 \"hammer\" (2018)\nCoast Modern \u2014 \"Electric Feel\" (2018)\nGodsmack \u2014 \"Bulletproof\" (2018)\nThe Moondoggies \u2014 \"Sick in Bed\" (2018)\nHawthorne Heights \u2014 \"Pink Hearts\" (2018)\nEverette \u2014 \"Slow Roll\" (2018)\nNatalie Prass \u2014 \"Short Court Style\" (2018)\nFedel \u2014 Gold Package (2018)\nThe Blaze \u2014 \"HEAVEN\" (2018)\nThe Kills \u2014 \"Steppin' Razor\" (2018)\nThe Kills \u2014 \"List of Demands (Reparations)\" (2018)March 4Little Dragon \u2014 \"Best Friends\" (2018)\nRyan Kinder \u2014 \"Leap of Faith\" (2018)\nSmokepurpp & Murda Beatz \u2014 \"123\" (2018)\nTom Misch (feat. De La Soul) \u2014 \"It Runs Through Me\" (2018)\nSG Lewis \u2014 \"Coming Up\" (2018)\nRudy Mancuso & Maia Mitchell \u2014 \"Magic\" (2018)\nJordan Davis \u2014 \"Going 'Round\" (2018)\nLA Riots \u2014 Do Your Thing/All Good (2018)\nJoyner Lucas & Chris Brown \u2014 \"Stranger Things\" (2018)\nFisher \u2014 \"Crowd Control\" (2018)\nMVEK \u2014 \"Tongue\" (2018)\nFlo Rida \u2014 \"Dancer\" (2018)\nJack White \u2014 \"Over and Over and Over\" (2018)\nGucci Mane (feat. Migos & Lil Yachty) \u2014 \"Solitaire\" (2018)\nMeghan Trainor \u2014 \"No Excuses\" (2018)\nCHVRCHES (feat. Matt Berninger) \u2014 \"My Enemy\" (2018)\nDJ Khaled (feat. JAY Z, Future & Beyonc\u00e9) \u2014 \"Top Off\" (2018)\nZapp \u2014 Zapp II (1982)\nIllegal \u2014 The Untold Truth (1993)\nAnother Bad Creation \u2014 It Ain't What U Wear, It's How U Play It (1993)\nAnother Bad Creation \u2014 Coolin' at the Playground Ya Know! (1991)\nZapp \u2014 Zapp (1980)\nMarqo 2 Fresh \u2014 Marqo da Monster (2016)\nN II U \u2014 N II U (1994)March 3Young Nudy (feat. Hoodrich Pablo Juan) \u2014 \"Do It\" (2016)\nRX Peso \u2014 Rixh Drugs (2018)March 2Playboi Carti \u2014 \"Shawty in Love\" (2018)\nConfetti \u2014 \"People Suck\" (2018)\nMax Frost \u2014 \"Good Morning\" (2018)\nSvrcina \u2014 \"Whispers\" (2018)\nRamz \u2014 \"Power\" (2018)\nJake Miller (feat. Jabbar Hakeem) \u2014 \"The Girl That's Underneath\" (2018)\nSigala (feat. Paloma Faith) \u2014 \"Lullaby\" (2018)\nVanJess (feat. Berhana & Leikeli47) \u2014 \"Easy\" (2018)\nYung Fume & Zaytoven (feat. Young Nudy) \u2014 \"Something Else\" (2018)\nTimeflies \u2014 \"Are You Down\" (2018)\nPentatonix \u2014 \"Havana\" (2018)\nTritonal (feat. Riley Clemmons) \u2014 \"Out My Mind\" (2018)\nPreme \u2014 \"No Defeat\" (2018)\nSki Mask The Slump God \u2014 \"DoIHaveTheSause?\" (2018)\nSophie Simmons \u2014 \"Black Mirror\" (2018)\nThe Night Game \u2014 \"Bad Girls Don't Cry\" (2018)\nClara Mae \u2014 \"I Forgot\" (2018)\nGeorge Taylor \u2014 \"Stay Warm\" (2018)\nKLP (feat. Milwaukee Banks) \u2014 \"Carried Away\" (2018)\nHembree \u2014 \"Continents\" (2018)\nCarlie Hanson \u2014 \"Us\" (2018)\nVancouver Sleep Clinic \u2014 \"Ayahuasca\" (2018)\nAlex Lustig (feat. Akacia) \u2014 \"In the End\" (2018)\nRobinson \u2014 \"Nothing to Regret\" (2018)\nNessly (feat. Joji) \u2014 \"Make It Right\" (2018)\nNoMBE (feat. Big Data) \u2014 \"Drama\" (2018)\nRAYE, Mabel & Stefflon Don \u2014 \"Cigarette\" (2018)\nRiz La Vie \u2014 \"Napkins\" (2018)\nJOHN.k \u2014 \"Best of Me\" (2018)\nYuno \u2014 \"No Going Back\" (2018)\nEmma McGrath \u2014 \"Love You Better\" (2018)\nSuperorganism \u2014 \"Reflections on the Screen\" (2018)\nKing Princess \u2014 \"1950\" (2018)\nMickey Shiloh (feat. Rami Beatz) \u2014 \"Funny When\" (2018)\nJade Bird \u2014 \"Lottery (Acoustic)\" (2018)\nRay J (feat. Kid Ink) \u2014 \"Feeling Like Love\" (2018)\nFoggieraw (feat. DJ Yung Vamp) \u2014 \"Moncler Bubble\" (2018)\nThe Aces \u2014 \"Lovin Is Bible\" (2018)\nNoel Gallagher's High Flying Birds \u2014 \"God Help Us All (Demo Version)\" (2018)\nNohidea & killedmyself \u2014 \"and then, it swallowed me\" (2018)\nSpice 1 \u2014 \"2 Many Movies\" (2018)\nHaux \u2014 \"Ricochet\" (2018)\nAshley Monroe \u2014 \"Hands on You\" (2018)\nZilo \u2014 \"Keep Up Wimi\" (2018)\n24hrs (feat. Lil Pump) \u2014 \"Lie Detector\" (2018)\nJanelle Mon\u00e1e \u2014 \"Django Jane\" (2018)\nGASHI \u2014 \"1134\" (2018)\nCeeLo Green \u2014 \"Brick Road\" (2018)\nLewis Capaldi (feat. Jessie Reyez) \u2014 \"Rush\" (2018)\nKacey Musgraves \u2014 \"Space Cowboy\" (2018)\nBishop Briggs \u2014 \"White Flag\" (2018)\n5 Seconds of Summer \u2014 \"Want You Back\" (2018)\nBazzi \u2014 \"Gone\" (2018)\nDavid Guetta, Martin Garrix & Brooks \u2014 \"Like I Do\" (2018)\nKacey Musgraves \u2014 \"Buterflies\" (2018)\nJanelle Mon\u00e1e \u2014 \"Make Me Feel\" (2018)\nLogic \u2014 \"44 More\" (2018)\nPost Malone (feat. Ty Dolla $ign) \u2014 \"Psycho\" (2018)\nStalley \u2014 Tell the Truth Shame the Devil, Vol. 2 (2018)\nStalley \u2014 Tell the Truth Shame the Devil (2017)\nCautious Clay \u2014 Blood Type (2018)March 1Holly Miranda \u2014 Mutual Horse (2018)\nCaroline Rose \u2014 LONER (2018)\nBea Miller \u2014 aurora (2018)FebruaryFebruary 28B.o.B \u2014 B.o.B Presents: The Adventures of Bobby Ray (2010)\nYoung Nudy \u2014 Nudy Land (2017)\nBeyonc\u00e9 \u2014 B'Day (2006)\nDENM \u2014 Is Whatever (2018)February 27Snoop Dogg\u2014 220 (2018)\nKendrick Lamar, The Weeknd & SZA \u2014 Black Panther: The Album (Music from and Inspired By) (2018)\nYoung Nudy \u2014 Slime Ball 2 (2017)\nYoung Nudy \u2014 Slime Ball (2016)February 26Tinashe \u2014 Aquarius (2014)\nFat Joe & Remy Ma (feat. French Montana, InfaRed, Snoop Dogg, The Game & E-40) \u2014 \"All the Way Up (Westside Remix)\" (2016)\nPale Waves  \u2014 ALL THE THINGS I NEVER SAID (2018)\nKero Kero Bonito \u2014 TOTEP (2018)\nSonder \u2014 Into (2017)\nRavyn Lenae \u2014 Crush EP (2018)\nCharlotte Day Wilson \u2014 Stone Woman (2018)\nGood Gas \u2014 Good Gas, Vol. 1 EP (2018)\n2 Chainz \u2014 The Play Don't Care Who Makes It (2018)\nBoA \u2014 ONE SHOT, TWO SHOT - The 1st Mini Album (2018)February 256ix9ine \u2014 DAY69 (2018)\nVarious Artists \u2014 Fifty Shades Freed (Original Motion Picture Soundtrack) (2018)\nA$AP Ant \u2014 The Prelude (2018)\nHoodrich Pablo Juan & Brodinski \u2014 The Matrix (2018)February 24Scrape Gang Marcos (feat. Marqo 2 Fresh) \u2014 \"Went to Sleep\" (2017)\nTimbaland & Magoo \u2014 Welcome to Our World (1997)\nPlaya \u2014 Cheers 2 U (1998)\nTha Dogg Pound \u2014 Dogg Food (1995)\nMadilyn Bailey \u2014 Wiser EP (2016)\nPi'erre Bourne \u2014 \"Hacked My Instagram, Pts. 1 & 2\" (2017)February 23DrugRixh Hect (RX Hector) \u2014 Hector Vol. 1 (2017)\nFlatlinerz \u2014 U.S.A. (1994)\nGravediggaz \u2014 6 Feet Deep (1994)\nJoe \u2014 All That I Am (1997)\nAmil \u2014 A.M.I.L. (All Money Is Legal) (2000)February 22Wale \u2014 Summer on Sunset (2016)\nRay J \u2014 All I Feel (2008)\nValerie June \u2014 For the Loved & Loveless (2018)\nMadison McFerrin \u2014 Finding Foundations Vol. II (2018)February 21DrugRixh Hect (RX Hector) \u2014 Ian Never Had Shit (2016)\nUgly God (feat. PnB Rock) \u2014 \"Imma Dog\" (2018)\nSean Paul & David Guetta (feat. Becky G) \u2014 \"Mad Love\" (2018)\nTory Lanez \u2014 \"B.I.D\" (2018)\nWale \u2014 \"All Star Break Up\" (2018)\nTinashe (feat. Future) \u2014 \"Faded Love\" (2018)\nYG \u2014 \"Suu Whoop\" (2018)February 20Kim Petras \u2014 \"Heart to Break\" (2018)\nSammi Sanchez (feat. Reykon) \u2014 \"Pum Pum\" (2018)\nSOPHIE \u2014 \"Faceshopping\" (2018)\nDerek Minor \u2014 \"It Is What It Is\" (2018)\nMadilyn Bailey \u2014 \"Tetris\" (2018)\nSofia Reyes (feat. Jason Derulo & De La Ghetto) \u2014 \"1, 2, 3\" (2018)\nThe Neighbourhood \u2014 \"Void\" (2018)\nPRETTYMUCH \u2014 \"10,000 Hours\" (2018)\nLauv \u2014 \"Getting Over You\" (2018)\nKhalid & Normani \u2014 \"Love Lies\" (2018)\nFrank Ocean \u2014 \"Moon River\" (2018)\nA$AP Rocky (feat. 21 Savage, Gucci Mane & London on da Track) \u2014 \"Cocky\" (2018)\nPi'erre Bourne \u2014 \"Honeyberry\" (2017)\nPi'erre Bourne \u2014 \"Hacked My Instagram\" (2018)February 19N/AFebruary 18N/AFebruary 17N/AFebruary 16N/AFebruary 15Alyson Stoner \u2014 \"Someone to Call My Lover\" (2018)February 14Rome \u2014 Rome (1997)February 13DJ Paul & Lord Infamous \u2014 Come With Me to Hell: Part 1 (Remastered) (2014)\n6LACK \u2014 \"Cutting Ties\" (2018)\nMindless Behavior \u2014 All Around the World (2013)\nDJ Paul & Lord Infamous \u2014 Come With Me to Hell 2 (1995)\nJoe \u2014 Ain't Nothin' Like Me (2007)February 12DJ Paul & Lord Infamous \u2014 Come With Me to Hell (1994)\nMarshmello & Anne-Marie \u2014 \"FRIENDS\" (2018)\nLotto Savage \u2014 Don Slaughter (2016)\nMonica \u2014 After the Storm (2003)\nGianna Adams (feat. Jhen) \u2014 \"Fallen\" (2018)February 11Thouxanbanfauni \u2014 Heavy (2015)\nThouxanbanfauni \u2014 Untitled (2016)\nBrandy \u2014 Afrodisiac (2004)\nAugust Alsina \u2014 Testimony (2014)\nThouxanbanfauni \u2014 Heavier EP (2015)\nThouxanbanfauni \u2014 34 EP (2016)\nKeith Sweat (feat. K-Ci) \u2014 \"How Many Ways\" (2018)\nParliament (feat. Scarface) \u2014 \"I'm Gon Make U Sick O'Me\" (2018)\nTrinidad James \u2014 \"Zion\" (2018)\nK. Michelle (feat. Nathan Jain) \u2014 \"Make This Song Cry (Nathan Jain Remix)\" (2018)\nHoodrich Pablo Juan (feat. Lil Dude & Goonew) \u2014 \"Take Down\" (2018)\nSherwood Marty \u2014 \"Wild'n\" (2018)\nMadeinTYO \u2014 \"Picture Me Rollin\" (2018)\nSnoop Dogg (feat. Tye Tribbett) \u2014 \"You\" (2018)\nOnyx (feat. Skyzoo) \u2014 \"Ima Fuckin Rockstar\" (2018)February 10Jennifer Lopez \u2014 \"Us\" (2018)\nThe Aces \u2014 \"Volcanic Love\" (2018)\nTedashii \u2014 \"Smile\" (2018)\nFireflight \u2014 \"I Won't Look Back\" (2018)\nDorothy \u2014 \"Who Do You Love\" (2018)\nSonder \u2014 \"One Night Only\" (2018)\ngrandson \u2014 \"Overdose\" (2018)\nAu/Ra \u2014 \"Panic Room\" (2018)\nKing Combs (feat. Chris Brown) \u2014 \"Love You Better\" (2018)\nNe-Yo \u2014 \"GOOD MAN\" (2018)\nRich The Kid \u2014 \"Plug Walk\" (2018)\nNoah Cyrus (feat. M\u00d8) \u2014 \"We Are...\" (2018)\nA-Trak & Falcons (feat. Young Thug & 24hrs) \u2014 \"Ride for Me\" (2018)\nBrent Faiyaz \u2014 \"Make Luv\" (2018)\nCalvin Harris (feat. PARTYNEXTDOOR) \u2014 \"Nuh Ready Nuh Ready\" (2018)\nBilly Paul \u2014 360 Degrees of Billy Paul (1972)\nJustin Timberlake \u2014 The 20/20 Experience - 2 of 2 (2013)February 9Goonew \u2014 Goonwick (2018)\nMiilkbone \u2014 da' Miilkrate (1995)February 8Justin Timberlake \u2014 The 20/20 Experience (2010)\nARY \u2014 \"Childhood Dreams\" (2017)\nBell Biv DeVoe \u2014 \"Gangsta\" (1993)\nAnjali World \u2014 Brave New World (2015)\nSabrina Carpenter \u2014 \"Smoke and Fire\" (2016)\nHodgy \u2014 Fireplace: TheNotTheOtherSide (2016)\nThe Aces \u2014 I Don't Like Being Honest (2017)\n69 Boyz \u2014 199Quad (1994)\nKeyshia Cole \u2014 11:11 Reset (2017)February 7The Isley Brothers \u2014 3+3 (1973)\nMike Jones \u2014 Who Is Mike Jones? (Screwed & Chopped) (2005)\nDa Youngsta's \u2014 I'll Make U Famous (1995)\nTwista \u2014 Adrenaline Rush (1997)February 63LW \u2014 3LW (2000)\nBeyonc\u00e9 \u2014 4 (2012)\nR. Kelly \u2014 12 Play (1993)\nB.O.N.E. Enterpri$e (Bone Thugs-N-Harmony) \u2014 Faces of Death (1993)\nMindless Behavior \u2014 #1 Girl (2011)February 5Nebu Kiniza \u2014 \"Gassed Up\" (2016)\nCharlotte Lawrence \u2014 \"The Finish Line\" (2014)\nCharlotte Lawrence \u2014 \"Ever After\" (2015)\nJahi Winston \u2014 \"Shine\" (2017)\nTeairra Mar\u00ed \u2014 \"Deserve\" (2014)\nSchool Gyrls (FOREVER) \u2014 A Very School Gyrls Holla-Day (2010)\nA1 (feat. Chris Brown & Ty Dolla $ign) \u2014 \"Always\" (2017)\nKendrick Lamar \u2014 DAMN. (2017)\nChance The Rapper \u2014 Coloring Book (2016)\nBooby Gibson (feat. Brooke Valentine) \u2014 \"Nobody Knows\" (2017)\nMigos & Hoodrich Pablo Juan \u2014 \"I Can\" (2017)\nMigos \u2014 Culture (2017)\nZoey Dollaz \u2014 M'ap Boule (2017)\nSki Mask The Slump God \u2014 YouWillRegret (Reloaded) (2018)\nBront\u00eb \u2014 \"Salt\" (2017)\nHailee Steinfeld & BloodPop\u00ae \u2014 \"Capital Letters\" (2018)\nBront\u00eb \u2014 \"You've Got a Ticket\" (2017)February 4Playboi Carti & Lil Uzi Vert \u2014 \"Break the Bank\" (2017)\nBishop Briggs \u2014 \"Never Tear Us Apart\" (2018)\nQuinn XCII \u2014 \"Iron & Steel\" (2018)\nBrandi Carlile \u2014 \"Whatever You Do\" (2018)\nSarah Reeves \u2014 \"Feel the Waters\" (2018)\nBusta Rhymes (feat. Missy Elliott & Kelly Rowland) \u2014 \"Get It\" (2018)\nRick Ross (feat. T-Pain & Kodak Black) \u2014 \"Florida Boy\" (2018)\nRaeLynn \u2014 \"Festival\" (2018)\nThe Weeknd & Kendrick Lamar \u2014 \"Pray for Me\" (2018)\nMolly Parden \u2014 \"Who Did You Leave for Me\" (2018)\nCaitlyn Canty \u2014 \"Motel\" (2018)\nCaroline Rose \u2014 \"Getting to Me\" (2018)\nFitness \u2014 \"Matter of Time\" (2018)\nThunderpussy \u2014 \"Torpedo Love\" (2018)\nTrinidad Cardona \u2014 \"Dinero\" (2018)\nDoja Cat \u2014 \"Roll With Us\" (2018)\nTK Kravitz (feat. Jacquees) \u2014 \"Ocean\" (2018)\nCLOVES \u2014 \"Bringing the House Down\" (2018)\n3LAU & Nevve \u2014 \"On My Own\" (2018)\nSasha Sloan \u2014 \"Normal\" (2018)\nBone Thugs-N-Harmony \u2014 Strength & Loyalty (2007)February 3Tay-K \u2014 \"After You\" (2018)\nSWV \u2014 It's About Time (1992)\nSammie \u2014 Coming of Age (2017)\nMariah Carey \u2014 The Emancipation of Mimi (2005)February 2Members Only \u2014 Members Only, Vol. 3 (2017)\nJeremih & Chance The Rapper \u2014 Merry Christmas Lil' Mama (Re-Wrapped) (2017)\nPrivate Club Records \u2014 ILUVTPC V1 (2017)\nSauce Walka \u2014 Holy Sauce (2016)\nChris Brown, OHB & Section Boyz \u2014 Attack the Block (2016)\nGoonew \u2014 Certified Goon (2017)\nChris Brown & OHB \u2014 Before da Trap: Nights in Tarzana (2016)February 1Zoedajit \u2014 \"Dracula\" (2017)\n24hrs \u2014 \"RUNNIN 3X\" (2016)\n24hrs \u2014 \"Last Man\" (2016)\nYRN Lingo \u2014 Strawberry (2017)\nYRN Lingo \u2014 Coming for Your Ice (2015)\nYRN Lingo \u2014 Blue Ski (2016)\nPlies \u2014 The Pussy Monster (2008)\nYRN Lingo \u2014 Red Ski (2015)JanuaryJanuary 31Mango Foo \u2014 Ear Hustling (2016)\nCharlotte Lawrence \u2014 \"Seventeen\" (2017)\nMoon Taxi \u2014 Let the Record Play (2018)\nEmmanuel Hudson & Phillip Hudson \u2014 Ratchet Du Soleil (2014)\nSiR \u2014 November (2018)January 30Ray J & Chris Brown \u2014 Burn My Name (2017)\nFall Out Boy \u2014 M A\u2002N \u2002I\u2002\u2002A (2018)\nNoname \u2014 Telefone (2016)January 29YRN Lingo \u2014 Lingo Mufasa (2017)\nFamous Dex \u2014 Read About It (2017)\nUnoTheActivist \u2014 Sorry for the Wait (Brooke's Interlude) (2017)\nKailee Morgue \u2014 Medusa (2018)\nJulia Michaels \u2014 \"Heaven\" (2018)\nCharlotte Lawrence \u2014 \"Sleep Talking\" (2017)\nLEYYA \u2014 Sauna (2018)\nCaitlyn Smith \u2014 Starfire (2018)\nMILCK \u2014 This Is Not the End (2018)\nFirst Aid Kit \u2014 Ruins (2018)\nFor All Seasons \u2014 Clarity (2018)January 28Ivy Sole \u2014 Eden (2016)\nIvy Sole \u2014 West (2017)January 27UnoTheActivist \u2014 Gift of Gab (2015)\nUnoTheActivist & Thouxanbanfauni \u2014 For Christ Sake (2015)\nRavyn Lenae \u2014 Moon Shoes EP (2016)\nA$AP Ant \u2014 \"Racks on Me\" (2017)\nTory Ruperto \u2014 Ruined (2018)January 26Rayana Jay \u2014 Morning After (2017)\nCharlotte Lawrence \u2014 \"You're the One That I Want\" (2017)\nKent Jones \u2014 \"Merengue\" (2018)\nAce Hood \u2014 \"Uber\" (2018)\nCharlotte Day Wilson \u2014 \"Nothing New\" (2018)\nThe Aces \u2014 \"Fake Nice\" (2018)\nI'm With Her \u2014 \"Overland\" (2018)\nIDK (feat. Leo Gee) \u2014 \"Vlone\" (2018)\nCharlotte Lawrence \u2014 \"Just the Same\" (2018)\nElohim \u2014 \"Fuck Your Money\" (2018)\nZaytoven \u2014 Trapping Made It Happen (2017)\nBeyonc\u00e9 \u2014 LEMONADE (2016)\nVarious Artists \u2014 Damn Son Where'd You F!nd Th!s: Elevate & Extravagant Edition (2018)\nMarqo 2 Fresh \u2014 30 Nights in LA (2018)\nBruno Mars \u2014 \"The Lazy Song (Single Version)\" (2011)\nBruno Mars \u2014 Doo\u2014Wops & Hooligans (2010)January 25Jamila Woods \u2014 HEAVN (2017)\nTammy Rivera \u2014 \"All These Kisses\" (2017)\nPell \u2014 girasoul (2017)\nAlina Baraz (feat. Khalid) \u2014 \"Electric\" (2017)\nTammy Rivera (feat. Rico Love) \u2014 \"Only One\" (2017)January 24Ta-ku & Wafia \u2014 (m)edian (2016)\nQueen Naija \u2014 \"Medicine\" (2017)\nLIVVIA (feat. Quavo) \u2014 \"Catch a Body\" (2018)January 23Wafia \u2014 XXIX (2015)\nCasey Veggies \u2014 Customized Greatly Vol. 2 (2009)\nSandra Lynn \u2014 Fight (2018)\nLil Dude \u2014 Martin Luther Luciano (2018)January 22Casey Veggies \u2014 Customized Greatly Vol. 1 (2007)\nTinashe (feat. Iggy Azalea) \u2014 \"All Hands on Deck (Remix)\" (2015)January 21Taylor Swift \u2014 reputation (2017)\nJay Z \u2014 4:44 (2017)\nSonder \u2014 Sheath (2016)\nSonder \u2014 Undone (2016)\nSonder \u2014 Victoria (2016)January 20Wafia \u2014 VIII (2018)\nFredo Santana \u2014 Fredo Kruger (2013)\nAZ \u2014 Doe or Die (1995)\nEazy-E \u2014 It's On (Dr. Dre) 187um Killa (1993)\nTyler, The Creator \u2014 \"Fuck Love\" (2009)\nTTDD (Tyler, The Creator, Taco, Domo Genesis & Jasper Dolphin) \u2014 \"Love in da Mall\" (2010)\nMac Bari \u2014 \"Fuck Bron Bron\" (2016)\nFredo Santana \u2014 It's a Scary Site (2012)\nToni Braxton \u2014 \"Deadwood\" (2017)\nEarl St. Clair \u2014 \"Christmas Without You\" (2017)\nAnderson East \u2014 \"Girlfriend\" (2018)\nDrake \u2014 Scary Hours (2018)\nRemy Ma (feat. Chris Brown) \u2014 \"Melanin Magic (Pretty Brown)\" (2018)\nNipsey Hussle (feat. YG) \u2014 \"Last Time That I Checc'd\" (2018)\nLucy Dacus \u2014 \"Addictions\" (2018)\nKassi Ashton \u2014 \"California, Missouri\" (2018)\nLolo Zoua\u00ef \u2014 \"Blue\" (2018)\nBetty Who \u2014 \"Ignore Me\" (2018)\nRita Ora \u2014 \"PROUD\" (2018)\nBella Thorne \u2014 \"Burn So Bright\" (2018)\nUgly God & Jacin Trill \u2014 \"lettetznow\" (2018)\nArty (feat. April Bender) \u2014 \"Sunrise\" (2018)\nKeith Urban \u2014 \"Parallel Love\" (2018)\nThe Chainsmokers \u2014 \"Sick Boy\" (2018)\nTroye Sivan \u2014 \"The Good Side\" (2018)\nJustin Timberlake \u2014 \"Supplies\" (2018)January 19OG Maco & Key! \u2014 Give Em Hell (2014)\nVarious Artists \u2014 Above the Rim Soundtrack (1994)\nLudacris \u2014 Battle of the Sexes (2010)\nJack Mushroom \u2014 One Up (2012)January 18MC Lyte \u2014 Ain't No Other (1993)\nHeltah Skeltah \u2014 Nocturnal (1996)\nTinashe (feat. Offset) \u2014 \"No Drama\" (2018)January 17Tyler, The Creator \u2014 \"Sleep Freestyle\" (2009?)\nChris Brown \u2014 Heartbreak on a Full Moon Deluxe Edition: Cuffing Season - 12 Days of Christmas (2017)January 16Yaggfu Front \u2014 Action Packed Adventure! (1993)\nChannel Live \u2014 Station Identification (1995)January 15Chris Brown \u2014 Royalty (2015)\nKeith Ape & Ski Mask The Slump God \u2014 \"Achoo!\" (2017)\nNo Plug (feat. 21 Savage) \u2014 \"A Savage\" (2017)\nFlatbush ZOMBiES (feat. Deadcats) \u2014 \"Aries\" (2016)\nMiranda Cosgrove \u2014 \"Dancing Crazy\" (2010)\nMiranda Cosgrove \u2014 \"Raining Sunshine\" (2009)\nKaty Perry (feat. Skip Marley) \u2014 \"Chained to the Rhythm\" (2017)\nKap G \u2014 \"Rings\" (2017)\nKate Kay Es \u2014 \"Working\" (2017)\nNebu Kiniza (feat. Lil Yachty) \u2014 \"Wake Up\" (2017)\nJessie J \u2014 \"Queen\" (2017)\nTeenage Wrist \u2014 \"Swallow\" (2017)\nSigrid \u2014 \"Strangers\" (2017)\nJohn Legend \u2014 \"Woodstock\" (2017)\nPell \u2014 \"chirpin'\" (2017)\nMILCK \u2014 \"Quiet\" (2017)\nNipsey Hussle (feat. Swizz Beatz) \u2014 \"Been Down\" (2017)\nDJ Premier (feat. A$AP Ferg) \u2014 \"Our Streets\" (2017)\nSmooky MarGielaa \u2014 \"Hood\" (2017)\nPLAZA \u2014 \"Pick Up\" (2017)\nGorillaz (feat. Little Simz) \u2014 \"Garage Palace\" (2017)\nautumn keys \u2014 \"i can't move\" (2016)\nCLAY \u2014 \"Forgotten How to Fly\" (2017)\nClean Bandit (feat. Julia Michaels) \u2014 \"I Miss You\" (2017)\nHappy Sometimes \u2014 \"Love for the Weekend\" (2017)\nAlina Baraz \u2014 \"Lavender and Velvet\" (2017)\nAlina Baraz \u2014 \"Buzzin\" (2017)\nLamb Saga (feat. Pi'erre Bourne) \u2014 \"You Neva Know\" (2014)\nDrugRixh Scarfo da Plug (Scarfo da Plug) [feat. DrugRixh Pe$o (RX Peso)] \u2014 \"Happier\" (2017)\nHayley Kiyoko \u2014 \"Sleepover\" (2017)\nKate Kay Es \u2014 \"Love Too Hard\" (2017)\nTyga \u2014 \"Temperature\" (2017)\nThe Black Eyed Peas \u2014 \"STREET LIVIN'\" (2018)\nK CAMP \u2014 \"Cranberry Juice\" (2018)\nChris Bloom \u2014 \"Learning Curve\" (2017)\nSmooky MarGielaa \u2014 \"Money Talk\" (2017)\nPLAZA \u2014 \"All Mine\" (2017)\nYG (feat. DJ Mustard) \u2014 \"Pop It, Shake It\" (2017)\nHaley Georgia \u2014 \"Shots\" (2017)\nKatelyn Tarver \u2014 \"Planez\" (2016)\nRachel Platten \u2014 \"Broken Glass\" (2017)\nKiiara (feat. Felix Snow) \u2014 \"Whippin\" (2017)\nGianna Adams \u2014 \"Dear Santa\" (2017)\nAlessia Cara \u2014 \"How Far I'll Go\" (2016)\n24hrs \u2014 \"You Know\" (2016)\n24hrs (feat. Gucci Mane) \u2014 \"Not Impressed\" (2016)\nSpiffy Global (feat. Rizzoo Rizzoo & Sauce Walka) \u2014 \"Spill Wit It\" (2017)\nSmooky MarGielaa \u2014 \"The Judge\" (2017)\nJazmine Sullivan (feat. Bryson Tiller) \u2014 \"Insecure\" (2017)\nWillow \u2014 \"F Q\u2014C # 7\" (2015)\nWillow \u2014 \"I Am Me\" (2012)\nLouisa Johnson \u2014 \"Forever Young\" (2015)\nAlicia Eris \u2014 \"Sweet Kill\" (2018)\nSmooky MarGielaa \u2014 \"Vlone Flex\" (2018)January 14Chris Brown & Tyga \u2014 Fan of a Fan: The Album (2015)\nCamila Cabello \u2014 Camila (2018)January 13The Neighbourhood \u2014 To Imagine (2018)\nThe Neighbourhood \u2014 Hard (2017)\nJade Bird \u2014 Something American (2017)\nCreek Boyz \u2014 \"Trap Digits\" (2018)\nJustine Skye \u2014 \"Heaven\" (2018)\nHayley Kiyoko \u2014 \"Curious\" (2018)\nRhye \u2014 \"Song for You\" (2018)\nGASHI \u2014 \"Used to Be\" (2018)\nFirst Aid Kit \u2014 \"Ruins\" (2018)\nAudrey Assad \u2014 \"Drawn to You\" (2018)\nJade Bird \u2014 \"Lottery\" (2018)January 12Dua Lipa \u2014 \"IDGAF\" (2018)\nCodes \u2014 Club Meditation (2018)\nEminem (feat. 2 Chainz & Phresher) \u2014 \"Chloraseptic (Remix)\" (2018)\nKali Uchis (feat. Tyler, The Creator & Bootsy Collins) \u2014 \"After the Storm\" (2018)\nTroye Sivan \u2014 \"My My My!\" (2018)\nJay Rock, Kendrick Lamar & Future \u2014 \"King's Dead\" (2018)\nVarious Artists \u2014 Christmas on Death Row (1996)\nMad Flava \u2014 From tha Ground Unda (1994)\nChris Brown \u2014 Before the Party (2015)January 11OCHO AOK \u2014 \"Cookin'\" (2017)\nChris Brown \u2014 X Files (2013)January 10Chris Brown \u2014 X (2014)\nChris Brown \u2014 Fortune (2012)January 9Machine Gun Kelly \u2014 bloom (2017)\nGucci Mane \u2014 El Gato: The Human Glacier (2017)\nTravis Scott & Quavo \u2014 Huncho Jack, Jack Huncho (2017)\nNohidea & Sleepdealer \u2014 Nowhere (2017)\nSmoke Trees \u2014 Best of Tinder-Dates (2017)\nAyo & Teo \u2014 \"Like Us\" (2017)\nSwoope \u2014 \"Never Left\" (2017)\nCassie \u2014 \"Don't Play It Safe\" (2017)\nSnoop Dogg & Boyz II Men \u2014 \"Santa Claus Goes Straight to the Ghetto 2017\" (2017)\nMigos \u2014 \"Stir Fry\" (2017)\nCardi B (feat. 21 Savage) \u2014 \"Bartier Cardi\" (2017)January 824hrs \u2014 Open EP (2016)\nVarious Artists \u2014 Murder Was the Case Soundtrack (1994)\nVarious Artists \u2014 The Show Soundtrack (1995)\nChris Brown \u2014 F.A.M.E. (2011)\nLucy Dacus \u2014 \"Night Shift\" (2017)\nWafia \u2014 \"Only Love\" (2017)\nCreek Boyz (feat. Lil Yachty) \u2014 \"With My Team (Remix)\" (2017)\nSylvan Esso \u2014 \"There Are Many Ways to Say I Love You\" (2017)\nTimbaland (feat. 6LACK) \u2014 \"Grab the Wheel\" (2017)\nKim Petras (feat. lil aaron) \u2014 \"Faded\" (2017)\nCharli XCX \u2014 Pop 2 (2017)\nN.E.R.D \u2014 NO_ONE EVER REALLY DIES (2017)\nEminem \u2014 Revival (2017)January 7Hoodrich Pablo Juan \u2014 Master Sensei (2016)January 6Hoodrich Pablo Juan \u2014 Rich Hood (2018)\nCaitlyn Smith \u2014 \"Contact High\" (2018)\nJoan As Police Woman \u2014 \"Tell Me\" (2018)\nMILCK \u2014 \"This Is Not the End\" (2018)\nDarlene McCoy \u2014 \"Even Me\" (2018)\nRosie Carney \u2014 \"K.\" (2018)\nArlissa & Jonas Blue \u2014 \"Hearts Ain't Gonna Lie\" (2018)\nH.E.R. \u2014 \"My Song\" (2018)\ncupcakKe \u2014 Ephorize (2018)\nLil Pump \u2014 \"Designer\" (2018)\nI'm With Her \u2014 \"Game to Lose\" (2018)\nBruno Mars (feat. Cardi B) \u2014 \"Finesse (Remix)\" (2017)January 5Liam Payne & Rita Ora \u2014 \"For You\" (2018)\nKendrick Lamar & SZA \u2014 \"All the Stars\" (2018)\nJustin Timberlake \u2014 \"Filthy\" (2018)January 4Playboi Carti \u2014 In Abundance (2016)\nLil Dude \u2014 Luciano 2.0 (2017)\nLil Dude & Goonew \u2014 Homicide Boyz (2017)January 3The Jet Age of Tomorrow \u2014 God's Poop or Clouds? (2017)\nPOWERS \u2014 \"Georgie\" (2017)\nMorningsiders \u2014 \"Somewhere in Between\" (2017)\nLost Kings \u2014 \"Don't Call\" (2017)\nCamila Cabello \u2014 \"Real Friends\" (2017)\nMigos & Marshmello \u2014 \"Danger\" (2017)\n6ix9ine \u2014 \"KOODA\" (2017)\nTrippie Redd (feat. Travis Scott) \u2014 \"Dark Knight Dummo\" (2017)\nLondon on da Track (feat. Young Thug, Ty Dolla $ign, Jeremih & YG) \u2014 \"Whatever You On\" (2017)\nRiley Clemmons \u2014 \"Broken Prayers\" (2017)\nK. Michelle \u2014 KIMBERLY: The People I Used to Know (2017)\nT.I. (feat. Young Thug, Lil Wayne & Jeezy) \u2014 \"About the Money (Remix)\" (2014)January 2Camila Cabello \u2014 \"Never Be the Same\" (2017)\nLuke Bryan \u2014 What Makes You Country (2017)\nBig Sean & Metro Boomin \u2014 Double or Nothing (2017)\nThe Jackson 5 \u2014 ABC (1970)January 1Aaliyah \u2014 Aaliyah (2001)\nHoodrich Pablo Juan (feat. Marlo) \u2014 \"The 9 + Z6ne\" (2017)\nChris Brown \u2014 In My Zone 2 (2010)\nPell [feat. brandUn DeShay (Ace Hashimoto)] \u2014 \"All in a Day's Work\" (2016)\nAce Hashimoto (feat. RAU DEF) \u2014 \"Don't Pick Up\" (2017)\nPlayboi Carti (feat. MadeinTYO, Lil Yachty & UnoTheActivist) \u2014 \"WHAT (Remix)\" (2016)\nWaka Flocka Flame \u2014 Salute Me or Shoot Me 2.5 (2009)\nChris Brown \u2014 In My Zone: Rhythm & Streets (2010)2Embed"
}