{
 "_type": "song",
 "annotation_count": 0,
 "api_path": "/songs/171830",
 "artist_names": "Robin Thicke",
 "full_title": "The Sweetest Love by\u00a0Robin\u00a0Thicke",
 "header_image_thumbnail_url": "https://images.genius.com/7d11c1de48e595f9158b67a36f906050.300x300x1.jpg",
 "header_image_url": "https://images.genius.com/7d11c1de48e595f9158b67a36f906050.1000x1000x1.jpg",
 "id": 171830,
 "instrumental": false,
 "lyrics_owner_id": 8534,
 "lyrics_state": "complete",
 "lyrics_updated_at": 1481707301,
 "path": "/Robin-thicke-the-sweetest-love-lyrics",
 "pyongs_count": 2,
 "relationships_index_url": "https://genius.com/Robin-thicke-the-sweetest-love-sample",
 "release_date_components": {
  "year": 2008,
  "month": 9,
  "day": 30
 },
 "release_date_for_display": "September 30, 2008",
 "release_date_with_abbreviated_month_for_display": "Sep. 30, 2008",
 "song_art_image_thumbnail_url": "https://images.genius.com/7d11c1de48e595f9158b67a36f906050.300x300x1.jpg",
 "song_art_image_url": "https://images.genius.com/7d11c1de48e595f9158b67a36f906050.1000x1000x1.jpg",
 "stats": {
  "unreviewed_annotations": 0,
  "hot": false,
  "pageviews": 12245
 },
 "title": "The Sweetest Love",
 "title_with_featured": "The Sweetest Love",
 "updated_by_human_at": 1631169399,
 "url": "https://genius.com/Robin-thicke-the-sweetest-love-lyrics",
 "featured_artists": [],
 "primary_artist": {
  "_type": "artist",
  "api_path": "/artists/459",
  "header_image_url": "https://images.genius.com/b56317bc1d197bb45f2cd39a0e4d50af.1000x666x1.jpg",
  "id": 459,
  "image_url": "https://images.genius.com/f60f5538c32bc296764034e3b43258be.396x396x1.jpg",
  "index_character": "r",
  "is_meme_verified": true,
  "is_verified": true,
  "name": "Robin Thicke",
  "slug": "Robin-thicke",
  "url": "https://genius.com/artists/Robin-thicke",
  "iq": 3041
 },
 "artist": "Robin Thicke",
 "lyrics": "3 ContributorsThe Sweetest Love Lyrics[Verse 1]\nWhy do people smile when no one's smiling?\nIt's cause they're thinking of someone they're loving\nKeep on believing we are meant to be and\nNothing's stopping you and me from going to heaven\n\nSweetest love\n\n[Hook]\nI got the sweetest love, there ain't nothing sweeter\nI got the sweetest love, can't nothing beat it\nThere ain't nothing sweeter\n\n[Verse 2]\nNow I'm a climber, this mountain is just one ladder\nIt gets better every second we're together\nOooh baby it feels so right\nA new beginning starts tonight\nThe reason for when it's on\nIs because of you and me and\n\n[Pre-Hook 1]\nSweetest love\nFinally I can't believe\nCause you and me, you're my sweetest love\nSee Robin Thicke LiveGet tickets as low as $49You might also like[Hook x2]\n\n[Bridge]\nNow I got that feeling in my gut\nNow I need your fire in my life\nNow I wanna give you love so much\nAnd I keep on feeling my sweet, my sweet\nSweetest love\n\n[Pre-Hook 2]\nI can't believe that you and me, we gotta be\nYou're my sweetest love\n\n[Hook x3]\n\n[Pre-Hook 2]2Embed"
}