{
 "_type": "song",
 "annotation_count": 0,
 "api_path": "/songs/1513847",
 "artist_names": "Maze featuring Frankie Beverly",
 "full_title": "Southern Girl by\u00a0Maze\u00a0featuring Frankie Beverly",
 "header_image_thumbnail_url": "https://images.genius.com/86e4519a9318d74e7a0265f3fba9726a.300x300x1.jpg",
 "header_image_url": "https://images.genius.com/86e4519a9318d74e7a0265f3fba9726a.704x704x1.jpg",
 "id": 1513847,
 "instrumental": false,
 "lyrics_owner_id": 3492882,
 "lyrics_state": "complete",
 "lyrics_updated_at": 1619934101,
 "path": "/Maze-featuring-frankie-beverly-southern-girl-lyrics",
 "pyongs_count": null,
 "relationships_index_url": "https://genius.com/Maze-featuring-frankie-beverly-southern-girl-sample",
 "release_date_components": {
  "year": 1980,
  "month": null,
  "day": null
 },
 "release_date_for_display": "1980",
 "release_date_with_abbreviated_month_for_display": "1980",
 "song_art_image_thumbnail_url": "https://images.genius.com/86e4519a9318d74e7a0265f3fba9726a.300x300x1.jpg",
 "song_art_image_url": "https://images.genius.com/86e4519a9318d74e7a0265f3fba9726a.704x704x1.jpg",
 "stats": {
  "unreviewed_annotations": 0,
  "hot": false
 },
 "title": "Southern Girl",
 "title_with_featured": "Southern Girl",
 "updated_by_human_at": 1665546512,
 "url": "https://genius.com/Maze-featuring-frankie-beverly-southern-girl-lyrics",
 "featured_artists": [],
 "primary_artist": {
  "_type": "artist",
  "api_path": "/artists/528926",
  "header_image_url": "https://images.genius.com/6173650c384944e27a0ccb8569959634.453x252x1.jpg",
  "id": 528926,
  "image_url": "https://images.genius.com/ecf9fc0b98525fd0987d78aaa8311753.510x510x1.jpg",
  "index_character": "m",
  "is_meme_verified": false,
  "is_verified": false,
  "name": "Maze featuring Frankie Beverly",
  "slug": "Maze-featuring-frankie-beverly",
  "url": "https://genius.com/artists/Maze-featuring-frankie-beverly"
 },
 "artist": "Maze featuring Frankie Beverly",
 "lyrics": "3 ContributorsSouthern Girl Lyrics[Verse 1: Frankie Beverly]\nSouthern girl, don't you know\nYou're good to me and I dig you so\nI wouldn't be right here if you hadn't been right there\nI wanna talk to you\nSouthern girl, you're the one\nLots of lovin', lots of fun\nThe tenderness you give me I wanna take it everywhere, yeah\nOh, oh, oh\nI wasn't happy, not at all, no\nYou were the first to hear my call\nYour hospitality shows me that you care\nGet up, get up, get up, woo\n\n[Verse 2: Frankie Beverly]\nBelow the Mason-Dixon Line\nDown there where the girls are fine, ha ha\nSure know how to treat me, you just make me feel so good, yeah, woo\nSouthern girl, here's to you\nNo one can do it like you do, oh no\nGirl, you be so sweet, I just always knew you would\nGirl, you love me from the start, alright\nFrom the bottom of your heart\nCame along and heard my song\n\n[Chorus: Maze, Frankie Beverly]\nSouthern girl\n(Get down, get down, get down, pretty mama, now)\nSouthern girl\n(I wanna tell you somethin' 'bout my baby)\nSouthern girl\n(Woo, come on, come on)\nSouthern girl\n(Ow)\nYou might also like[Bridge: Maze, Frankie Beverly]\nGirl, you keep me satisfied\nAlways right here by my side\nGirl, there's one thing you should know\nThat I really dig you so\n\n[Instrumental break]\n\nAh, talk to me\n\n[Outro: Frankie Beverly, Maze]\nOh, Southern girl, don't you know, alright\nYou're good to me and I dig you so, alright, oh\nI wouldn't be right here if you hadn't been right there\nNo, no, no no no no no no no\nSouthern girl\nAnd I dig you, Southern girl\nAll around the world, gonna go find my\nSouthern girl\nAlright, alright, get up, get up, get up, get up\nSouthern girl\nYou\nYouEmbed"
}