{
 "_type": "song",
 "annotation_count": 11,
 "api_path": "/songs/149935",
 "artist_names": "Carole King",
 "full_title": "Will You Love Me Tomorrow? by\u00a0Carole\u00a0King",
 "header_image_thumbnail_url": "https://images.genius.com/8a2a987c2ddf085206aa95d32175906b.300x300x1.jpg",
 "header_image_url": "https://images.genius.com/8a2a987c2ddf085206aa95d32175906b.640x640x1.jpg",
 "id": 149935,
 "instrumental": false,
 "lyrics_owner_id": 1553,
 "lyrics_state": "complete",
 "lyrics_updated_at": 1662059271,
 "path": "/Carole-king-will-you-love-me-tomorrow-lyrics",
 "pyongs_count": 2,
 "relationships_index_url": "https://genius.com/Carole-king-will-you-love-me-tomorrow-sample",
 "release_date_components": {
  "year": 1971,
  "month": 2,
  "day": 10
 },
 "release_date_for_display": "February 10, 1971",
 "release_date_with_abbreviated_month_for_display": "Feb. 10, 1971",
 "song_art_image_thumbnail_url": "https://images.genius.com/8a2a987c2ddf085206aa95d32175906b.300x300x1.jpg",
 "song_art_image_url": "https://images.genius.com/8a2a987c2ddf085206aa95d32175906b.640x640x1.jpg",
 "stats": {
  "unreviewed_annotations": 0,
  "hot": false,
  "pageviews": 32843
 },
 "title": "Will You Love Me Tomorrow?",
 "title_with_featured": "Will You Love Me Tomorrow?",
 "updated_by_human_at": 1695684215,
 "url": "https://genius.com/Carole-king-will-you-love-me-tomorrow-lyrics",
 "featured_artists": [],
 "primary_artist": {
  "_type": "artist",
  "api_path": "/artists/49407",
  "header_image_url": "https://images.genius.com/60d1af3aeb0917bb2dda53e489ba4e45.708x708x1.jpg",
  "id": 49407,
  "image_url": "https://images.genius.com/60d1af3aeb0917bb2dda53e489ba4e45.708x708x1.jpg",
  "index_character": "c",
  "is_meme_verified": false,
  "is_verified": false,
  "name": "Carole King",
  "slug": "Carole-king",
  "url": "https://genius.com/artists/Carole-king"
 },
 "artist": "Carole King",
 "lyrics": "19 ContributorsWill You Love Me Tomorrow? Lyrics[Verse 1]\nTonight you're mine completely\nYou give your love so sweetly\nTonight the light of love is in your eyes\nBut will you love me tomorrow?\n\n[Verse 2]\nIs this a lasting treasure\nOr just a moment's pleasure?\nCan I believe the magic of your sighs?\nWill you still love me tomorrow?\n\n[Bridge]\nTonight with words unspoken\nYou say that I'm the only one\nBut will my heart be broken\nWhen the night (When the night)\nMeets the morning sun? (Meets the morning sun?)\n\n[Verse 3]\nI'd like to know that your love\nIs love I can be sure of\nSo tell me now and I won't ask again\nWill you still love me tomorrow?\nWill you still love me tomorrow?You might also like2Embed"
}