{
 "_type": "song",
 "annotation_count": 1,
 "api_path": "/songs/1580220",
 "artist_names": "Peaches & Herb",
 "full_title": "Close Your Eyes by\u00a0Peaches\u00a0& Herb",
 "header_image_thumbnail_url": "https://images.genius.com/2248d443141f968b55563bff59a346c8.300x300x1.jpg",
 "header_image_url": "https://images.genius.com/2248d443141f968b55563bff59a346c8.999x999x1.jpg",
 "id": 1580220,
 "instrumental": false,
 "lyrics_owner_id": 1549345,
 "lyrics_state": "complete",
 "lyrics_updated_at": 1429898270,
 "path": "/Peaches-and-herb-close-your-eyes-lyrics",
 "pyongs_count": null,
 "relationships_index_url": "https://genius.com/Peaches-and-herb-close-your-eyes-sample",
 "release_date_components": null,
 "release_date_for_display": null,
 "release_date_with_abbreviated_month_for_display": null,
 "song_art_image_thumbnail_url": "https://images.genius.com/2248d443141f968b55563bff59a346c8.300x300x1.jpg",
 "song_art_image_url": "https://images.genius.com/2248d443141f968b55563bff59a346c8.999x999x1.jpg",
 "stats": {
  "unreviewed_annotations": 0,
  "hot": false
 },
 "title": "Close Your Eyes",
 "title_with_featured": "Close Your Eyes",
 "updated_by_human_at": 1476933119,
 "url": "https://genius.com/Peaches-and-herb-close-your-eyes-lyrics",
 "featured_artists": [],
 "primary_artist": {
  "_type": "artist",
  "api_path": "/artists/357485",
  "header_image_url": "https://images.genius.com/77f023137670d99e5325a43810da26e0.575x720x1.jpg",
  "id": 357485,
  "image_url": "https://images.genius.com/672c1147c74789a995149b20bd5f44a8.575x575x1.jpg",
  "index_character": "p",
  "is_meme_verified": false,
  "is_verified": false,
  "name": "Peaches & Herb",
  "slug": "Peaches-and-herb",
  "url": "https://genius.com/artists/Peaches-and-herb"
 },
 "artist": "Peaches & Herb",
 "lyrics": "1 ContributorClose Your Eyes LyricsClose your eyes (close your eyes), take a deep breathe (ahhh!)\nOpen your heart (open your heart), and whisper\nI love you, I love you\nTell me you love me, tell me you love me\nYou love me, You love me\n\nHold me tight, (hold me tight), don't say good-night (don't say\nGood-night)\nWe've got the time\nEverything's gonna be alright\nJust hold me darling, never let me go, and tell me\nYou love me, you love me, you love me\n\nOh no no, (oh no no) even though (even though)\nThis is not the way I want it to be\nBut if you must pretend\nThat's alright with me\n\nClose your eyes (close your eyes), take a deep breathe (ahhh!)\nOpen your heart (open your heart), and whisper\nI love you, I love you\nTell me you love me, tell me you love me\nYou love me, You love meYou might also likeEmbed"
}