{
 "_type": "song",
 "annotation_count": 14,
 "api_path": "/songs/380599",
 "artist_names": "Operation Ivy",
 "full_title": "Unity by\u00a0Operation\u00a0Ivy",
 "header_image_thumbnail_url": "https://images.genius.com/035c42e6187d9616e354754944326f00.300x300x1.jpg",
 "header_image_url": "https://images.genius.com/035c42e6187d9616e354754944326f00.1000x1000x1.jpg",
 "id": 380599,
 "instrumental": false,
 "lyrics_owner_id": 174294,
 "lyrics_state": "complete",
 "lyrics_updated_at": 1667217386,
 "path": "/Operation-ivy-unity-lyrics",
 "pyongs_count": 3,
 "relationships_index_url": "https://genius.com/Operation-ivy-unity-sample",
 "release_date_components": {
  "year": 1989,
  "month": 3,
  "day": null
 },
 "release_date_for_display": "March 1989",
 "release_date_with_abbreviated_month_for_display": "Mar. 1989",
 "song_art_image_thumbnail_url": "https://images.genius.com/035c42e6187d9616e354754944326f00.300x300x1.jpg",
 "song_art_image_url": "https://images.genius.com/035c42e6187d9616e354754944326f00.1000x1000x1.jpg",
 "stats": {
  "unreviewed_annotations": 0,
  "hot": false,
  "pageviews": 14732
 },
 "title": "Unity",
 "title_with_featured": "Unity",
 "updated_by_human_at": 1698776866,
 "url": "https://genius.com/Operation-ivy-unity-lyrics",
 "featured_artists": [],
 "primary_artist": {
  "_type": "artist",
  "api_path": "/artists/112212",
  "header_image_url": "https://images.genius.com/fd08365ca217a074e9ba43c9c32a3cff.600x671x1.jpg",
  "id": 112212,
  "image_url": "https://images.genius.com/9a2a2e0c1cfb5f1f15067c014b9a51d7.500x347x1.jpg",
  "index_character": "o",
  "is_meme_verified": false,
  "is_verified": false,
  "name": "Operation Ivy",
  "slug": "Operation-ivy",
  "url": "https://genius.com/artists/Operation-ivy"
 },
 "artist": "Operation Ivy",
 "lyrics": "20 ContributorsUnity LyricsThere's a war coming down between my brothers tonight\nI don't want no war going down\nGoing down, going down tonight\n\nStop this war\nStop this war\n\nCivilization? Ha!\nI call it as I see it\nI call it bullshit\nYou know, I still cannot believe it\nOur evolution now has gone the way of hate\nA world evolved, resolved Into a stupid fate\n\nStop this war\nStop this war\n\nAll so different?\nYeah, I say we're all the same\nAll caught, you know, in the division game\nSelf-destruction fast impending like a bullet\nNo one can stop it\nOnce it's fired, no one can control it\n\nStop this war\nStop this war\nYou might also likeA final word\nWait, it's not a call to action\nWe ain't no sect\nNo, this ain't no fuckin' faction\nUnity, unity, unity, you've heard it all before\nThis time it's not exclusive\nWe wanna stop the war\n\nStop this war\nStop this war\n\nAin't nothing wrong\nWith another unity song\nAin't nothing wrong\nWith another unity song\nAin't nothing wrong\nAin't nothing wrong\nAin't nothing wrong\nAin't nothing wrong with a unity song\n\nStop this war\nStop this war\n\nUnity\nAs one, stand together\nUnity\nEvolution gotta come, right\nUnity\nAs one, stand together\nUnity\nEvolution gotta come\nUnity\nAs one, stand together\nUnity\nEvolution gotta come\nUnity\nAs one, stand together\nUnity\nEvolution gotta come3Embed"
}