{
 "_type": "song",
 "annotation_count": 0,
 "api_path": "/songs/296000",
 "artist_names": "Zac Brown Band",
 "full_title": "Free by\u00a0Zac\u00a0Brown Band",
 "header_image_thumbnail_url": "https://images.genius.com/61fd242c264b1bcc7557b1277b56af92.300x300x1.jpg",
 "header_image_url": "https://images.genius.com/61fd242c264b1bcc7557b1277b56af92.1000x1000x1.jpg",
 "id": 296000,
 "instrumental": false,
 "lyrics_owner_id": 11617,
 "lyrics_state": "complete",
 "lyrics_updated_at": 1643858170,
 "path": "/Zac-brown-band-free-lyrics",
 "pyongs_count": 4,
 "relationships_index_url": "https://genius.com/Zac-brown-band-free-sample",
 "release_date_components": {
  "year": 2008,
  "month": 11,
  "day": 18
 },
 "release_date_for_display": "November 18, 2008",
 "release_date_with_abbreviated_month_for_display": "Nov. 18, 2008",
 "song_art_image_thumbnail_url": "https://images.genius.com/49e7ffdf629cef3203c954d7b8f76f9f.300x292x1.png",
 "song_art_image_url": "https://images.genius.com/49e7ffdf629cef3203c954d7b8f76f9f.364x354x1.png",
 "stats": {
  "unreviewed_annotations": 0,
  "hot": false,
  "pageviews": 11291
 },
 "title": "Free",
 "title_with_featured": "Free",
 "updated_by_human_at": 1643850380,
 "url": "https://genius.com/Zac-brown-band-free-lyrics",
 "featured_artists": [],
 "primary_artist": {
  "_type": "artist",
  "api_path": "/artists/22928",
  "header_image_url": "https://images.genius.com/54ec614e14f81601026afc7f84d45c8e.582x181x1.jpg",
  "id": 22928,
  "image_url": "https://images.genius.com/3fd9a550c2ef2b6b8d28050ee3242d58.1000x1000x1.jpg",
  "index_character": "z",
  "is_meme_verified": false,
  "is_verified": true,
  "name": "Zac Brown Band",
  "slug": "Zac-brown-band",
  "url": "https://genius.com/artists/Zac-brown-band",
  "iq": 403
 },
 "artist": "Zac Brown Band",
 "lyrics": "14 ContributorsFree Lyrics[Verse 1]\nSo we live in our old van\nTravel all across this land\nMe and you\nWe'll end up hand in hand\nSomewhere down on the sand\nJust me and you\n\n[Chorus]\nJust as free\nFree as we'll ever be\nJust as free\nFree as we'll ever be\n\n[Verse 2]\nWe drive until the city lights\nDissolve into a country sky\nJust me and you\nLay underneath the harvest moon\nDo all the things that lovers do\nJust me and you\n\n[Chorus]\nJust as free\nFree as we'll ever be\nJust as free\nFree as we'll ever be\nSee Zac Brown Band LiveGet tickets as low as $136You might also like[Bridge]\nNo, we don't have a lot of money\nNo, we don't have a lot of money\nNo, we don't have a lot of money\nAll we need is love\n\n[Chorus]\nJust as free\nFree as we'll ever be\nJust as free\nFree as we'll ever be\n\n[Outro]\nSo we live in our old van\nTravel all across this land\nMe and you4Embed"
}