{
 "_type": "song",
 "annotation_count": 1,
 "api_path": "/songs/1039881",
 "artist_names": "DeBarge",
 "full_title": "All This Love by\u00a0DeBarge",
 "header_image_thumbnail_url": "https://images.genius.com/6238a9c6661548808de85b95e857b86c.300x300x1.png",
 "header_image_url": "https://images.genius.com/6238a9c6661548808de85b95e857b86c.1000x1000x1.png",
 "id": 1039881,
 "instrumental": false,
 "lyrics_owner_id": 3492882,
 "lyrics_state": "complete",
 "lyrics_updated_at": 1621795841,
 "path": "/Debarge-all-this-love-lyrics",
 "pyongs_count": null,
 "relationships_index_url": "https://genius.com/Debarge-all-this-love-sample",
 "release_date_components": {
  "year": 1982,
  "month": 10,
  "day": 17
 },
 "release_date_for_display": "October 17, 1982",
 "release_date_with_abbreviated_month_for_display": "Oct. 17, 1982",
 "song_art_image_thumbnail_url": "https://images.genius.com/6238a9c6661548808de85b95e857b86c.300x300x1.png",
 "song_art_image_url": "https://images.genius.com/6238a9c6661548808de85b95e857b86c.1000x1000x1.png",
 "stats": {
  "unreviewed_annotations": 1,
  "hot": false,
  "pageviews": 7537
 },
 "title": "All This Love",
 "title_with_featured": "All This Love",
 "updated_by_human_at": 1699243950,
 "url": "https://genius.com/Debarge-all-this-love-lyrics",
 "featured_artists": [],
 "primary_artist": {
  "_type": "artist",
  "api_path": "/artists/282404",
  "header_image_url": "https://images.genius.com/4832a8f008629999b96f60501d316c76.578x594x1.jpg",
  "id": 282404,
  "image_url": "https://images.genius.com/4832a8f008629999b96f60501d316c76.578x594x1.jpg",
  "index_character": "d",
  "is_meme_verified": false,
  "is_verified": false,
  "name": "DeBarge",
  "slug": "Debarge",
  "url": "https://genius.com/artists/Debarge"
 },
 "artist": "DeBarge",
 "lyrics": "7 ContributorsAll This Love Lyrics[Verse 1: El DeBarge]\nI had some problems\nAnd no one could seem to solve them\nBut you found the answer\nYou told me to take this chance\nAnd learn the ways of love, my baby\nAnd all that it has to offer\nIn time you will see\nThat love won't let you down\n\nYou said that you loved me\nSaid hurt only came to pass me\nIt sounded so convincing\nThat I gave it half a chance\nAnd learned the ways of love, my baby\nThere is so much love inside me\nAnd all that I have\nI give my all to you\nAll, all my love, baby\n\n[Chorus: El DeBarge & DeBarge]\nAnd all this love is waiting for you\nMy baby, my darling\nAnd all, all my love is waiting for you\n\n[Verse 2: El DeBarge]\nOh, I, I had some problems\nAnd no one could seem to solve them\nBut you, you, you found the answer\nSo I gave it half a chance\nAnd learned the ways of love, my baby\nAnd all that it has to offer\nAnd all that I have\nI give my all to you\nAll, all my love, baby\nYou might also like[Chorus: El DeBarge & DeBarge]\nAnd all this love is waiting for you\nMy baby, my sugar\nAnd all, all my love is waiting for you, ooh hoo\n\n[Instrumental break]\n\n[Chorus: El DeBarge & DeBarge]\nAll this love is waiting for you, ooh\nAnd all this love is waiting for you\nMy baby\nAnd baby, all, baby, all\nAll this love is waiting for you\nMy sugar, my baby\nAnd all this love is waiting for you\n\n[Bridge: El DeBarge]\nOh, I love how you make me feel this way\nMy love is getting stronger every day, my baby\nAnd after all I went and put myself through\nI found that all I really needed was you, my darling\n\nAs the sun has its place up in the sky\nI love you so dearly and all the same\nThere's no need to wonder why\nI need you, please hear me\n[Outro: El DeBarge & DeBarge]\nSay you really love me, baby\nSay you really love me, darling\n(Say baby) 'Cause I really love you, baby\n(Ah baby) Oh, I really love you, darling\nAnd, baby, all\nSay you really love me, baby\nSay you really love me, darling\nAll this love is waiting for you\n'Cause I really love you, baby (My baby)\nOh, I really love you, darling\nAnd, baby, all\nSay you really love me, baby\nSay you really love me, darling\n'Cause I really love you, baby\nAh baby, sure 'nough waiting\nOh, I really love you, darling\nSay, say you love me\nOh, I love you\nBaby, all my love is waiting for you\nMy baby, owEmbed"
}