{
 "_type": "song",
 "annotation_count": 1,
 "api_path": "/songs/824863",
 "artist_names": "Phillips, Craig & Dean",
 "full_title": "Because I'm Forgiven by\u00a0Phillips,\u00a0Craig & Dean",
 "header_image_thumbnail_url": "https://images.genius.com/ad88fc807055777ebca6b923d05a81dd.300x300x1.jpg",
 "header_image_url": "https://images.genius.com/ad88fc807055777ebca6b923d05a81dd.600x600x1.jpg",
 "id": 824863,
 "instrumental": false,
 "lyrics_owner_id": 3449020,
 "lyrics_state": "complete",
 "lyrics_updated_at": 1530338106,
 "path": "/Phillips-craig-and-dean-because-im-forgiven-lyrics",
 "pyongs_count": null,
 "relationships_index_url": "https://genius.com/Phillips-craig-and-dean-because-im-forgiven-sample",
 "release_date_components": null,
 "release_date_for_display": null,
 "release_date_with_abbreviated_month_for_display": null,
 "song_art_image_thumbnail_url": "https://images.genius.com/ad88fc807055777ebca6b923d05a81dd.300x300x1.jpg",
 "song_art_image_url": "https://images.genius.com/ad88fc807055777ebca6b923d05a81dd.600x600x1.jpg",
 "stats": {
  "unreviewed_annotations": 0,
  "hot": false
 },
 "title": "Because I\u2019m Forgiven",
 "title_with_featured": "Because I'm Forgiven",
 "updated_by_human_at": 1530338106,
 "url": "https://genius.com/Phillips-craig-and-dean-because-im-forgiven-lyrics",
 "featured_artists": [],
 "primary_artist": {
  "_type": "artist",
  "api_path": "/artists/349878",
  "header_image_url": "https://images.genius.com/3ad23ea1e5c31391d5d98fb4f7ad536f.400x400x1.jpg",
  "id": 349878,
  "image_url": "https://images.genius.com/33cfd1d685946c92f8f9adf2a10c213b.640x640x1.jpg",
  "index_character": "p",
  "is_meme_verified": false,
  "is_verified": false,
  "name": "Phillips, Craig & Dean",
  "slug": "Phillips-craig-and-dean",
  "url": "https://genius.com/artists/Phillips-craig-and-dean"
 },
 "artist": "Phillips, Craig & Dean",
 "lyrics": "1 ContributorBecause I\u2019m Forgiven Lyrics[Verse 1]\nThere's a reason why I bring\nYou this simple offering\nPouring out my love to You\nAnd though my heart cannot express\nAll this joy and gratefulness\nStill I sing this song of love and thanks and praise\n\n[Chorus]\nIt's because I'm forgiven\nIt's because I am free\nIt's because You've shown my mercy\nAnd You believed in me\nIt's because You are my Savior\nIt's because You are my friend\nAnd Your love it lifts me higher\nThan I've ever been\n\n[Verse 2]\nOh the wonder of Your ways\nOh the measure of Your grace\nGreater than my heart can know\nSo how could I not celebrate\nHow could I not bless Your name\nSinging out a song of love and thanks and praise\nYou might also like[Chorus]\nIt's because I'm forgiven\nIt's because I am free\nIt's because You've shown my mercy\nAnd You believed in me\nIt's because You are my Savior\nIt's because You are my friend\nAnd Your love it lifts me higher\nThan I've ever been\nIt's because You are my Savior\nIt's because You are my friend\nAnd Your love it lifts me higher\nThan I've ever been\n\n[Ending]\nSo much higher\nHigher than I've ever been\nIt's because I'm forgiven\nIt's because I am free\nIt's because I'm forgiven\nIt's because I am free\nI'm freeEmbed"
}