{
 "_type": "song",
 "annotation_count": 1,
 "api_path": "/songs/879539",
 "artist_names": "Billy Ocean",
 "full_title": "Love is Forever by\u00a0Billy\u00a0Ocean",
 "header_image_thumbnail_url": "https://images.genius.com/53859cccd3a57a9e27bd0b91979eb7a6.300x300x1.jpg",
 "header_image_url": "https://images.genius.com/53859cccd3a57a9e27bd0b91979eb7a6.1000x1000x1.jpg",
 "id": 879539,
 "instrumental": false,
 "lyrics_owner_id": 3492882,
 "lyrics_state": "complete",
 "lyrics_updated_at": 1662971308,
 "path": "/Billy-ocean-love-is-forever-lyrics",
 "pyongs_count": 1,
 "relationships_index_url": "https://genius.com/Billy-ocean-love-is-forever-sample",
 "release_date_components": {
  "year": 1986,
  "month": null,
  "day": null
 },
 "release_date_for_display": "1986",
 "release_date_with_abbreviated_month_for_display": "1986",
 "song_art_image_thumbnail_url": "https://images.rapgenius.com/df8796dc1bd951296bb4738ed4ced68f.300x307x1.jpg",
 "song_art_image_url": "https://images.rapgenius.com/df8796dc1bd951296bb4738ed4ced68f.500x512x1.jpg",
 "stats": {
  "unreviewed_annotations": 1,
  "hot": false
 },
 "title": "Love is Forever",
 "title_with_featured": "Love is Forever",
 "updated_by_human_at": 1663319895,
 "url": "https://genius.com/Billy-ocean-love-is-forever-lyrics",
 "featured_artists": [],
 "primary_artist": {
  "_type": "artist",
  "api_path": "/artists/8619",
  "header_image_url": "https://images.genius.com/0247040b8d7b0f83622424af28974e6a.640x360x1.jpg",
  "id": 8619,
  "image_url": "https://images.genius.com/2f903aa6535448ccd06698e7b9426533.600x600x1.jpg",
  "index_character": "b",
  "is_meme_verified": false,
  "is_verified": false,
  "name": "Billy Ocean",
  "slug": "Billy-ocean",
  "url": "https://genius.com/artists/Billy-ocean"
 },
 "artist": "Billy Ocean",
 "lyrics": "5 ContributorsLove is Forever Lyrics[Verse 1]\nI live the same old dream, day and night\nMemories of love I knew\nI couldn't live my life, or so it seemed\nMy heart cried out for only you\n\n[Chorus]\nOh, I believe in love but I believe in you\nThings you do\nI'm falling in love again with you\nA broken heart could mend if given time\nI know why love is forever\nLove is forever with you\n\n[Verse 2]\nWith every passing day, I realize\nAnd time will never heal the pain\nYou're all that I've been thinking of\nCan we fall in love again?\n\n[Chorus]\nOh, I believe in love, girl, I believe in you\nThings you do\nI'm falling in love again with you\nA broken heart can mend if given time\nI know why love is forever\nLove is forever with you\nYou might also like[Bridge]\nEvery road will lead me back to you again, my love\nOh, I cried so many tears\nCouldn't face another day without you\nSo tell me you care, oh-oh\nLa-la-la-la-la-la-la\nWhoa-oh, ooh-hoo, yeah\n\n[Chorus]\nI believe in love, I believe in you\nThings you do\nI'm falling in love again with you\nTried to let it go but it wouldn't die\nI know why love is forever (Love is forever)\nLove is forever with you1Embed"
}