{
 "_type": "song",
 "annotation_count": 1,
 "api_path": "/songs/460851",
 "artist_names": "Audioslave",
 "full_title": "Original Fire by\u00a0Audioslave",
 "header_image_thumbnail_url": "https://images.genius.com/881c03f67a8b9ca8029e9d071ade6b0e.205x205x1.png",
 "header_image_url": "https://images.genius.com/881c03f67a8b9ca8029e9d071ade6b0e.205x205x1.png",
 "id": 460851,
 "instrumental": false,
 "lyrics_owner_id": 3461006,
 "lyrics_state": "complete",
 "lyrics_updated_at": 1610440005,
 "path": "/Audioslave-original-fire-lyrics",
 "pyongs_count": 1,
 "relationships_index_url": "https://genius.com/Audioslave-original-fire-sample",
 "release_date_components": {
  "year": 2006,
  "month": 9,
  "day": 5
 },
 "release_date_for_display": "September 5, 2006",
 "release_date_with_abbreviated_month_for_display": "Sep. 5, 2006",
 "song_art_image_thumbnail_url": "https://images.genius.com/881c03f67a8b9ca8029e9d071ade6b0e.205x205x1.png",
 "song_art_image_url": "https://images.genius.com/881c03f67a8b9ca8029e9d071ade6b0e.205x205x1.png",
 "stats": {
  "unreviewed_annotations": 0,
  "hot": false,
  "pageviews": 6434
 },
 "title": "Original Fire",
 "title_with_featured": "Original Fire",
 "updated_by_human_at": 1610440005,
 "url": "https://genius.com/Audioslave-original-fire-lyrics",
 "featured_artists": [],
 "primary_artist": {
  "_type": "artist",
  "api_path": "/artists/39547",
  "header_image_url": "https://images.genius.com/6edfeec50e1ccb1c2eada3077684bb51.980x204x1.png",
  "id": 39547,
  "image_url": "https://images.genius.com/4f9bd4dcfff85573af4b253065ffd6be.808x1000x1.jpg",
  "index_character": "a",
  "is_meme_verified": false,
  "is_verified": false,
  "name": "Audioslave",
  "slug": "Audioslave",
  "url": "https://genius.com/artists/Audioslave"
 },
 "artist": "Audioslave",
 "lyrics": "6 ContributorsOriginal Fire Lyrics[Chorus]\nThe original fire has died and gone but the riot inside moves on\nThe original fire has died and gone but the riot inside moves on\n\n[Chorus]\nThe original fire has died and gone but the riot inside moves on\nThe original fire has died and gone but the riot inside moves on\n\n[Verse 1]\nWith a pen in one hand, taking a stand, drugged on kerosene\n84 and 5 would find us something to believe\nRight or wrong with dirty hands on wires\nSinging songs in discord choirs\nScreaming in Braille\nNo temptress prize could ever yield anything so real\n\n[Chorus]\nThe original fire has died and gone but the riot inside moves on\nThe original fire has died and gone but the riot inside moves on\n\n[Verse 2]\nGolden soldiers born much older than they'll ever live to be\nDiving into a sea of hands in a long forgotten city\nHere the rain falls forever after\nAnd the swinging vines hang dead in rafters\nBlood rush to your head induces laughter endlessly\nYou might also like[Chorus]\nThe original fire has died and gone but the riot inside moves on\nThe original fire has died and long gone but the riot inside moves on\n\n[Bridge]\nCan't explain it, it was something to see\nCan't contain something ever real, ever real\nEver real\nCan't explain it, it was something to see\nCan't contain something so ever real, ever real\nEver real\n\n[Chorus]\nThe original fire has died and gone but the riot inside moves on\nThe original fire has died and gone but the riot inside moves on\n\n[Chorus]\nThe original fire has died and gone but the riot inside moves on\nThe original fire has died and gone but the riot inside moves on1Embed"
}