{
 "_type": "song",
 "annotation_count": 1,
 "api_path": "/songs/758390",
 "artist_names": "Miguel Aceves Mej\u00eda",
 "full_title": "Rogaciano by\u00a0Miguel\u00a0Aceves Mej\u00eda",
 "header_image_thumbnail_url": "https://images.genius.com/62f4b12513ae8204257284a87dc2dccc.300x300x1.jpg",
 "header_image_url": "https://images.genius.com/62f4b12513ae8204257284a87dc2dccc.449x449x1.jpg",
 "id": 758390,
 "instrumental": false,
 "lyrics_owner_id": 1549345,
 "lyrics_state": "complete",
 "lyrics_updated_at": 1429127822,
 "path": "/Miguel-aceves-mejia-rogaciano-lyrics",
 "pyongs_count": null,
 "relationships_index_url": "https://genius.com/Miguel-aceves-mejia-rogaciano-sample",
 "release_date_components": null,
 "release_date_for_display": null,
 "release_date_with_abbreviated_month_for_display": null,
 "song_art_image_thumbnail_url": "https://images.genius.com/62f4b12513ae8204257284a87dc2dccc.300x300x1.jpg",
 "song_art_image_url": "https://images.genius.com/62f4b12513ae8204257284a87dc2dccc.449x449x1.jpg",
 "stats": {
  "unreviewed_annotations": 0,
  "hot": false
 },
 "title": "Rogaciano",
 "title_with_featured": "Rogaciano",
 "updated_by_human_at": 1480533743,
 "url": "https://genius.com/Miguel-aceves-mejia-rogaciano-lyrics",
 "featured_artists": [],
 "primary_artist": {
  "_type": "artist",
  "api_path": "/artists/347452",
  "header_image_url": "https://images.genius.com/62f4b12513ae8204257284a87dc2dccc.449x449x1.jpg",
  "id": 347452,
  "image_url": "https://images.genius.com/62f4b12513ae8204257284a87dc2dccc.449x449x1.jpg",
  "index_character": "m",
  "is_meme_verified": false,
  "is_verified": false,
  "name": "Miguel Aceves Mej\u00eda",
  "slug": "Miguel-aceves-mejia",
  "url": "https://genius.com/artists/Miguel-aceves-mejia"
 },
 "artist": "Miguel Aceves Mej\u00eda",
 "lyrics": "1 ContributorRogaciano LyricsLa huasteca esta de luto\nSe murio su huapanguero\nYa no se oye aquel falsete\nQue es el alma del trovero\n\nRogaciano se llamaba\nRogaciano el huapanguero\nY era sones de la sierra\nLas canciones del trovero\n\nLa Azucena y la Cecilia\nLloran, lloran sin consuelo\nMalaguena salerosa\nYa se fue su pregonero\n\nEl canal esta en su punto\nHoy comienza la molienda\nEl trapiche esta de duelo\nY suspira en cada vuelta\n\nPor los verdes cafetales\nMas alla de aquel potrero\nHay quein dice que de noche\nSe aparece el huapanguero\n\nLa Azucena y la Cecilia\nLloran, lloran sin consuelo\nMalaguena salerosa\nYa se fue su pregoneroYou might also likeEmbed"
}