{
 "_type": "song",
 "annotation_count": 1,
 "api_path": "/songs/512804",
 "artist_names": "George McCrae",
 "full_title": "Rock Your Baby by\u00a0George\u00a0McCrae",
 "header_image_thumbnail_url": "https://images.genius.com/acf109e9bc0df3711368a8f95f1486a6.300x300x1.jpg",
 "header_image_url": "https://images.genius.com/acf109e9bc0df3711368a8f95f1486a6.1000x1000x1.jpg",
 "id": 512804,
 "instrumental": false,
 "lyrics_owner_id": 14979,
 "lyrics_state": "complete",
 "lyrics_updated_at": 1681639430,
 "path": "/George-mccrae-rock-your-baby-lyrics",
 "pyongs_count": 1,
 "relationships_index_url": "https://genius.com/George-mccrae-rock-your-baby-sample",
 "release_date_components": {
  "year": 1974,
  "month": 5,
  "day": null
 },
 "release_date_for_display": "May 1974",
 "release_date_with_abbreviated_month_for_display": "May. 1974",
 "song_art_image_thumbnail_url": "https://images.genius.com/c0a99aa545d4ce8f13433cc50f9f4f2a.300x300x1.jpg",
 "song_art_image_url": "https://images.genius.com/c0a99aa545d4ce8f13433cc50f9f4f2a.600x600x1.jpg",
 "stats": {
  "unreviewed_annotations": 0,
  "hot": false,
  "pageviews": 42661
 },
 "title": "Rock Your Baby",
 "title_with_featured": "Rock Your Baby",
 "updated_by_human_at": 1681639430,
 "url": "https://genius.com/George-mccrae-rock-your-baby-lyrics",
 "featured_artists": [],
 "primary_artist": {
  "_type": "artist",
  "api_path": "/artists/147452",
  "header_image_url": "https://images.genius.com/c7e18fbc108563df192e7f744f24c849.365x365x1.jpg",
  "id": 147452,
  "image_url": "https://images.genius.com/c7e18fbc108563df192e7f744f24c849.365x365x1.jpg",
  "index_character": "g",
  "is_meme_verified": false,
  "is_verified": false,
  "name": "George McCrae",
  "slug": "George-mccrae",
  "url": "https://genius.com/artists/George-mccrae"
 },
 "artist": "George McCrae",
 "lyrics": "11 ContributorsRock Your Baby Lyrics[Intro]\nSexy woman!\n\n[Chorus]\nWoman!\nTake me in your arms\nRock your baby\nWoman!\nTake me in your arms\nRock your baby\n\n[Verse 1]\nThere's nothin' to it\nJust say you wanna do it\nOpen up your heart\nAnd let the lovin' start\n\n[Chorus]\nWoman!\nTake me in your arms\nRock your baby\nWoman!\nTake me in your arms\nRock your baby\n\n[Verse 2]\nYeah! Hold me tight\nWith all your might\nNow, let your lovin' flow\nReal sweet and slow\nYou might also like[Chorus]\nWoman!\nTake me in your arms\nRock your baby\nWoman!\nTake me in your arms\nRock your baby\n\n[Interlude]\nC'mon!\n\n[Chorus]\nAh!\nWoman!\nTake me in your arms\nRock your baby\nOo, oo, oo\nWoman!\nTake me in your arms\nRock your baby\n\n[Post-Chorus]\nAh-aaaaaah! Yeah!\nTake me in your arms\nAnd rock me\nAh-aaaaaah! Yeah!\nTake me in your arms\nAnd rock me\nAh-aaaaaaaaaaaah!\n[Bridge]\nC'mon!\n\n[Chorus]\nAh!\nWoman!\nTake me in your arms\nRock your baby\nOo, oo, oo\nWoman!\nTake me in your arms\nRock your baby\n\n[Outro]\nAh-aaaaaah! Yeah!\nTake me in your arms\nAnd rock me\nAh-aaaaaah! Yeah!\nTake me in your arms\nAnd rock me\nAh-aaaaaaaaaaaah!1Embed"
}