{
 "_type": "song",
 "annotation_count": 1,
 "api_path": "/songs/392114",
 "artist_names": "Bruce Springsteen",
 "full_title": "Save My Love by\u00a0Bruce\u00a0Springsteen",
 "header_image_thumbnail_url": "https://images.genius.com/c63531fc252ec2c571b504aa272dc922.300x300x1.png",
 "header_image_url": "https://images.genius.com/c63531fc252ec2c571b504aa272dc922.1000x1000x1.png",
 "id": 392114,
 "instrumental": false,
 "lyrics_owner_id": 714915,
 "lyrics_state": "complete",
 "lyrics_updated_at": 1680572775,
 "path": "/Bruce-springsteen-save-my-love-lyrics",
 "pyongs_count": null,
 "relationships_index_url": "https://genius.com/Bruce-springsteen-save-my-love-sample",
 "release_date_components": {
  "year": 2010,
  "month": 11,
  "day": 16
 },
 "release_date_for_display": "November 16, 2010",
 "release_date_with_abbreviated_month_for_display": "Nov. 16, 2010",
 "song_art_image_thumbnail_url": "https://images.genius.com/c63531fc252ec2c571b504aa272dc922.300x300x1.png",
 "song_art_image_url": "https://images.genius.com/c63531fc252ec2c571b504aa272dc922.1000x1000x1.png",
 "stats": {
  "unreviewed_annotations": 1,
  "hot": false
 },
 "title": "Save My Love",
 "title_with_featured": "Save My Love",
 "updated_by_human_at": 1680572797,
 "url": "https://genius.com/Bruce-springsteen-save-my-love-lyrics",
 "featured_artists": [],
 "primary_artist": {
  "_type": "artist",
  "api_path": "/artists/19041",
  "header_image_url": "https://images.genius.com/165db399fee32f0fcaf8e66bfd2dcd12.500x331x1.jpg",
  "id": 19041,
  "image_url": "https://images.genius.com/d6f0b4a599f183a9a74251a0033f786b.908x908x1.jpg",
  "index_character": "b",
  "is_meme_verified": false,
  "is_verified": false,
  "name": "Bruce Springsteen",
  "slug": "Bruce-springsteen",
  "url": "https://genius.com/artists/Bruce-springsteen"
 },
 "artist": "Bruce Springsteen",
 "lyrics": "5 ContributorsSave My Love Lyrics[Verse 1]\nNow there's something coming through the air that softly reminds me\nTonight I'll park out on the hill and wait until they find me\nHere slippin' through the ether, a voice is comin' through\nSo keep me in your heart tonight and I'll save my love for you\n\n[Verse 2]\nSo turn up your radio and darlin', dial me in close\nRidin' on the airwaves and we're travelin' coast to coast\nOver river and highway your voice comes clear and true\nThough we're far apart tonight, I'll save my love for you\n\n[Bridge]\nHold me in your arms and our doubts won't break us\nIf we open up our hearts, love won't forsake us\nLet's let the music take us and carry us home\n\n[Verse 3]\nThere's a prayer comin' through the air like a shot straight through my heart\nTearin' open the evening sky, tearin' me apart\nNow I'll ride that signal down the line 'til I'm home again with you\nSo turn up your radio and I'll save my love for you\nTurn up your radio and I'll save my love for youSee Bruce Springsteen LiveGet tickets as low as $54You might also likeEmbed"
}