{
 "_type": "song",
 "annotation_count": 0,
 "api_path": "/songs/4356645",
 "artist_names": "Ill Suner",
 "full_title": "5:09 a.m (Remix) by\u00a0Ill\u00a0Suner",
 "header_image_thumbnail_url": "https://images.genius.com/5b25570d80fce0c0babb428bd8e22d69.300x300x1.jpg",
 "header_image_url": "https://images.genius.com/5b25570d80fce0c0babb428bd8e22d69.1000x1000x1.jpg",
 "id": 4356645,
 "instrumental": false,
 "lyrics_owner_id": 2030663,
 "lyrics_state": "complete",
 "lyrics_updated_at": 1554406438,
 "path": "/Ill-suner-5-09-am-remix-lyrics",
 "pyongs_count": null,
 "relationships_index_url": "https://genius.com/Ill-suner-5-09-am-remix-sample",
 "release_date_components": {
  "year": 2018,
  "month": 2,
  "day": 4
 },
 "release_date_for_display": "February 4, 2018",
 "release_date_with_abbreviated_month_for_display": "Feb. 4, 2018",
 "song_art_image_thumbnail_url": "https://images.genius.com/5b25570d80fce0c0babb428bd8e22d69.300x300x1.jpg",
 "song_art_image_url": "https://images.genius.com/5b25570d80fce0c0babb428bd8e22d69.1000x1000x1.jpg",
 "stats": {
  "unreviewed_annotations": 0,
  "hot": false
 },
 "title": "5:09 a.m (Remix)",
 "title_with_featured": "5:09 a.m (Remix)",
 "updated_by_human_at": 1554406446,
 "url": "https://genius.com/Ill-suner-5-09-am-remix-lyrics",
 "featured_artists": [],
 "primary_artist": {
  "_type": "artist",
  "api_path": "/artists/1746392",
  "header_image_url": "https://assets.genius.com/images/default_avatar_300.png?1699303299",
  "id": 1746392,
  "image_url": "https://assets.genius.com/images/default_avatar_300.png?1699303299",
  "index_character": "i",
  "is_meme_verified": false,
  "is_verified": false,
  "name": "Ill Suner",
  "slug": "Ill-suner",
  "url": "https://genius.com/artists/Ill-suner"
 },
 "artist": "Ill Suner",
 "lyrics": "1 Contributor5:09 a.m (Remix) Lyrics[Letra de \"5:09 a.m (Remix)\"]\n\n[Verso 1]\nEs otro d\u00eda m\u00e1s sin verte y sin embargo estoy sonriendo\nEs por el dulce n\u00e9ctar que me ofrecieron esos momentos\nSon 5:09 A.M.: Antes de Matarte\nEsa fue la hora que escog\u00ed para por fin olvidarte\nOdiarte fue imposible cuando por dentro venci\u00f3 el miedo\nEsa es la forma m\u00e1s rid\u00edcula de decir que te quiero\nSacar de mi vida se ha convertido en un reto\nPorque usted est\u00e1 aqu\u00ed como un par\u00e1sito que alimento\nLo siento, pero es momento de seguir vivo\nEntreg\u00e1ndome a mis letras, intentando llenar vac\u00edos\nY no hablo el de mi cama ni mis p\u00e1ginas rotas\nQue el \u00fanico vac\u00edo fue el tuyo, pero ya no importa\nAunque se acorta la distancia, el olvido est\u00e1 al acecho\nOfreciendo sanar la herida que se encuentra en nuestros pechos\nNo lo pienses demasiado, acepta la oportunidad\nPorque el amor jam\u00e1s se olvida bes\u00e1ndote en cualquier bar\n\n[Puente]\nEh\n\n[Verso 2]\nT\u00fa tira a matar, feliz estoy porque me mates\nPorque prefiero tu frialdad a que tengas otro amante\nPor ti perd\u00ed dignidad y otras cosas importantes\nAunque la culpa fue tuya por amar a este Don Nadie\n\u00bfAlguien en este momento te insiste que no est\u00e9s triste\nMientras te promete algo mejor de lo que tuviste?\nRech\u00e1zalo, t\u00fa sabes bien c\u00f3mo est\u00e1 bussiness\nLos hombres s\u00f3lo son cuervos disfraz\u00e1ndose de cisnes\n\u00bfEllos te hablan con malicia? Yo te habl\u00e9 por mis heridas\nPrometimos estar juntos, otra promesa perdida\nNo te di todo el amor, pero, a decir verdad\nTe di algo mucho m\u00e1s valioso que se llam\u00f3 \"libertad\"\nUna hermosa dualidad, perfecta dicotom\u00eda\nDevastado por frialdad y absurda monoton\u00eda\nNo tuve la habilidad de demostrar lo que sent\u00eda\nY con amabilidad ped\u00ed que te fueras de mi vida\nYou might also like[Puente]\nHey\n\n[Verso 3]\nNo quedaba otra salida; si quieres, dime un cobarde\nPor decir lo que deb\u00eda siendo demasiado tarde\nNo sab\u00eda lo que ten\u00eda, no me arrepiento de eso\nPorque si me daba cuenta, seguir\u00eda viviendo preso\nNo me perdones, supongo que este es el precio\nDe matar lo m\u00e1s hermoso tir\u00e1ndolo de mi trapecio\nConf\u00edo que el tiempo har\u00e1 m\u00e1s soportable tu recuerdo\nY hablando del tiempo, es hora de caminar un momento\nSentado y relajado, fum\u00e1ndome otro cigarro\nRecordando todas las cosas que hemos pasado\nY preguntando \u00bfQu\u00e9 causar\u00e1 en m\u00ed tantos problemas?\nTu ausencia debe serlo pues le doler\u00eda a cualquiera\nCu\u00e1nta raz\u00f3n, wey, s\u00f3lo olvidamos la variable\nQue el tiempo se vuelve in\u00fatil si se le regala a alguien\nUnos pierden la vida hablando de lo que ten\u00edan\nYo desperdici\u00e9 mi tiempo hablando a quien no conoc\u00eda\nY sent\u00ed que esto no ten\u00eda remedio\nTe vi y me di cuenta que esto iba en serio\nDeb\u00ed asesinarte cuando pod\u00eda\nTem\u00ed que te quedaras mat\u00e1ndome a sangre fr\u00eda\nHoy en d\u00eda me ven esperando el mismo tren\nMe observan como un Ad\u00e1n que ha perdido el Ed\u00e9n, no s\u00e9\nLa respuesta que doy cuando por ti me preguntan\nPorque lo mismo me pregunto cuando observo tu tumba\nNo se trata de segundas ni de terceras partes\nSe trata de recordar a la mujer que fuiste antes\nSe trata de describir tu persona en su conjunto\nY responderme \u00bfPor qu\u00e9 no funciona el \"siempre juntos\"?\nPunto final, ya esta caja se cierra\nCon la intenci\u00f3n de que la abras y destruyas la Tierra, Pandora\nHey, no entiendo por qu\u00e9 lloras\nSi lo que destruimos, lo reconstruir\u00e1n otras personas\nY as\u00ed funciona, aunque sigo sin entender\nTu concepto sobre amar no me pudo enardecer\n\"El amor nunca fue amor cuando se deja vencer\"\nEntonces nunca se ha amado porque todos pueden perder\nEs otra noche m\u00e1s sin ti, sin embargo estoy sonriendo\n\u00bfVes como desde la primera barra estoy mintiendo?\nSon 5:09 A.M.: Antes de Marcharme\nEsa fue la hora que escog\u00ed para por fin despegarmeEmbed"
}