{
 "_type": "song",
 "annotation_count": 1,
 "api_path": "/songs/1705719",
 "artist_names": "Los Rieleros Del Norte",
 "full_title": "Un Juego by\u00a0Los\u00a0Rieleros Del Norte",
 "header_image_thumbnail_url": "https://assets.genius.com/images/default_cover_image.png?1699303299",
 "header_image_url": "https://assets.genius.com/images/default_cover_image.png?1699303299",
 "id": 1705719,
 "instrumental": false,
 "lyrics_owner_id": 1549345,
 "lyrics_state": "complete",
 "lyrics_updated_at": 1429904920,
 "path": "/Los-rieleros-del-norte-un-juego-lyrics",
 "pyongs_count": null,
 "relationships_index_url": "https://genius.com/Los-rieleros-del-norte-un-juego-sample",
 "release_date_components": null,
 "release_date_for_display": null,
 "release_date_with_abbreviated_month_for_display": null,
 "song_art_image_thumbnail_url": "https://assets.genius.com/images/default_cover_image.png?1699303299",
 "song_art_image_url": "https://assets.genius.com/images/default_cover_image.png?1699303299",
 "stats": {
  "unreviewed_annotations": 0,
  "hot": false
 },
 "title": "Un Juego",
 "title_with_featured": "Un Juego",
 "updated_by_human_at": 1481232385,
 "url": "https://genius.com/Los-rieleros-del-norte-un-juego-lyrics",
 "featured_artists": [],
 "primary_artist": {
  "_type": "artist",
  "api_path": "/artists/364258",
  "header_image_url": "https://assets.genius.com/images/default_avatar_300.png?1699303299",
  "id": 364258,
  "image_url": "https://assets.genius.com/images/default_avatar_300.png?1699303299",
  "index_character": "l",
  "is_meme_verified": false,
  "is_verified": false,
  "name": "Los Rieleros Del Norte",
  "slug": "Los-rieleros-del-norte",
  "url": "https://genius.com/artists/Los-rieleros-del-norte"
 },
 "artist": "Los Rieleros Del Norte",
 "lyrics": "1 ContributorUn Juego LyricsNos prometimos tantas cosas\nY una de ellas fue querernos hasta al fin\nCuando dices francamente que me dejas\nEsa es la pero sorpresa que pod\u00eda esperar de ti\n\nHoy me doy cuenta que mentiste\nNo me entregaste nada de tu coraz\u00f3n\nYo creyendo que en mis brazos encontrabas\nTodo lo que tu so\u00f1abas pero hay que decepci\u00f3n\n\nMe decepciona que no me supiste amar\nY que yo en cambio si te di mi amor sincero\nY fui dejando no ser nada para ti\nQue lamentablemente fui tu juego\n\nUn juego que se acaba hoy\nUn juego sucio que yo he perdido\nUn juego cruel que inventas tu\nPara burlarte de mi coraz\u00f3n\n\nMe decepciona que no me supiste amar\nY que yo en cambio si te di mi amor sincero\nY fui dejando no ser nada para ti\nQue lamentablemente fui tu juego\n\nUn juego que se acaba hoy\nUn juego sucio que yo he perdido\nUn juego cruel que inventas tu\nPara burlarte de en mi coraz\u00f3nYou might also likeEmbed"
}