{
 "_type": "song",
 "annotation_count": 1,
 "api_path": "/songs/1430567",
 "artist_names": "The Brian Setzer Orchestra",
 "full_title": "Dirty Boogie by\u00a0The\u00a0Brian Setzer Orchestra",
 "header_image_thumbnail_url": "https://images.genius.com/afb09e1b0e760a4a4496cd9794621134.300x297x1.jpg",
 "header_image_url": "https://images.genius.com/afb09e1b0e760a4a4496cd9794621134.1000x989x1.jpg",
 "id": 1430567,
 "instrumental": false,
 "lyrics_owner_id": 1549345,
 "lyrics_state": "complete",
 "lyrics_updated_at": 1429840226,
 "path": "/The-brian-setzer-orchestra-dirty-boogie-lyrics",
 "pyongs_count": null,
 "relationships_index_url": "https://genius.com/The-brian-setzer-orchestra-dirty-boogie-sample",
 "release_date_components": null,
 "release_date_for_display": null,
 "release_date_with_abbreviated_month_for_display": null,
 "song_art_image_thumbnail_url": "https://images.genius.com/afb09e1b0e760a4a4496cd9794621134.300x297x1.jpg",
 "song_art_image_url": "https://images.genius.com/afb09e1b0e760a4a4496cd9794621134.1000x989x1.jpg",
 "stats": {
  "unreviewed_annotations": 0,
  "hot": false
 },
 "title": "Dirty Boogie",
 "title_with_featured": "Dirty Boogie",
 "updated_by_human_at": 1477037091,
 "url": "https://genius.com/The-brian-setzer-orchestra-dirty-boogie-lyrics",
 "featured_artists": [],
 "primary_artist": {
  "_type": "artist",
  "api_path": "/artists/355652",
  "header_image_url": "https://images.genius.com/09d836ec91f7dd23e0f10405f0bb5116.300x155x1.jpg",
  "id": 355652,
  "image_url": "https://images.genius.com/170f9f8c9bc92a9e1841cbe4e4acdef5.349x349x1.jpg",
  "index_character": "b",
  "is_meme_verified": false,
  "is_verified": false,
  "name": "The Brian Setzer Orchestra",
  "slug": "The-brian-setzer-orchestra",
  "url": "https://genius.com/artists/The-brian-setzer-orchestra"
 },
 "artist": "The Brian Setzer Orchestra",
 "lyrics": "1 ContributorDirty Boogie LyricsI got a little boogie but it ain't too clean!\nIt's real low down and it's kinda mean\nThe dirty boogie\nThe dirty boogie\nWhen I get low down, it's the dirty boogie for me\nThe dirty boogie! (What's it called?)\nThe dirty boogie! (Hey, you all!)\nThe dirty boogie! (How's it go?)\nThe dirty boogie! (Not too slow!)\nWhen I get low down, it's the dirty boogie for me!\nWell you rattle and shake, you moan and groan\nA girl like you I could never bring home\nThe dirty boogie\nThe dirty boogie\nWhen I get low down, it's the dirty boogie for me\nThe dirty boogie! (What's it called?)\nThe dirty boogie! (Hey, you all!)\nThe dirty boogie! (How's it go?)\nThe dirty boogie! (Not too slow!)\nWhen I get low down, it's the dirty boogie for me!\nThey're shakin' their hips and scream and shout\nAnd doin' things I can't talk about\nThe dirty boogie! Catch my drift?\nWhen I get low down, it's the dirty boogie for me!\nThe dirty boogie! (What's it called?)\nThe dirty boogie! (Hey you all!)\nThe dirty boogie! (How's it go?)\nThe dirty boogie! (Not too slow!)\nWhen I get low down, it's the dirty boogie for me!You might also likeEmbed"
}