{
 "_type": "song",
 "annotation_count": 4,
 "api_path": "/songs/244160",
 "artist_names": "The Doors",
 "full_title": "Love Her Madly by\u00a0The\u00a0Doors",
 "header_image_thumbnail_url": "https://images.genius.com/57cfcd49eb348cb7239bc9f9ed839118.300x298x1.jpg",
 "header_image_url": "https://images.genius.com/57cfcd49eb348cb7239bc9f9ed839118.979x973x1.jpg",
 "id": 244160,
 "instrumental": false,
 "lyrics_owner_id": 290239,
 "lyrics_state": "complete",
 "lyrics_updated_at": 1650467232,
 "path": "/The-doors-love-her-madly-lyrics",
 "pyongs_count": 5,
 "relationships_index_url": "https://genius.com/The-doors-love-her-madly-sample",
 "release_date_components": {
  "year": 1971,
  "month": 3,
  "day": 1
 },
 "release_date_for_display": "March 1, 1971",
 "release_date_with_abbreviated_month_for_display": "Mar. 1, 1971",
 "song_art_image_thumbnail_url": "https://images.genius.com/701b4a0fdd566b61e4a5f337a743ab21.300x300x1.jpg",
 "song_art_image_url": "https://images.genius.com/701b4a0fdd566b61e4a5f337a743ab21.1000x1000x1.jpg",
 "stats": {
  "unreviewed_annotations": 1,
  "hot": false,
  "pageviews": 137923
 },
 "title": "Love Her Madly",
 "title_with_featured": "Love Her Madly",
 "updated_by_human_at": 1650467232,
 "url": "https://genius.com/The-doors-love-her-madly-lyrics",
 "featured_artists": [],
 "primary_artist": {
  "_type": "artist",
  "api_path": "/artists/601",
  "header_image_url": "https://images.genius.com/497e3700dd979d2d43f3480d5a67028c.1000x563x1.jpg",
  "id": 601,
  "image_url": "https://images.genius.com/38fa7e8d413953545eb24a974b21847e.570x570x1.jpg",
  "index_character": "d",
  "is_meme_verified": false,
  "is_verified": false,
  "name": "The Doors",
  "slug": "The-doors",
  "url": "https://genius.com/artists/The-doors"
 },
 "artist": "The Doors",
 "lyrics": "20 ContributorsLove Her Madly Lyrics[Intro]\nDon't ya love her madly?\nDon't ya need her badly?\nDon't ya love her ways?\nTell me what you say\n\n[Verse]\nDon't you love her madly?\nWanna be her daddy?\nDon't ya love her face?\nDon't ya love her as she's walkin' out the door\nLike she did one thousand times before?\n\n[Bridge]\nDon't you love her ways?\nTell me what you say\nDon't ya love her as she's walking out the door?\n\n[Chorus 1]\nAll your love\nAll your love\nAll your love\nAll your love\n\n[Chorus 2]\nAll your love is gone\nSo sing a lonely song\nOf a deep blue dream\nSeven horses seem to be on the mark\nYou might also like[Organ Solo]\n\n[Bridge]\nYeah, don't you love her?\nDon't you love her as she's walking out the door?\n\n[Chorus 1]\nAll your love\nAll your love\nAll your love\n\n[Chorus 2]\nYeah, all your love is gone\nSo sing a lonely song\nOf a deep blue dream\nSeven horses seem to be on the mark\n\n[Guitar Solo]\n\n[Outro]\nDon't you love her madly?\nWell, don't ya love her madly?\nDon't you love her madly?5Embed"
}