{
 "_type": "song",
 "annotation_count": 1,
 "api_path": "/songs/809452",
 "artist_names": "Noah and the Whale",
 "full_title": "Give A Little Love by\u00a0Noah\u00a0and the Whale",
 "header_image_thumbnail_url": "https://images.genius.com/8cd6d1246a869641dfee22a7c1d8506a.300x298x1.jpg",
 "header_image_url": "https://images.genius.com/8cd6d1246a869641dfee22a7c1d8506a.700x696x1.jpg",
 "id": 809452,
 "instrumental": false,
 "lyrics_owner_id": 1549345,
 "lyrics_state": "complete",
 "lyrics_updated_at": 1512002214,
 "path": "/Noah-and-the-whale-give-a-little-love-lyrics",
 "pyongs_count": 1,
 "relationships_index_url": "https://genius.com/Noah-and-the-whale-give-a-little-love-sample",
 "release_date_components": {
  "year": 2008,
  "month": 8,
  "day": 11
 },
 "release_date_for_display": "August 11, 2008",
 "release_date_with_abbreviated_month_for_display": "Aug. 11, 2008",
 "song_art_image_thumbnail_url": "https://images.genius.com/8cd6d1246a869641dfee22a7c1d8506a.300x298x1.jpg",
 "song_art_image_url": "https://images.genius.com/8cd6d1246a869641dfee22a7c1d8506a.700x696x1.jpg",
 "stats": {
  "unreviewed_annotations": 1,
  "hot": false,
  "pageviews": 9810
 },
 "title": "Give A Little Love",
 "title_with_featured": "Give A Little Love",
 "updated_by_human_at": 1512002214,
 "url": "https://genius.com/Noah-and-the-whale-give-a-little-love-lyrics",
 "featured_artists": [],
 "primary_artist": {
  "_type": "artist",
  "api_path": "/artists/53779",
  "header_image_url": "https://images.genius.com/21c2cc903765b6bc40f6b7e7ce3ce0b1.618x412x1.jpg",
  "id": 53779,
  "image_url": "https://images.genius.com/71f12c7bbbc4bb8fe283dbe76f7a4dcf.512x512x1.jpg",
  "index_character": "n",
  "is_meme_verified": false,
  "is_verified": false,
  "name": "Noah and the Whale",
  "slug": "Noah-and-the-whale",
  "url": "https://genius.com/artists/Noah-and-the-whale"
 },
 "artist": "Noah and the Whale",
 "lyrics": "4 ContributorsGive A Little Love LyricsWell I know my death will not come\n'Til I breathe all the air out my lungs\n'Til my final tune is sung\nThat all is fleeting\nYeah, but all is good\nAnd my love is my whole being\nAnd I've shared what I could\nBut if you give a little love, you can get a little love of your own\nDon't break his heart\nYeah if you give a little love, you can get a little love of your own\nDon't break his heart\n\nWell my heart is bigger than the earth\nAnd though life is what gave it love first\nLife is not all that it's worth\n'Cause life is fleeting\nYeah, but I love you\nAnd my love surrounds you like an ether\nIn everything that you do\nBut if you give a little love, you can get a little love of your own\nDon't break his heart\nYeah if you give a little love, you can get a little love of your own\nDon't break his heart\nYeah if you give a little love, you can get a little love of your own\nDon't break his heart\nYeah if you give a little love, you can get a little love of your own\nDon't break his heart\nYou might also likeWell if you are (what you love)\nAnd you do (what you love)\nI will always be the sun and moon to you\nAnd if you share (with your heart)\nYeah, you give (with your heart)\nWhat you share with the world is what it keeps of you1Embed"
}