{
 "_type": "song",
 "annotation_count": 0,
 "api_path": "/songs/209314",
 "artist_names": "Best Coast",
 "full_title": "Honey by\u00a0Best\u00a0Coast",
 "header_image_thumbnail_url": "https://images.genius.com/29d59151fe47c672d3463ba035e2bacd.300x300x1.png",
 "header_image_url": "https://images.genius.com/29d59151fe47c672d3463ba035e2bacd.1000x1000x1.png",
 "id": 209314,
 "instrumental": false,
 "lyrics_owner_id": 125524,
 "lyrics_state": "complete",
 "lyrics_updated_at": 1616250607,
 "path": "/Best-coast-honey-lyrics",
 "pyongs_count": null,
 "relationships_index_url": "https://genius.com/Best-coast-honey-sample",
 "release_date_components": {
  "year": 2010,
  "month": 7,
  "day": 27
 },
 "release_date_for_display": "July 27, 2010",
 "release_date_with_abbreviated_month_for_display": "Jul. 27, 2010",
 "song_art_image_thumbnail_url": "https://images.genius.com/29d59151fe47c672d3463ba035e2bacd.300x300x1.png",
 "song_art_image_url": "https://images.genius.com/29d59151fe47c672d3463ba035e2bacd.1000x1000x1.png",
 "stats": {
  "unreviewed_annotations": 0,
  "hot": false
 },
 "title": "Honey",
 "title_with_featured": "Honey",
 "updated_by_human_at": 1616250607,
 "url": "https://genius.com/Best-coast-honey-lyrics",
 "featured_artists": [],
 "primary_artist": {
  "_type": "artist",
  "api_path": "/artists/21187",
  "header_image_url": "https://s3.amazonaws.com/rapgenius/1362389333_bc_02-shot2_0148.jpeg",
  "id": 21187,
  "image_url": "https://s3.amazonaws.com/rapgenius/1362389333_bc_02-shot2_0148.jpeg",
  "index_character": "b",
  "is_meme_verified": true,
  "is_verified": true,
  "name": "Best Coast",
  "slug": "Best-coast",
  "url": "https://genius.com/artists/Best-coast",
  "iq": 0
 },
 "artist": "Best Coast",
 "lyrics": "5 ContributorsHoney Lyrics[Verse 1]\nHoney, you're so fine\nI wanna be with you all of the time\nI couldn't tell you just how much I loved you\nBut now that you're all mine, I'll tell you all the time\n\n[Verse 2]\nHoney, you're so sweet\nI wanna be with you every week\nI couldn't tell you just how much I loved you\nBut now that you're mine, I'll tell you all the time\n\n[Chorus]\nHoney\nHoney\nHoney\nHoney\n\n[Verse 3]\nYou're so good to me when you go away\nBut when you get home you don't have much to say\nIt doesn't matter to me either way\nAll I want is for you to stay\n\n[Chorus]\nHoney\nHoney\nHoney\nHoney\nHoney\nHoney\nHoney\nHoneyYou might also likeEmbed"
}