{
 "_type": "song",
 "annotation_count": 6,
 "api_path": "/songs/212648",
 "artist_names": "Kaiser Chiefs",
 "full_title": "I Predict a Riot by\u00a0Kaiser\u00a0Chiefs",
 "header_image_thumbnail_url": "https://images.genius.com/0947c9a2a466751a7a9591c13f0c7495.300x300x1.jpg",
 "header_image_url": "https://images.genius.com/0947c9a2a466751a7a9591c13f0c7495.500x500x1.jpg",
 "id": 212648,
 "instrumental": false,
 "lyrics_owner_id": 10380,
 "lyrics_state": "complete",
 "lyrics_updated_at": 1664230801,
 "path": "/Kaiser-chiefs-i-predict-a-riot-lyrics",
 "pyongs_count": 4,
 "relationships_index_url": "https://genius.com/Kaiser-chiefs-i-predict-a-riot-sample",
 "release_date_components": {
  "year": 2004,
  "month": 11,
  "day": 1
 },
 "release_date_for_display": "November 1, 2004",
 "release_date_with_abbreviated_month_for_display": "Nov. 1, 2004",
 "song_art_image_thumbnail_url": "https://images.genius.com/a4e8ea41d1179cc569637f1c54f5b132.300x301x1.jpg",
 "song_art_image_url": "https://images.genius.com/a4e8ea41d1179cc569637f1c54f5b132.300x301x1.jpg",
 "stats": {
  "unreviewed_annotations": 2,
  "hot": false,
  "pageviews": 51209
 },
 "title": "I Predict a Riot",
 "title_with_featured": "I Predict a Riot",
 "updated_by_human_at": 1664230801,
 "url": "https://genius.com/Kaiser-chiefs-i-predict-a-riot-lyrics",
 "featured_artists": [],
 "primary_artist": {
  "_type": "artist",
  "api_path": "/artists/68784",
  "header_image_url": "https://images.genius.com/aab2bc602647c9818af01a01a17e8589.1000x289x1.jpg",
  "id": 68784,
  "image_url": "https://images.genius.com/aaa7f105b6261067db60b74b8d8c5480.568x568x1.jpg",
  "index_character": "k",
  "is_meme_verified": false,
  "is_verified": false,
  "name": "Kaiser Chiefs",
  "slug": "Kaiser-chiefs",
  "url": "https://genius.com/artists/Kaiser-chiefs"
 },
 "artist": "Kaiser Chiefs",
 "lyrics": "27 ContributorsI Predict a Riot Lyrics[Verse 1]\nWatching the people get lairy\nIt's not very pretty I tell thee\nWalking through town is quite scary\nIt's not very sensible either\nA friend of a friend he got beaten\nHe looked the wrong way at a policeman\nWould never have happened to Smeaton\nAn Old Leodensian\n\n[Pre-Chorus]\nLa...la la la la la\nAh...la la la la la\n\n[Chorus]\nI predict a riot\nI predict a riot\nI predict a riot\nI predict a riot\n\n[Verse 2]\nI tried to get to my taxi\nThe man in a tracksuit attacks me\nHe said that he saw it before me\nAnd wants to get things a bit gory\nGirls scrabble round with no clothes on\nTo borrow a pound for a condom\nIf it wasn't for chip fat they'd be frozen\nThey're not very sensible\nSee Kaiser Chiefs LiveGet tickets as low as $74You might also like[Pre-Chorus]\nLa...la la la la la\nAh...la la la la la\n\n[Chorus]\nI predict a riot\nI predict a riot\nI predict a riot\nI predict a riot\n\n[Bridge]\nAnd if there's anybody left in here\nThat doesn't want to be out there\nAh...\n\n[Verse 1 - Shortened]\nWatching the people get lairy\nIt's not very pretty I tell thee\nWalking through town is quite scary\nIt's not very sensible\n\n[Pre-Chorus]\nLa...la la la la la\nAh...la la la la la\n\n[Chorus]\nI predict a riot\nI predict a riot\nI predict a riot\nI predict a riot\n[Bridge]\nAnd if there's anybody left in here\nThat doesn't want to be out there\n\n[Chorus]\nI predict a riot\nI predict a riot\nI predict a riot\nI predict a riot4Embed"
}