{
 "_type": "song",
 "annotation_count": 0,
 "api_path": "/songs/2256215",
 "artist_names": "Michael Bolton",
 "full_title": "Said I Loved You...But I Lied by\u00a0Michael\u00a0Bolton",
 "header_image_thumbnail_url": "https://images.genius.com/5716d51d15ee5fff94d65a26d03f74dd.300x300x1.jpg",
 "header_image_url": "https://images.genius.com/5716d51d15ee5fff94d65a26d03f74dd.600x600x1.jpg",
 "id": 2256215,
 "instrumental": false,
 "lyrics_owner_id": 1987118,
 "lyrics_state": "complete",
 "lyrics_updated_at": 1683329517,
 "path": "/Michael-bolton-said-i-loved-you-but-i-lied-lyrics",
 "pyongs_count": 1,
 "relationships_index_url": "https://genius.com/Michael-bolton-said-i-loved-you-but-i-lied-sample",
 "release_date_components": {
  "year": 1993,
  "month": 10,
  "day": 26
 },
 "release_date_for_display": "October 26, 1993",
 "release_date_with_abbreviated_month_for_display": "Oct. 26, 1993",
 "song_art_image_thumbnail_url": "https://images.genius.com/5716d51d15ee5fff94d65a26d03f74dd.300x300x1.jpg",
 "song_art_image_url": "https://images.genius.com/5716d51d15ee5fff94d65a26d03f74dd.600x600x1.jpg",
 "stats": {
  "unreviewed_annotations": 0,
  "hot": false,
  "pageviews": 16395
 },
 "title": "Said I Loved You...But I Lied",
 "title_with_featured": "Said I Loved You...But I Lied",
 "updated_by_human_at": 1683329517,
 "url": "https://genius.com/Michael-bolton-said-i-loved-you-but-i-lied-lyrics",
 "featured_artists": [],
 "primary_artist": {
  "_type": "artist",
  "api_path": "/artists/11634",
  "header_image_url": "https://images.genius.com/18e0cf2ceb690d51f8ef074c881bdf85.664x1000x1.jpg",
  "id": 11634,
  "image_url": "https://images.genius.com/18e0cf2ceb690d51f8ef074c881bdf85.664x1000x1.jpg",
  "index_character": "m",
  "is_meme_verified": true,
  "is_verified": true,
  "name": "Michael Bolton",
  "slug": "Michael-bolton",
  "url": "https://genius.com/artists/Michael-bolton",
  "iq": 1322
 },
 "artist": "Michael Bolton",
 "lyrics": "18 ContributorsSaid I Loved You...But I Lied Lyrics[Intro]\nOoh-ooh, ooh-ooh\n\n[Verse 1]\nYou are the candle, love's the flame\nA fire that burns through wind and rain\nShine your light on this heart of mine\n'Til the end of time\n\n[Pre-Chorus]\nYou came to me like the dawn through the night\nJust shinin' like the sun\nOut of my dreams and into my life\nYou are the one, you are the one\n\n[Chorus]\nSaid I loved you but I lied\n'Cause this is more than love I feel inside\nSaid I loved you but I was wrong\n'Cause love could never ever feel so strong\nSaid I loved you but I lied\n\n[Verse 2]\nWith all my soul, I've tried in vain\nHow can mere words my heart explain?\nThis taste of heaven, so deep, so true\nI've found in you\nSee Michael Bolton LiveGet tickets as low as $53You might also like[Pre-Chorus]\nSo many reasons in so many ways\nMy life has just begun\nNeed you forever, I need you to stay\nYou are the one, you are the one\n\n[Chorus]\nSaid I loved you but I lied\n'Cause this is more than love I feel inside\nSaid I loved you but I was wrong\n'Cause love could never ever feel so strong\nSaid I loved you but I lied\n\n[Pre-Chorus]\nYou came to me like the dawn through the night\nJust shinin' like the sun\nOut of my dreams and into my life\nYou are the one, you are the one\n\n[Chorus]\nSaid I loved you but I lied\n'Cause this is more than love I feel inside\nSaid I loved you but I was wrong\n'Cause love could never ever feel so strong\nSaid I loved you\n[Outro]\nBut this is more than love I feel inside\nSaid I loved you...but I lied1Embed"
}