{
 "_type": "song",
 "annotation_count": 1,
 "api_path": "/songs/1206633",
 "artist_names": "Bebel Gilberto",
 "full_title": "Aganj\u00fa by\u00a0Bebel\u00a0Gilberto",
 "header_image_thumbnail_url": "https://images.genius.com/74d93a2ffe20ceab0d5f7c77c7f5878b.300x300x1.png",
 "header_image_url": "https://images.genius.com/74d93a2ffe20ceab0d5f7c77c7f5878b.600x600x1.png",
 "id": 1206633,
 "instrumental": false,
 "lyrics_owner_id": 1549345,
 "lyrics_state": "complete",
 "lyrics_updated_at": 1429695010,
 "path": "/Bebel-gilberto-aganju-lyrics",
 "pyongs_count": null,
 "relationships_index_url": "https://genius.com/Bebel-gilberto-aganju-sample",
 "release_date_components": null,
 "release_date_for_display": null,
 "release_date_with_abbreviated_month_for_display": null,
 "song_art_image_thumbnail_url": "https://images.genius.com/74d93a2ffe20ceab0d5f7c77c7f5878b.300x300x1.png",
 "song_art_image_url": "https://images.genius.com/74d93a2ffe20ceab0d5f7c77c7f5878b.600x600x1.png",
 "stats": {
  "unreviewed_annotations": 0,
  "hot": false
 },
 "title": "Aganj\u00fa",
 "title_with_featured": "Aganj\u00fa",
 "updated_by_human_at": 1498762789,
 "url": "https://genius.com/Bebel-gilberto-aganju-lyrics",
 "featured_artists": [],
 "primary_artist": {
  "_type": "artist",
  "api_path": "/artists/363992",
  "header_image_url": "https://images.genius.com/4a2fb81111a124c3fac674831ff1e3c3.914x212x1.png",
  "id": 363992,
  "image_url": "https://images.genius.com/3479f07244fb6399f90ff04fb22e116d.537x537x1.png",
  "index_character": "b",
  "is_meme_verified": false,
  "is_verified": false,
  "name": "Bebel Gilberto",
  "slug": "Bebel-gilberto",
  "url": "https://genius.com/artists/Bebel-gilberto"
 },
 "artist": "Bebel Gilberto",
 "lyrics": "2 ContributorsAganj\u00fa LyricsTe esperei na lua crescer\nV\u00ed cadeira boa sentei\nEspirrei na tua gripei\nPor ficar ao l\u00e9o resfriei\n\nVoc\u00ea me agradou me acertou\nMe miseravou, me aqueceu\nMe rasgou a roupa e valeu\nE jurou conversas de deus\n\nAganj\u00fa\nAganj\u00fa\nAganj\u00fa\nAganj\u00fa\nAganj\u00fa\nAganj\u00fa\n\nQuem sabe a labuta quitar\nSabe o trabalho que d\u00e1\nBatalhar o p\u00e3o e trazer\nPara a casa o sobreviver\n\nEncontrei na rua a quest\u00e3o\nCem por cento a falta de ch\u00e3o\nVou rezar pr\u00e1 nunca perder\nEssa estrutura que \u00e9 voc\u00ea\nYou might also likeAganj\u00fa\nAganj\u00fa\nAganj\u00fa\nAganj\u00fa\nAganj\u00fa\nAganj\u00faEmbed"
}