{
 "_type": "song",
 "annotation_count": 4,
 "api_path": "/songs/688089",
 "artist_names": "Peter Gabriel",
 "full_title": "Digging in the Dirt by\u00a0Peter\u00a0Gabriel",
 "header_image_thumbnail_url": "https://images.genius.com/4d8ae266e7a5e32059b9276a79907f36.300x210x1.jpg",
 "header_image_url": "https://images.genius.com/4d8ae266e7a5e32059b9276a79907f36.1000x699x1.jpg",
 "id": 688089,
 "instrumental": false,
 "lyrics_owner_id": 1973584,
 "lyrics_state": "complete",
 "lyrics_updated_at": 1679604877,
 "path": "/Peter-gabriel-digging-in-the-dirt-lyrics",
 "pyongs_count": 3,
 "relationships_index_url": "https://genius.com/Peter-gabriel-digging-in-the-dirt-sample",
 "release_date_components": {
  "year": 1992,
  "month": 9,
  "day": 14
 },
 "release_date_for_display": "September 14, 1992",
 "release_date_with_abbreviated_month_for_display": "Sep. 14, 1992",
 "song_art_image_thumbnail_url": "https://images.genius.com/b84fa9d87fda2319ae2c9571363588e1.300x300x1.jpg",
 "song_art_image_url": "https://images.genius.com/b84fa9d87fda2319ae2c9571363588e1.844x844x1.jpg",
 "stats": {
  "unreviewed_annotations": 2,
  "hot": false,
  "pageviews": 10597
 },
 "title": "Digging in the Dirt",
 "title_with_featured": "Digging in the Dirt",
 "updated_by_human_at": 1690064617,
 "url": "https://genius.com/Peter-gabriel-digging-in-the-dirt-lyrics",
 "featured_artists": [],
 "primary_artist": {
  "_type": "artist",
  "api_path": "/artists/36564",
  "header_image_url": "https://images.genius.com/4a56ece7d9ee6c56ff9e4afb5bee8a0b.734x941x1.jpg",
  "id": 36564,
  "image_url": "https://images.genius.com/c3b9d1e0a3444a01bc9e0e3c4cfbd60f.418x418x1.jpg",
  "index_character": "p",
  "is_meme_verified": false,
  "is_verified": false,
  "name": "Peter Gabriel",
  "slug": "Peter-gabriel",
  "url": "https://genius.com/artists/Peter-gabriel"
 },
 "artist": "Peter Gabriel",
 "lyrics": "10 ContributorsDigging in the Dirt Lyrics[Verse 1]\nSomething in me, dark and sticky\nAll the time it's getting strong\nNo way of dealing with this feeling\nCan't go on like this too long\n\n[Refrain]\nThis time you've gone too far\nThis time you've gone too far\nThis time you've gone too far\nI told you, I told you, I told you, I told you\nThis time you've gone too far\nThis time you've gone too far\nThis time you've gone too far\nI told you, I told you, I told you, I told you\n\n[Pre-Chorus]\nDon't talk back, just drive the car\nShut your mouth, I know what you are\nDon't say nothing keep your hands on the wheel\nDon't turn around, this is for real\n\n[Chorus]\nDigging in the dirt\nStay with me, I need support\nI'm digging in the dirt\nTo find the places I got hurt\nOpen up the places I got hurt\nYou might also like[Verse 2]\nThe more I look, the more I find\nAs I close on in, I get so blind\nI feel it in my head, I feel it in my toes\nI feel it in my sex, that's the place it goes\n\n[Refrain]\nThis time you've gone too far\nThis time you've gone too far\nThis time you've gone too far\nI told you, I told you, I told you, I told you\nThis time you've gone too far\nThis time you've gone too far\nThis time you've gone too far\nI told you, I told you, I told you, I told you\n\n[Pre-Chorus]\nDon't talk back, just drive the car\nShut your mouth, I know what you are\nDon't say nothing keep your hands on the wheel\nDon't turn around, this is for real\n\n[Chorus]\nDigging in the dirt\nStay with me, I need support\nI'm digging in the dirt\nTo find the places I got hurt\nOpen up the places I got hurt\nI'm digging in the dirt\nStay with me, I need support\nI'm digging in the dirt\nTo find the places I got hurt\nOpen up the places I got hurt\n\n[Outro]\nDigging in the dirt\nTo find the places we got hurt\nDigging in the dirt\nTo find the places we got hurt\nDigging in the dirt\nTo find the places we got hurt\nDigging in the dirt\nTo find the places we got hurt\nDigging in the dirt\nTo find the places we got hurt\nDigging in the dirt\nTo find the places we got hurt\nDigging in the dirt\nTo find the places we got hurt\nDigging in the dirt3Embed"
}