{
 "_type": "song",
 "annotation_count": 1,
 "api_path": "/songs/2107285",
 "artist_names": "Emerson, Lake & Palmer",
 "full_title": "From the Beginning by\u00a0Emerson,\u00a0Lake & Palmer",
 "header_image_thumbnail_url": "https://images.genius.com/e6ba2934911869f430ae8331440f1628.300x300x1.jpg",
 "header_image_url": "https://images.genius.com/e6ba2934911869f430ae8331440f1628.600x600x1.jpg",
 "id": 2107285,
 "instrumental": false,
 "lyrics_owner_id": 1056725,
 "lyrics_state": "complete",
 "lyrics_updated_at": 1661609720,
 "path": "/Emerson-lake-and-palmer-from-the-beginning-lyrics",
 "pyongs_count": 1,
 "relationships_index_url": "https://genius.com/Emerson-lake-and-palmer-from-the-beginning-sample",
 "release_date_components": {
  "year": 1972,
  "month": 7,
  "day": 6
 },
 "release_date_for_display": "July 6, 1972",
 "release_date_with_abbreviated_month_for_display": "Jul. 6, 1972",
 "song_art_image_thumbnail_url": "https://images.genius.com/e6ba2934911869f430ae8331440f1628.300x300x1.jpg",
 "song_art_image_url": "https://images.genius.com/e6ba2934911869f430ae8331440f1628.600x600x1.jpg",
 "stats": {
  "unreviewed_annotations": 0,
  "hot": false,
  "pageviews": 19655
 },
 "title": "From the Beginning",
 "title_with_featured": "From the Beginning",
 "updated_by_human_at": 1672588666,
 "url": "https://genius.com/Emerson-lake-and-palmer-from-the-beginning-lyrics",
 "featured_artists": [],
 "primary_artist": {
  "_type": "artist",
  "api_path": "/artists/86378",
  "header_image_url": "https://images.genius.com/3e8fbee948f1586ea72fbf88671b8335.400x303x1.jpg",
  "id": 86378,
  "image_url": "https://images.genius.com/3e8fbee948f1586ea72fbf88671b8335.400x303x1.jpg",
  "index_character": "e",
  "is_meme_verified": false,
  "is_verified": false,
  "name": "Emerson, Lake & Palmer",
  "slug": "Emerson-lake-and-palmer",
  "url": "https://genius.com/artists/Emerson-lake-and-palmer"
 },
 "artist": "Emerson, Lake & Palmer",
 "lyrics": "16 ContributorsFrom the Beginning Lyrics[Verse 1]\nThere might have been things I missed\nBut don't be unkind\nIt don't mean I'm blind\n\nPerhaps there's a thing or two\nI think of, lying in bed\nI shouldn't have said\nBut there it is\n\n[Chorus]\nYou see it's all clear\nYou were meant to be here\nFrom the beginning\n\n[Verse 2]\nMaybe I might've changed\nAnd not been so cruel\nNot been such a fool\n\nWhatever was done is done\nI just can't recall\nIt doesn't matter at all\n\n[Chorus]\nYou see it's all clear\nYou were meant to be here\nFrom the beginning\nSee Emerson, Lake & Palmer LiveGet tickets as low as $30You might also like[Instrumental Outro]1Embed"
}