{
 "_type": "song",
 "annotation_count": 1,
 "api_path": "/songs/1637533",
 "artist_names": "Dan Deacon",
 "full_title": "Wet Wings by\u00a0Dan\u00a0Deacon",
 "header_image_thumbnail_url": "https://images.genius.com/c7f7cfc354fd2184f4fe0be3943175f7.300x300x1.jpg",
 "header_image_url": "https://images.genius.com/c7f7cfc354fd2184f4fe0be3943175f7.1000x1000x1.jpg",
 "id": 1637533,
 "instrumental": false,
 "lyrics_owner_id": 1549345,
 "lyrics_state": "complete",
 "lyrics_updated_at": 1429901253,
 "path": "/Dan-deacon-wet-wings-lyrics",
 "pyongs_count": null,
 "relationships_index_url": "https://genius.com/Dan-deacon-wet-wings-sample",
 "release_date_components": {
  "year": 2009,
  "month": 3,
  "day": 24
 },
 "release_date_for_display": "March 24, 2009",
 "release_date_with_abbreviated_month_for_display": "Mar. 24, 2009",
 "song_art_image_thumbnail_url": "https://images.genius.com/c7f7cfc354fd2184f4fe0be3943175f7.300x300x1.jpg",
 "song_art_image_url": "https://images.genius.com/c7f7cfc354fd2184f4fe0be3943175f7.1000x1000x1.jpg",
 "stats": {
  "unreviewed_annotations": 0,
  "hot": false
 },
 "title": "Wet Wings",
 "title_with_featured": "Wet Wings",
 "updated_by_human_at": 1660159775,
 "url": "https://genius.com/Dan-deacon-wet-wings-lyrics",
 "featured_artists": [],
 "primary_artist": {
  "_type": "artist",
  "api_path": "/artists/26484",
  "header_image_url": "https://images.genius.com/5f972299cbba8eb6870bfe20ff0bb439.1000x563x1.jpg",
  "id": 26484,
  "image_url": "https://images.genius.com/be8c110b6d6de16af64947e59a96ae1b.447x447x1.jpg",
  "index_character": "d",
  "is_meme_verified": false,
  "is_verified": false,
  "name": "Dan Deacon",
  "slug": "Dan-deacon",
  "url": "https://genius.com/artists/Dan-deacon"
 },
 "artist": "Dan Deacon",
 "lyrics": "4 ContributorsWet Wings LyricsThe day is past and gone\nThe hour of death is nearSee Dan Deacon LiveGet tickets as low as $32You might also likeEmbed"
}