{
 "_type": "song",
 "annotation_count": 1,
 "api_path": "/songs/1334487",
 "artist_names": "Cold",
 "full_title": "Wicked World by\u00a0Cold",
 "header_image_thumbnail_url": "https://images.rapgenius.com/2c98431920faa4f4eb4555e618560a7a.220x220x1.jpg",
 "header_image_url": "https://images.rapgenius.com/2c98431920faa4f4eb4555e618560a7a.220x220x1.jpg",
 "id": 1334487,
 "instrumental": false,
 "lyrics_owner_id": 1549345,
 "lyrics_state": "complete",
 "lyrics_updated_at": 1429769556,
 "path": "/Cold-wicked-world-lyrics",
 "pyongs_count": 1,
 "relationships_index_url": "https://genius.com/Cold-wicked-world-sample",
 "release_date_components": {
  "year": 2011,
  "month": 5,
  "day": 10
 },
 "release_date_for_display": "May 10, 2011",
 "release_date_with_abbreviated_month_for_display": "May. 10, 2011",
 "song_art_image_thumbnail_url": "https://images.rapgenius.com/2c98431920faa4f4eb4555e618560a7a.220x220x1.jpg",
 "song_art_image_url": "https://images.rapgenius.com/2c98431920faa4f4eb4555e618560a7a.220x220x1.jpg",
 "stats": {
  "unreviewed_annotations": 0,
  "hot": false
 },
 "title": "Wicked World",
 "title_with_featured": "Wicked World",
 "updated_by_human_at": 1669904407,
 "url": "https://genius.com/Cold-wicked-world-lyrics",
 "featured_artists": [],
 "primary_artist": {
  "_type": "artist",
  "api_path": "/artists/161176",
  "header_image_url": "https://images.genius.com/b005b487bcae195d0ea6c2cd780fa243.1000x563x1.jpg",
  "id": 161176,
  "image_url": "https://images.genius.com/1541cb9f401fa2b84f346ec77066ff72.400x400x1.jpg",
  "index_character": "c",
  "is_meme_verified": false,
  "is_verified": false,
  "name": "Cold",
  "slug": "Cold",
  "url": "https://genius.com/artists/Cold"
 },
 "artist": "Cold",
 "lyrics": "2 ContributorsWicked World LyricsThere\u2019s blood on the gun\nThat\u2019s in your hand\nAnd the murder in front of you\nSend out the wolves\nThe King is dead\nLittle pills taking over\n\nThis means war\nDid the sun just burn out\nLeaving you all alone\n\nLiving in a wicked world\nWe\u2019re living in a wicked world\nThere\u2019s no way you will escape\nNo one ever gets away\n\nLove was the fuel\nThat drove your sin\nWhen the Majesty followed you\nThe witches dance\nThe night begins\nAnd the heart's taking over\n\nThe Royalty won\u2019t wash away\nIt\u2019s his scent that's inside of you\nOff with her head\nThe Queen, she screams\nLittle pills taking over\nYou might also likeThis means war\nDid the sun just burn out\nLeaving you all alone\n\nLiving in a wicked world\nWe\u2019re living in a wicked world\nThere\u2019s no way you will escape\nNo one ever gets away\n\nLiving in a wicked world\nWe\u2019re living in a wicked world\nIt\u2019s a wicked world\nWill someone save me\nSave me\n\nSomebody save me\nSomebody save me1Embed"
}