{
 "_type": "song",
 "annotation_count": 0,
 "api_path": "/songs/1187048",
 "artist_names": "Anita Baker",
 "full_title": "You Bring Me Joy by\u00a0Anita\u00a0Baker",
 "header_image_thumbnail_url": "https://images.genius.com/625f7b3960c29aa87c25e752d6cf4393.300x300x1.jpg",
 "header_image_url": "https://images.genius.com/625f7b3960c29aa87c25e752d6cf4393.640x640x1.jpg",
 "id": 1187048,
 "instrumental": false,
 "lyrics_owner_id": 3492882,
 "lyrics_state": "complete",
 "lyrics_updated_at": 1673500635,
 "path": "/Anita-baker-you-bring-me-joy-lyrics",
 "pyongs_count": null,
 "relationships_index_url": "https://genius.com/Anita-baker-you-bring-me-joy-sample",
 "release_date_components": {
  "year": 1986,
  "month": 3,
  "day": 20
 },
 "release_date_for_display": "March 20, 1986",
 "release_date_with_abbreviated_month_for_display": "Mar. 20, 1986",
 "song_art_image_thumbnail_url": "https://images.genius.com/625f7b3960c29aa87c25e752d6cf4393.300x300x1.jpg",
 "song_art_image_url": "https://images.genius.com/625f7b3960c29aa87c25e752d6cf4393.640x640x1.jpg",
 "stats": {
  "unreviewed_annotations": 0,
  "hot": false,
  "pageviews": 20286
 },
 "title": "You Bring Me Joy",
 "title_with_featured": "You Bring Me Joy",
 "updated_by_human_at": 1684941509,
 "url": "https://genius.com/Anita-baker-you-bring-me-joy-lyrics",
 "featured_artists": [],
 "primary_artist": {
  "_type": "artist",
  "api_path": "/artists/1216",
  "header_image_url": "https://images.genius.com/fbdfa256bdea13d469798a582dab134f.900x900x1.jpg",
  "id": 1216,
  "image_url": "https://images.genius.com/fbdfa256bdea13d469798a582dab134f.900x900x1.jpg",
  "index_character": "a",
  "is_meme_verified": false,
  "is_verified": false,
  "name": "Anita Baker",
  "slug": "Anita-baker",
  "url": "https://genius.com/artists/Anita-baker"
 },
 "artist": "Anita Baker",
 "lyrics": "6 ContributorsYou Bring Me Joy Lyrics[Verse 1]\nYou bring me joy\nWhen I'm down\nOh so much joy\nWhen I lose my way, your love comes smiling on me\nI saw your face and then I knew\nWe would be friends\nI was so afraid but your eyes, they'd say, \"Come to me\"\nSo I'd say to you\n\"Can we talk for a while?\"\nYou'd say \"It's alright\"\nWhen you love me, I smile\nI feel your heart and you feel mine\nYou bring me joy\n\n[Verse 2]\nYou bring me joy\nDon't go too far away\nIf I can't see your face, I will remember your smile\nBut can this be right\nOh, and should we be friends\nI get lonely sometimes\nAnd I'm mixed up again\n'Cause you're the finest thing I've seen in all my life\nYou bring me joy\nSee Anita Baker LiveGet tickets as low as $9You might also like[Bridge]\n(My joy) My joy\n\n[Saxophone solo]\n\nI believe this is gonna be what you want it to be\nI just love you, I just, I love you, why can't you see\nThat you're the finest thing I've seen in all my life\nYou bring me joy\n\n[Outro]\n(My joy) You are, you're my joy\n(My joy) My... (You bring me joy) my joy\nI, thank you, baby, thank you, baby\n(You bring me joy)\nI just love you, baby\nI just love you, baby\nI...I just love you\nWhen I lose my way, your love comes smiling on meEmbed"
}