{
 "_type": "song",
 "annotation_count": 2,
 "api_path": "/songs/150907",
 "artist_names": "The Isley Brothers",
 "full_title": "Fight the Power, Pts. 1 & 2 by\u00a0The\u00a0Isley Brothers",
 "header_image_thumbnail_url": "https://images.genius.com/fe20e25ea6889d0a06491b80b59305f8.300x300x1.jpg",
 "header_image_url": "https://images.genius.com/fe20e25ea6889d0a06491b80b59305f8.1000x1000x1.jpg",
 "id": 150907,
 "instrumental": false,
 "lyrics_owner_id": 7705233,
 "lyrics_state": "complete",
 "lyrics_updated_at": 1666837979,
 "path": "/The-isley-brothers-fight-the-power-pts-1-and-2-lyrics",
 "pyongs_count": 3,
 "relationships_index_url": "https://genius.com/The-isley-brothers-fight-the-power-pts-1-and-2-sample",
 "release_date_components": {
  "year": 1975,
  "month": 6,
  "day": 7
 },
 "release_date_for_display": "June 7, 1975",
 "release_date_with_abbreviated_month_for_display": "Jun. 7, 1975",
 "song_art_image_thumbnail_url": "https://images.genius.com/fe20e25ea6889d0a06491b80b59305f8.300x300x1.jpg",
 "song_art_image_url": "https://images.genius.com/fe20e25ea6889d0a06491b80b59305f8.1000x1000x1.jpg",
 "stats": {
  "unreviewed_annotations": 0,
  "hot": false,
  "pageviews": 10198
 },
 "title": "Fight the Power, Pts. 1 & 2",
 "title_with_featured": "Fight the Power, Pts. 1 & 2",
 "updated_by_human_at": 1666837979,
 "url": "https://genius.com/The-isley-brothers-fight-the-power-pts-1-and-2-lyrics",
 "featured_artists": [],
 "primary_artist": {
  "_type": "artist",
  "api_path": "/artists/8400",
  "header_image_url": "https://images.genius.com/76f0a74ad8df6f8fc6efe86cd5425778.1000x563x1.jpg",
  "id": 8400,
  "image_url": "https://images.genius.com/cb26d2c239b3692a6ec7f6de1db57180.597x597x1.jpg",
  "index_character": "i",
  "is_meme_verified": false,
  "is_verified": false,
  "name": "The Isley Brothers",
  "slug": "The-isley-brothers",
  "url": "https://genius.com/artists/The-isley-brothers"
 },
 "artist": "The Isley Brothers",
 "lyrics": "6 ContributorsFight the Power, Pts. 1 & 2 Lyrics[Intro]\nHa! Ooh\nHey, ha!\nHa!\n\n[Verse 1]\nTime is truly wastin\u2019, there\u2019s no guarantee, yeah\nSmile is in the makin\u2019, we've got to fight the powers that be\nGot so many voices, saying all the same, yeah\nKilling up all around me, faces full of pain\n\n[Refrain]\nI tried to play my music, they say my music\u2019s too loud\nI tried talking about it, I got the big runaround\nAnd when I rolled with the punches, I got knocked on the ground\nBy all this bullshit going down, hey\n\n[Verse 2]\nTime is truly wastin\u2019, there\u2019s no guarantee, yeah\nSmile is in the makin\u2019, we got to fight the powers that be\nI don\u2019t understand it, people wanna say, yeah\nThose that got the answers, red tape in the way\nI could tend to it easy, that's just half the fun now, now\nSeekin\u2019 my satisfaction keeps me on the run\n\n[Refrain]\nI tried to play my music, say my music\u2019s too loud\nI tried talking about it, I got the big runaround\nAnd when I rolled with the punches, I got knocked on the ground\nBy all this bullshit going down, ooh!\nYou might also like[Verse 3]\nTime is truly wastin\u2019, there\u2019s no guarantee, yeah\nSmile is in the makin\u2019, we got to fight the powers that be\nFight it baby, yeah, woo, hey\nEven you and I can fight the power, come on\n\n[Chorus]\nFight it, fight the power, ha!\nFight it, fight the, baby, baby, baby, baby\nFight it (Come on), fight the power\nFight it (Fight it), fight the power (Come on)\nFight it (Fight it), fight the power\nStand up and fight it, fight the power (Come on)\n\nFight it (Stand up, stand up), fight the power (Fight, fight, fight)\nFight it (Fight it), fight the power (Come on, come on)\nFight it (I believe, I believe we can), fight the power (Fight the power)\nFight it (Fight), fight the, baby, baby, baby, baby, yeah\n\nFight it, fight the power (Fight the power)\nFight it, fight the power (Fight the power)\n(Even you and I can) Fight it, fight the power (Fight the power)\n(Stand up, stand up) Fight it, fight the power (Fight, fight, fight)\n\nFight it (Fight it), fight the power (Come on, yeah, yeah)\nFight it (Fight it), fight the power\nFight it (Come on), yeah, and fight the power\nWe gotta fight it (Got to), gotta fight the power\nWe gotta fight it (Fight), got to fight the power (Come on, come on)\nWe gotta fight it (Fight it), fight it, yeah, yeah, yeah\nFight it, I know\nThat we gonna fight it, fight the power (Can you, can you?)\n\nWe gonna fight it, gon' fight the power (We wanna know)\nCan you fight it (Fight it), can you fight the power? (One more, now)\nFight it (Yeah), fight the power (Fight it, fight it, fight it)\nFight it (Yeah)\n\nFight it, gonna fight the power, ha!\nFight it, gonna fight the power\nEven you and I can, gonna fight the power\n(Stand up) Fight it, gonna fight the power\n\nFight it, fight the power\nFight it, fight the power\nFight it (Fight it), fight the power (I fight it)\nFight it (Just stand up), fight the power\n\n(Stand up) Fight it, fight the power (Fight the power)\nFight it\nFight it\nFight it\nFight it\nFight it\nFight it\nFight it\nFight it\nFight it3Embed"
}