{
 "_type": "song",
 "annotation_count": 1,
 "api_path": "/songs/1668549",
 "artist_names": "Joan Armatrading",
 "full_title": "This Charming Life by\u00a0Joan\u00a0Armatrading",
 "header_image_thumbnail_url": "https://images.genius.com/738190f505ba4bad1b8847e49c861e9c.218x218x1.jpg",
 "header_image_url": "https://images.genius.com/738190f505ba4bad1b8847e49c861e9c.218x218x1.jpg",
 "id": 1668549,
 "instrumental": false,
 "lyrics_owner_id": 1549345,
 "lyrics_state": "complete",
 "lyrics_updated_at": 1429902902,
 "path": "/Joan-armatrading-this-charming-life-lyrics",
 "pyongs_count": null,
 "relationships_index_url": "https://genius.com/Joan-armatrading-this-charming-life-sample",
 "release_date_components": {
  "year": 2010,
  "month": 3,
  "day": 30
 },
 "release_date_for_display": "March 30, 2010",
 "release_date_with_abbreviated_month_for_display": "Mar. 30, 2010",
 "song_art_image_thumbnail_url": "https://images.genius.com/738190f505ba4bad1b8847e49c861e9c.218x218x1.jpg",
 "song_art_image_url": "https://images.genius.com/738190f505ba4bad1b8847e49c861e9c.218x218x1.jpg",
 "stats": {
  "unreviewed_annotations": 0,
  "hot": false
 },
 "title": "This Charming Life",
 "title_with_featured": "This Charming Life",
 "updated_by_human_at": 1624865838,
 "url": "https://genius.com/Joan-armatrading-this-charming-life-lyrics",
 "featured_artists": [],
 "primary_artist": {
  "_type": "artist",
  "api_path": "/artists/357007",
  "header_image_url": "https://images.genius.com/52e9f62813f8bff71781e0f28f0c234e.482x480x1.jpg",
  "id": 357007,
  "image_url": "https://images.genius.com/14d763b97d15c8fa4afb4f3e94dbab47.480x480x1.jpg",
  "index_character": "j",
  "is_meme_verified": false,
  "is_verified": false,
  "name": "Joan Armatrading",
  "slug": "Joan-armatrading",
  "url": "https://genius.com/artists/Joan-armatrading"
 },
 "artist": "Joan Armatrading",
 "lyrics": "2 ContributorsThis Charming Life LyricsI wanna be with you all the time\nEvery day\nEvery night\nYou're my deja vu\n\nIt's sounds obsessive\nBut I think it's fine\nWhen you're gone all I do is to think of you\n\nI live and love with you\nThis charming life\n\nI live and love with you\nThis charming life\n\nYou know you came into the room alone\nBut when you left\nThen I found that you took my heart\nIt sounds so corny yes I know it does\nBut truth is the shade that I choose to wear\n\nI live and love with you\nThis charming life\n\nI live and love with you\nYou might also likeThis charming life\n\nEvery government must pass down a law\nThat says the sun has to always shine\nThat everybody gets the chance to say\n\nI live and love with you\nThis charming life\n\nI live and love with you\nThis charming life\n\nEvery morning when I open my eyes\nYou're the first thing that I see\nLady luck she really took to me\n\nBecause\nI live and love with you\nThis charming life\n\nI live and love with you\nThis charming lifeEmbed"
}