{
 "_type": "song",
 "annotation_count": 1,
 "api_path": "/songs/342222",
 "artist_names": "Kid Rock (Ft. Bob Seger & Sheryl Crow)",
 "full_title": "Collide by\u00a0Kid\u00a0Rock (Ft.\u00a0Bob\u00a0Seger & Sheryl\u00a0Crow)",
 "header_image_thumbnail_url": "https://images.genius.com/84a4fa521196d02b636ed358ac28f69d.300x300x1.jpg",
 "header_image_url": "https://images.genius.com/84a4fa521196d02b636ed358ac28f69d.600x600x1.jpg",
 "id": 342222,
 "instrumental": false,
 "lyrics_owner_id": 3499648,
 "lyrics_state": "complete",
 "lyrics_updated_at": 1678585902,
 "path": "/Kid-rock-collide-lyrics",
 "pyongs_count": 3,
 "relationships_index_url": "https://genius.com/Kid-rock-collide-sample",
 "release_date_components": {
  "year": 2010,
  "month": 11,
  "day": 16
 },
 "release_date_for_display": "November 16, 2010",
 "release_date_with_abbreviated_month_for_display": "Nov. 16, 2010",
 "song_art_image_thumbnail_url": "https://images.genius.com/84a4fa521196d02b636ed358ac28f69d.300x300x1.jpg",
 "song_art_image_url": "https://images.genius.com/84a4fa521196d02b636ed358ac28f69d.600x600x1.jpg",
 "stats": {
  "unreviewed_annotations": 0,
  "hot": false,
  "pageviews": 9332
 },
 "title": "Collide",
 "title_with_featured": "Collide (Ft.\u00a0Bob\u00a0Seger & Sheryl\u00a0Crow)",
 "updated_by_human_at": 1678586011,
 "url": "https://genius.com/Kid-rock-collide-lyrics",
 "featured_artists": [
  {
   "_type": "artist",
   "api_path": "/artists/38157",
   "header_image_url": "https://images.genius.com/1cf94ceb5a18ff91c0ba30c3b22567c7.1000x266x1.png",
   "id": 38157,
   "image_url": "https://images.genius.com/eeb61e1efb66257e49794337da6ee610.1000x1000x1.jpg",
   "index_character": "b",
   "is_meme_verified": false,
   "is_verified": false,
   "name": "Bob Seger",
   "slug": "Bob-seger",
   "url": "https://genius.com/artists/Bob-seger"
  },
  {
   "_type": "artist",
   "api_path": "/artists/7109",
   "header_image_url": "https://images.genius.com/2c2992251db0962ccddc2341aaacaaad.1000x333x1.jpg",
   "id": 7109,
   "image_url": "https://images.genius.com/75cae8c50d25a0d3e81ac2f7482fb9d8.1000x1000x1.jpg",
   "index_character": "s",
   "is_meme_verified": false,
   "is_verified": false,
   "name": "Sheryl Crow",
   "slug": "Sheryl-crow",
   "url": "https://genius.com/artists/Sheryl-crow"
  }
 ],
 "primary_artist": {
  "_type": "artist",
  "api_path": "/artists/1566",
  "header_image_url": "https://images.genius.com/f67b84076368d2de7578b68d6eac8d46.480x368x18.gif",
  "id": 1566,
  "image_url": "https://images.genius.com/1fbf9a936a0cdaed4ea023465d6655c6.500x500x1.jpg",
  "index_character": "k",
  "is_meme_verified": false,
  "is_verified": false,
  "name": "Kid Rock",
  "slug": "Kid-rock",
  "url": "https://genius.com/artists/Kid-rock"
 },
 "artist": "Kid Rock",
 "lyrics": "5 ContributorsCollide Lyrics[Intro: Kid Rock]\nYou're no angel, I'm no saint, if we were\nWe wouldn't be in this place tonight\n\n[Verse 1: Kid Rock, Kid Rock & Sheryl Crow]\nLost and lonely, scared and confused\nWe both have a past, nothing to lose, tonight\nWell, it cuts like a knife, these bad luck blues\nWe both got scars from the hell we been through, oh\nSomebody's gotta win, somebody's gotta lose\n\n[Chorus: Kid Rock, Kid Rock & Sheryl Crow]\nSo let's roll the dice, one more time\nTake a chance on love again tonight\nRisk it all, lay it on the line\nLet the skeletons fight for life\nTonight, we'll hold on tight, as we collide\n\n[Verse 2: Sheryl Crow, Sheryl Crow & Kid Rock, Kid Rock]\nReconnected, feeling no pain\nSeeking shelter like a spark in the rain, tonight (Ooh yeah)\nWorn and weathered, scared to go home\nWe're here together, but still all alone, tonight, oh (Oh-oh, yeah)\nAnd there's no need to lie, we've both been abused\nThe love and the pain, the cocaine and booze now\nMost people don't, but some people do\nSee Kid Rock LiveGet tickets as low as $87You might also like[Chorus: Kid Rock, Kid Rock & Sheryl Crow]\nSo let's roll the dice, one more time\nTake a chance on love again tonight\nRisk it all, lay it on the line\nLet the skeletons fight for life\nTonight, we'll hold on tight, as we collide\nAs we collide\n\n[Outro: Sheryl Crow, Kid Rock, Sheryl Crow & Kid Rock]\nOh\nSo let's roll the dice, one more time\nTake a chance on love again tonight\nRisk it all, lay it on the line\nLet the skeletons fight for life\nTonight, we'll hold on tight, as we collide\nAs we collide, oh, as we collide\nAs we collide, we collide\nAs we collide, as we collide\nAs we collide\nOoh,  as we collide\nAs we collide, as we collide\nAs we collideAs we collideMhm3Embed"
}