{
 "_type": "song",
 "annotation_count": 6,
 "api_path": "/songs/196096",
 "artist_names": "Katy Perry",
 "full_title": "E.T. by\u00a0Katy\u00a0Perry",
 "header_image_thumbnail_url": "https://images.genius.com/88971f2730a57daf88137940a5948e39.300x300x1.jpg",
 "header_image_url": "https://images.genius.com/88971f2730a57daf88137940a5948e39.1000x1000x1.jpg",
 "id": 196096,
 "instrumental": false,
 "lyrics_owner_id": 225680,
 "lyrics_state": "complete",
 "lyrics_updated_at": 1690494559,
 "path": "/Katy-perry-et-lyrics",
 "pyongs_count": 29,
 "relationships_index_url": "https://genius.com/Katy-perry-et-sample",
 "release_date_components": {
  "year": 2010,
  "month": 8,
  "day": 17
 },
 "release_date_for_display": "August 17, 2010",
 "release_date_with_abbreviated_month_for_display": "Aug. 17, 2010",
 "song_art_image_thumbnail_url": "https://images.genius.com/e01a7ebcca31323a024353eba7312b5f.300x300x1.png",
 "song_art_image_url": "https://images.genius.com/e01a7ebcca31323a024353eba7312b5f.1000x1000x1.png",
 "stats": {
  "unreviewed_annotations": 1,
  "hot": false,
  "pageviews": 215225
 },
 "title": "E.T.",
 "title_with_featured": "E.T.",
 "updated_by_human_at": 1691529414,
 "url": "https://genius.com/Katy-perry-et-lyrics",
 "featured_artists": [],
 "primary_artist": {
  "_type": "artist",
  "api_path": "/artists/1195",
  "header_image_url": "https://images.genius.com/c2ad3c36d9e393ed8c041bbdcdd30be7.1000x333x1.jpg",
  "id": 1195,
  "image_url": "https://images.genius.com/00f9359a3b6cfbe98fe85bda7bd3cc8a.526x526x1.png",
  "index_character": "k",
  "is_meme_verified": false,
  "is_verified": true,
  "name": "Katy Perry",
  "slug": "Katy-perry",
  "url": "https://genius.com/artists/Katy-perry",
  "iq": 149
 },
 "artist": "Katy Perry",
 "lyrics": "71 ContributorsTranslationsPortugu\u00easItalianoE.T. Lyrics[Verse 1]\nYou're so hypnotizing\nCould you be the devil? Could you be an angel?\nYour touch, magnetizing\nFeels like I am floating, leaves my body glowing\nThey say, \"Be afraid\"\nYou're not like the others, futuristic lover\nDifferent DNA\nThey don't understand you\n\n[Pre-Chorus]\nYou're from a whole 'nother world\nA different dimension\nYou open my eyes\nAnd I'm ready to go, lead me into the light\n\n[Chorus]\nKiss me, ki-ki-kiss me\nInfect me with your lovin', fill me with your poison\nTake me, ta-ta-take me\nWanna be your victim, ready for abduction\nBoy, you're an alien\nYour touch, so foreign\nIt's supernatural\nExtraterrestrial\nYou might also like[Verse 2]\nYou're so supersonic\nWanna feel your powers, stun me with your lasers\nYour kiss is cosmic\nEvery move is magic\n\n[Pre-Chorus]\nYou're from a whole 'nother world\nA different dimension\nYou open my eyes\nAnd I'm ready to go, lead me into the light\n\n[Chorus]\nKiss me, ki-ki-kiss me\nInfect me with your lovin', fill me with your poison\nTake me, ta-ta-take me\nWanna be your victim, ready for abduction\nBoy, you're an alien\nYour touch, so foreign\nIt's supernatural\nExtraterrestrial\n\n[Bridge]\nThis is transcendental\nOn another level\nBoy, you're my lucky star\nI wanna walk on your wavelength\nAnd be there when you vibrate\nFor you, I'll risk it all, all\n[Chorus]\nKiss me, ki-ki-kiss me\nInfect me with your lovin', fill me with your poison\nTake me, ta-ta-take me\nWanna be your victim, ready for abduction\nBoy, you're an alien\nYour touch, so foreign\nIt's supernatural\nExtraterrestrial\n\n[Outro]\nExtraterrestrial\nExtraterrestrial\nBoy, you're an alien\nYour touch, so foreign\nIt's supernatural\nExtraterrestrial29Embed"
}