{
 "_type": "song",
 "annotation_count": 1,
 "api_path": "/songs/1374531",
 "artist_names": "Johnny Gill",
 "full_title": "In the Mood by\u00a0Johnny\u00a0Gill",
 "header_image_thumbnail_url": "https://images.genius.com/5309186ad3972574dcd767d484bb2b48.300x300x1.jpg",
 "header_image_url": "https://images.genius.com/5309186ad3972574dcd767d484bb2b48.600x600x1.jpg",
 "id": 1374531,
 "instrumental": false,
 "lyrics_owner_id": 1549345,
 "lyrics_state": "complete",
 "lyrics_updated_at": 1429795491,
 "path": "/Johnny-gill-in-the-mood-lyrics",
 "pyongs_count": null,
 "relationships_index_url": "https://genius.com/Johnny-gill-in-the-mood-sample",
 "release_date_components": {
  "year": 2011,
  "month": 5,
  "day": 31
 },
 "release_date_for_display": "May 31, 2011",
 "release_date_with_abbreviated_month_for_display": "May. 31, 2011",
 "song_art_image_thumbnail_url": "https://images.genius.com/5309186ad3972574dcd767d484bb2b48.300x300x1.jpg",
 "song_art_image_url": "https://images.genius.com/5309186ad3972574dcd767d484bb2b48.600x600x1.jpg",
 "stats": {
  "unreviewed_annotations": 0,
  "hot": false
 },
 "title": "In the Mood",
 "title_with_featured": "In the Mood",
 "updated_by_human_at": 1542730169,
 "url": "https://genius.com/Johnny-gill-in-the-mood-lyrics",
 "featured_artists": [],
 "primary_artist": {
  "_type": "artist",
  "api_path": "/artists/170085",
  "header_image_url": "https://images.genius.com/6eccfad63f7d591ac2214e3f92bf24c3.1000x563x1.jpg",
  "id": 170085,
  "image_url": "https://images.genius.com/6eccfad63f7d591ac2214e3f92bf24c3.1000x563x1.jpg",
  "index_character": "j",
  "is_meme_verified": false,
  "is_verified": false,
  "name": "Johnny Gill",
  "slug": "Johnny-gill",
  "url": "https://genius.com/artists/Johnny-gill"
 },
 "artist": "Johnny Gill",
 "lyrics": "2 ContributorsIn the Mood LyricsGirl it seems that we can't get it right, you've been stressin'\nLet me be your teacher and give you a lesson tonight\nI'ma use my hands, show your body, give you a message\nI'ma give you all I got baby, I'm not stopping\n\n'Til I hit that spot don't be afraid to lock in\nWe went to dinner and a movie and now we're so ready\nGirl I've been lookin' at you from the side\nYeah that's my baby, I'm holding a secret\n\n'Cause I want you to find it\nCome give me all your love, 'til I can't get enough\nAin't nothing better than feeling your skin girl, it's heaven\nTonight's the night I'm going all in\n\nAnd I want you bad right now\nI wanna lay you on the floor\nOr we can do it on the couch\nBut I'm gonna give you more\n\nGirl let's take it to the bed\nNothing else needs to be said\nJust bring me your love I'll give it back girl\nI'm in the mood I wanna be next to you\n\nGirl let's take it to the bed\nNothing else needs to be said\nJust bring me your love I'll give it back girl\nI'm in the mood I wanna be next to you\nYou might also likeGirl you know you want it like I want it baby\nDon't play hard to get yeah baby come get this whoa\nI can do you better tell me what you need\nBaby let me do ya I can set you free\n\nBaby don't say no tell me where to go\nWe went to dinner and a movie and now we're so ready\nGirl I've been lookin' at you from the side\nYeah that's my baby, I'm holding a secret\n\n'Cause I want you to find it\nCome give me all your love 'til I can't get enough\nAin't nothing better than feeling your skin girl, it's heaven\nTonight's the night I'm going all in\n\nAnd I want you bad right now\nI wanna lay you on the floor\nOr we can do it on the couch\nBut I'm gonna give you more\n\nGirl let's take it to the bed\nNothing else needs to be said\nJust bring me your love I'll give it back girl\nI'm in the mood I wanna be next to you\n\nGirl let's take it to the bed\nNothing else needs to be said\nJust bring me your love I'll give it back girl\nI'm in the mood I wanna be next to you\nI don't wanna wait another minute girl\nI want you right now now now now\nI don't wanna wait another minute girl\nI wanna take you down down down down\n\nI don't wanna wait another minute girl\nI want you right now now now now\nI don't wanna wait another minute girl\nI wanna take you down down down down\n\nGirl let's take it to the bed\nNothing else needs to be said\nJust bring me your love I'll give it back girl\nI'm in the mood I wanna be next to you\n\nGirl let's take it to the bed\nNnothing else needs to be said\nJust bring me your love I'll give it back girl\nI'm in the mood I wanna be next to youEmbed"
}