{
 "_type": "song",
 "annotation_count": 1,
 "api_path": "/songs/419322",
 "artist_names": "Ready for the World",
 "full_title": "Love You Down by\u00a0Ready\u00a0for the World",
 "header_image_thumbnail_url": "https://images.genius.com/7b47acbe3a26bb72ec1abcfe325cd03c.300x300x1.jpg",
 "header_image_url": "https://images.genius.com/7b47acbe3a26bb72ec1abcfe325cd03c.500x500x1.jpg",
 "id": 419322,
 "instrumental": false,
 "lyrics_owner_id": 280746,
 "lyrics_state": "complete",
 "lyrics_updated_at": 1492053196,
 "path": "/Ready-for-the-world-love-you-down-lyrics",
 "pyongs_count": 6,
 "relationships_index_url": "https://genius.com/Ready-for-the-world-love-you-down-sample",
 "release_date_components": {
  "year": 1986,
  "month": 12,
  "day": 9
 },
 "release_date_for_display": "December 9, 1986",
 "release_date_with_abbreviated_month_for_display": "Dec. 9, 1986",
 "song_art_image_thumbnail_url": "https://images.genius.com/7b47acbe3a26bb72ec1abcfe325cd03c.300x300x1.jpg",
 "song_art_image_url": "https://images.genius.com/7b47acbe3a26bb72ec1abcfe325cd03c.500x500x1.jpg",
 "stats": {
  "unreviewed_annotations": 1,
  "hot": false,
  "pageviews": 35162
 },
 "title": "Love You Down",
 "title_with_featured": "Love You Down",
 "updated_by_human_at": 1698554292,
 "url": "https://genius.com/Ready-for-the-world-love-you-down-lyrics",
 "featured_artists": [],
 "primary_artist": {
  "_type": "artist",
  "api_path": "/artists/175413",
  "header_image_url": "https://images.genius.com/1905d830e3f0219f8e96591949ab91be.456x350x1.jpg",
  "id": 175413,
  "image_url": "https://images.genius.com/1905d830e3f0219f8e96591949ab91be.456x350x1.jpg",
  "index_character": "r",
  "is_meme_verified": false,
  "is_verified": false,
  "name": "Ready for the World",
  "slug": "Ready-for-the-world",
  "url": "https://genius.com/artists/Ready-for-the-world"
 },
 "artist": "Ready for the World",
 "lyrics": "12 ContributorsLove You Down LyricsIt never really mattered too much to me\nThat you were just too damned old for me\nAll that really mattered was you were my girlfriend\nAnd baby, that's all that mattered to me\n\nLet me love you down\nEven if it takes all night\nLet me love you down\nYou know it's gonna be so right\n\nRemember when I drove you home from work\nI loved the way when you kissed me bye\nAll your friends think I'm just too young for you\nYou tell 'em that I can do what guys their age can do, oh, baby\n\nLet me love you down\nEven if it takes all night\nLet me love you down\nYou know it's got to be so right\n\nLet me love you down\nEven if it takes all night\nLet me love you down\nYou know it's got to be so right, oh\n\nIt never really mattered too much to me\nThat you were too damned old for me\nAll that really mattered was you were my girlfriend\nAnd baby, that's all that mattered to me, oh, baby\nYou might also likeLet me love you down, ooh, oh\nLet me love you down\nYou know it's gonna be so right\n\nLet me love you down, ooh\nLet me love you down\nYou know it's gonna be so right\nI can love you down\n\nLet me love you, love you, love you, love you\nLet me love you, love you, love you, love you\nLet me love you down\n(Love you down)\n\nI know, I know I could\nLet me love you down\n(Love you down)\nI know it's gonna take all night\n\nLet me love you down\n(Love you down)\nNo, no, no, no\nLet me love you down, oh\n(Love you down)\n\nLet me love from dawn\nTake the house and the car\nI love like you are, whoa\nLove you down, down, down, baby\nLove you down, down, down\nOh, woah, woah\nI know, I know I could, yeah\nLet me love you down, woah, woah\n\nIt's just me and you the whole night through\nLet me love you, baby\nI know, I know I could\nLove you down, down, oh\n\nLet me love you, I know I could, baby\nYou're so sweet to me, woah, woah\nLet me love you down, ooh, baby\nIt's just you and me, baby the whole night through\nWon't you let me love down\nI can't take this too much longer, you know6Embed"
}