{
 "_type": "song",
 "annotation_count": 1,
 "api_path": "/songs/507458",
 "artist_names": "Barry Manilow",
 "full_title": "Can't Smile Without You by\u00a0Barry\u00a0Manilow",
 "header_image_thumbnail_url": "https://images.genius.com/1987c2d3f24feb13ada4c2ce0e272d52.300x300x1.jpg",
 "header_image_url": "https://images.genius.com/1987c2d3f24feb13ada4c2ce0e272d52.300x300x1.jpg",
 "id": 507458,
 "instrumental": false,
 "lyrics_owner_id": 26826,
 "lyrics_state": "complete",
 "lyrics_updated_at": 1597090538,
 "path": "/Barry-manilow-cant-smile-without-you-lyrics",
 "pyongs_count": 4,
 "relationships_index_url": "https://genius.com/Barry-manilow-cant-smile-without-you-sample",
 "release_date_components": {
  "year": 1978,
  "month": 1,
  "day": null
 },
 "release_date_for_display": "January 1978",
 "release_date_with_abbreviated_month_for_display": "Jan. 1978",
 "song_art_image_thumbnail_url": "https://images.genius.com/41daa7c69b3c0c3bb7ea5eb99dc916c3.300x300x1.jpg",
 "song_art_image_url": "https://images.genius.com/41daa7c69b3c0c3bb7ea5eb99dc916c3.700x700x1.jpg",
 "stats": {
  "unreviewed_annotations": 1,
  "hot": false,
  "pageviews": 33053
 },
 "title": "Can\u2019t Smile Without You",
 "title_with_featured": "Can't Smile Without You",
 "updated_by_human_at": 1698498356,
 "url": "https://genius.com/Barry-manilow-cant-smile-without-you-lyrics",
 "featured_artists": [],
 "primary_artist": {
  "_type": "artist",
  "api_path": "/artists/76664",
  "header_image_url": "https://images.genius.com/646cc7abb0c529d75cd288a18a292e2f.1000x635x1.jpg",
  "id": 76664,
  "image_url": "https://images.genius.com/ae7d038f14ad2e7cbc98edd132320eb2.272x272x1.jpg",
  "index_character": "b",
  "is_meme_verified": false,
  "is_verified": true,
  "name": "Barry Manilow",
  "slug": "Barry-manilow",
  "url": "https://genius.com/artists/Barry-manilow",
  "iq": 924
 },
 "artist": "Barry Manilow",
 "lyrics": "16 ContributorsCan\u2019t Smile Without You Lyrics[Chorus]\nYou know I can't smile without you\nI can't smile without you\nI can't laugh and I can't sing\nI'm finding it hard to do anything\nYou see, I feel sad when you're sad\nI feel glad when you're glad\nIf you only knew what I'm going through\nI just can't smile without you\n\n[Verse]\nYou came along just like a song\nAnd brightened my day\nWho'd have believed that you were part of a dream?\nNow it all seems light-years away\n\n[Chorus]\nAnd now you know I can't smile without you (No I can't smile without you)\nI can't smile without you\nI can't laugh and I can't sing\nI'm finding it hard to do anything\nYou see, I feel sad when you're sad\nI feel glad when you're glad\nIf you only knew what I'm going through\nI just can't smile\nSee Barry Manilow LiveGet tickets as low as $50You might also like[Bridge]\nNow some people say happiness takes so very long to find\nWell, I'm finding it hard leaving your love behind me\n\n[Chorus]\nAnd you see I can't smile without you\nI can't smile without you\nI can't laugh and I can't sing\nI'm finding it hard to do anything\nYou see I feel glad when you're glad\n(I feel sad) I feel sad when you're sad\nIf you only knew what I'm going through\nI just can't smile without you\n\n[Outro]\n(Can't smile without you\nCan't smile without you\nCan't laugh and I can't sing\nI'm finding it hard to do anything)4Embed"
}