{
 "_type": "song",
 "annotation_count": 1,
 "api_path": "/songs/1374251",
 "artist_names": "Shenandoah",
 "full_title": "Rock My Baby by\u00a0Shenandoah",
 "header_image_thumbnail_url": "https://images.genius.com/3f415973930793c6229a5262a2309b80.199x199x1.jpg",
 "header_image_url": "https://images.genius.com/3f415973930793c6229a5262a2309b80.199x199x1.jpg",
 "id": 1374251,
 "instrumental": false,
 "lyrics_owner_id": 11538989,
 "lyrics_state": "complete",
 "lyrics_updated_at": 1679414332,
 "path": "/Shenandoah-rock-my-baby-lyrics",
 "pyongs_count": null,
 "relationships_index_url": "https://genius.com/Shenandoah-rock-my-baby-sample",
 "release_date_components": null,
 "release_date_for_display": null,
 "release_date_with_abbreviated_month_for_display": null,
 "song_art_image_thumbnail_url": "https://images.genius.com/3f415973930793c6229a5262a2309b80.199x199x1.jpg",
 "song_art_image_url": "https://images.genius.com/3f415973930793c6229a5262a2309b80.199x199x1.jpg",
 "stats": {
  "unreviewed_annotations": 0,
  "hot": false
 },
 "title": "Rock My Baby",
 "title_with_featured": "Rock My Baby",
 "updated_by_human_at": 1679414332,
 "url": "https://genius.com/Shenandoah-rock-my-baby-lyrics",
 "featured_artists": [],
 "primary_artist": {
  "_type": "artist",
  "api_path": "/artists/330706",
  "header_image_url": "https://images.genius.com/bba463be5818f5ca1a74124c14412b94.206x206x1.jpg",
  "id": 330706,
  "image_url": "https://images.genius.com/bba463be5818f5ca1a74124c14412b94.206x206x1.jpg",
  "index_character": "s",
  "is_meme_verified": false,
  "is_verified": false,
  "name": "Shenandoah",
  "slug": "Shenandoah",
  "url": "https://genius.com/artists/Shenandoah"
 },
 "artist": "Shenandoah",
 "lyrics": "2 ContributorsRock My Baby Lyrics[Verse 1]\nAfter work, me and the boys\nGo down to Killey's and we make some noise\nFeed that old jukebox and play some air guitar\nWell, and there's nothin' wrong with shootin' pool\nAnd having some fun and acting a fool\nBut this time I won't be going where they are\n\n[Chorus]\n'Cause I'm going home and rock my baby\nJust thinkin' 'bout her is making me crazy\nAnd all day long, I've been dreamin' of holdin' her tight\nYeah, it's gonna be a sweet surrender\nCandle light and love-me-tender\nI'm going home and rock my baby tonight\n\n[Verse 2]\nThe girl sure has been working hard\nI thank she's ready for some R&R\nSomething to take her mind off everything\nChampagne and a box of candy\nA dozen roses might come in handy\nTo help loosen up those apron strings\n\n[Chorus]\nSee Shenandoah LiveGet tickets as low as $30You might also like[Bridge]\nIf the roses and the candy do the trick\nTomorrow, I may have to call in sick\n\n[Chorus]\n\n[Tag]\nYeah, I'm going home and rock my baby tonightEmbed"
}