{
 "_type": "song",
 "annotation_count": 0,
 "api_path": "/songs/427503",
 "artist_names": "Alan Jackson",
 "full_title": "Ring of Fire by\u00a0Alan\u00a0Jackson",
 "header_image_thumbnail_url": "https://images.genius.com/9b84b3db8127558321789d46b6b49b31.300x300x1.jpg",
 "header_image_url": "https://images.genius.com/9b84b3db8127558321789d46b6b49b31.1000x1000x1.jpg",
 "id": 427503,
 "instrumental": false,
 "lyrics_owner_id": 354382,
 "lyrics_state": "complete",
 "lyrics_updated_at": 1437614588,
 "path": "/Alan-jackson-ring-of-fire-lyrics",
 "pyongs_count": null,
 "relationships_index_url": "https://genius.com/Alan-jackson-ring-of-fire-sample",
 "release_date_components": {
  "year": 2010,
  "month": 11,
  "day": 22
 },
 "release_date_for_display": "November 22, 2010",
 "release_date_with_abbreviated_month_for_display": "Nov. 22, 2010",
 "song_art_image_thumbnail_url": "https://images.genius.com/9b84b3db8127558321789d46b6b49b31.300x300x1.jpg",
 "song_art_image_url": "https://images.genius.com/9b84b3db8127558321789d46b6b49b31.1000x1000x1.jpg",
 "stats": {
  "unreviewed_annotations": 0,
  "hot": false
 },
 "title": "Ring of Fire",
 "title_with_featured": "Ring of Fire",
 "updated_by_human_at": 1590938084,
 "url": "https://genius.com/Alan-jackson-ring-of-fire-lyrics",
 "featured_artists": [],
 "primary_artist": {
  "_type": "artist",
  "api_path": "/artists/15265",
  "header_image_url": "https://images.genius.com/667b39178d6c19c403b9f88cb25a9d91.792x792x1.png",
  "id": 15265,
  "image_url": "https://images.genius.com/667b39178d6c19c403b9f88cb25a9d91.792x792x1.png",
  "index_character": "a",
  "is_meme_verified": true,
  "is_verified": true,
  "name": "Alan Jackson",
  "slug": "Alan-jackson",
  "url": "https://genius.com/artists/Alan-jackson",
  "iq": 100
 },
 "artist": "Alan Jackson",
 "lyrics": "4 ContributorsRing of Fire Lyrics[Verse 1]\nLove is a burning thing\nAnd it makes a fiery ring\nBound by wild desire\nI fell into a ring of fire\n\n[Chorus][x2]\nI fell into a burning ring of fire\nI went down, down, down and the flames went higher\nAnd it burns, burns, burns, the ring of fire\nThe ring of fire\n\n[Verse 2]\nThe taste of love is sweet\nWhen hearts like ours meet\nI fell for you like a child\nOh, but the fire went wild\n\n[Chorus][x2]\n\n[Outro]\nAnd it burns, burns, burns, the ring of fire\nThe ring of fire[x3]You might also likeEmbed"
}