{
 "_type": "song",
 "annotation_count": 1,
 "api_path": "/songs/1223447",
 "artist_names": "Sammy Kershaw",
 "full_title": "Love of My Life by\u00a0Sammy\u00a0Kershaw",
 "header_image_thumbnail_url": "https://images.genius.com/163e42082339ddfba03f0a042f4efbd5.300x302x1.jpg",
 "header_image_url": "https://images.genius.com/163e42082339ddfba03f0a042f4efbd5.995x1000x1.jpg",
 "id": 1223447,
 "instrumental": false,
 "lyrics_owner_id": 1549345,
 "lyrics_state": "complete",
 "lyrics_updated_at": 1429707645,
 "path": "/Sammy-kershaw-love-of-my-life-lyrics",
 "pyongs_count": 1,
 "relationships_index_url": "https://genius.com/Sammy-kershaw-love-of-my-life-sample",
 "release_date_components": null,
 "release_date_for_display": null,
 "release_date_with_abbreviated_month_for_display": null,
 "song_art_image_thumbnail_url": "https://images.genius.com/163e42082339ddfba03f0a042f4efbd5.300x302x1.jpg",
 "song_art_image_url": "https://images.genius.com/163e42082339ddfba03f0a042f4efbd5.995x1000x1.jpg",
 "stats": {
  "unreviewed_annotations": 0,
  "hot": false
 },
 "title": "Love of My Life",
 "title_with_featured": "Love of My Life",
 "updated_by_human_at": 1481224639,
 "url": "https://genius.com/Sammy-kershaw-love-of-my-life-lyrics",
 "featured_artists": [],
 "primary_artist": {
  "_type": "artist",
  "api_path": "/artists/331897",
  "header_image_url": "https://images.genius.com/e63b2e052e49aae3547da32503121c8f.212x212x1.jpg",
  "id": 331897,
  "image_url": "https://images.genius.com/e63b2e052e49aae3547da32503121c8f.212x212x1.jpg",
  "index_character": "s",
  "is_meme_verified": false,
  "is_verified": false,
  "name": "Sammy Kershaw",
  "slug": "Sammy-kershaw",
  "url": "https://genius.com/artists/Sammy-kershaw"
 },
 "artist": "Sammy Kershaw",
 "lyrics": "2 ContributorsLove of My Life LyricsYou are the love of my life\nAnd you are the reason I'm alive\nAnd baby baby baby\nWhen I think of how you saved me\nI go crazy\n\nI've never known love like this\nAnd it fills me with a new tenderness\nAnd I know I know I know\nYou're in my heart, You're in my soul\nYou're all I can't resist\n\nAnd I need to tell you\nThe first time I held you I knew\nYou are the love of my life\n\nI spent a lifetime waiting\nAlways hesitating until you\nI was lost so deep inside my shell\nTil you came and saved me from myself\nNow all I really know is I need you\n\nAnd you are the love of my life\nAll the joy and tears that I cry\nAnd baby baby baby\nYou don't have to say a word\nI see it in your eyes\nYou might also likeAs we stand together\nI promise forever til the day that I die\nYou are the love of my life\n\nI spent a lifetime waiting\nAlways hesitating until you\nI was lost so deep inside my shell\nTil you came and saved me from myself\nNow all I really know is I need you\n\nYou are the love of my life\nAnd you are the reason I'm alive1Embed"
}