{
 "_type": "song",
 "annotation_count": 1,
 "api_path": "/songs/1387205",
 "artist_names": "Vreid",
 "full_title": "Disciplined by\u00a0Vreid",
 "header_image_thumbnail_url": "https://images.genius.com/18b1036398957a189228dd947785f9f1.300x300x1.jpg",
 "header_image_url": "https://images.genius.com/18b1036398957a189228dd947785f9f1.1000x1000x1.jpg",
 "id": 1387205,
 "instrumental": false,
 "lyrics_owner_id": 8539260,
 "lyrics_state": "complete",
 "lyrics_updated_at": 1655124439,
 "path": "/Vreid-disciplined-lyrics",
 "pyongs_count": null,
 "relationships_index_url": "https://genius.com/Vreid-disciplined-sample",
 "release_date_components": {
  "year": 2009,
  "month": 1,
  "day": 5
 },
 "release_date_for_display": "January 5, 2009",
 "release_date_with_abbreviated_month_for_display": "Jan. 5, 2009",
 "song_art_image_thumbnail_url": "https://images.genius.com/18b1036398957a189228dd947785f9f1.300x300x1.jpg",
 "song_art_image_url": "https://images.genius.com/18b1036398957a189228dd947785f9f1.1000x1000x1.jpg",
 "stats": {
  "unreviewed_annotations": 0,
  "hot": false
 },
 "title": "Disciplined",
 "title_with_featured": "Disciplined",
 "updated_by_human_at": 1655124451,
 "url": "https://genius.com/Vreid-disciplined-lyrics",
 "featured_artists": [],
 "primary_artist": {
  "_type": "artist",
  "api_path": "/artists/357749",
  "header_image_url": "https://images.genius.com/75a9bf81f6fef4593aec65b540f00a23.300x181x1.png",
  "id": 357749,
  "image_url": "https://images.genius.com/61d6a1ba7fbcb4c672e17ae08d2f18e8.724x724x1.png",
  "index_character": "v",
  "is_meme_verified": false,
  "is_verified": false,
  "name": "Vreid",
  "slug": "Vreid",
  "url": "https://genius.com/artists/Vreid"
 },
 "artist": "Vreid",
 "lyrics": "1 ContributorDisciplined Lyrics[Chorus]\nThis is times of battle\nThis is times of war\nThis is time for discipline\nNo mercy for a war whore\n\n[Verse 1]\nLife turns harsh\nBut lust doesn't disappear\nLife turns dark\nBut attraction is still there\nTo taste the forbidden\nTo dance with the wolves\nErotic deceit\nPleasure above rules\n\n[Chorus]\nThis is times of battle\nThis is times of war\nThis is time for discipline\nNo mercy for a war whore\n\n[Guitar Solo]\n\n[Bridge]\nThis game, this flirt will come to an end\nPower will change\nOur nation will rise again\nThe hordes will scream for your death\nThey will claim revenge\nThey will ravage your body\nThey will serve you hell\nYou might also like[Verse 2]\nSpitting in the eyes of your defenders\nWith open legs you surrender\nEmbracing the muscular overpower\nOur pride you so simply devourEmbed"
}