{
 "_type": "song",
 "annotation_count": 1,
 "api_path": "/songs/2246924",
 "artist_names": "Maranatha! praise band",
 "full_title": "Awesome God by\u00a0Maranatha!\u00a0praise band",
 "header_image_thumbnail_url": "https://images.genius.com/173220fced2a8bd6fd21af0b13c8da53.300x300x1.jpg",
 "header_image_url": "https://images.genius.com/173220fced2a8bd6fd21af0b13c8da53.497x497x1.jpg",
 "id": 2246924,
 "instrumental": false,
 "lyrics_owner_id": 1549345,
 "lyrics_state": "complete",
 "lyrics_updated_at": 1437142865,
 "path": "/Maranatha-praise-band-awesome-god-lyrics",
 "pyongs_count": null,
 "relationships_index_url": "https://genius.com/Maranatha-praise-band-awesome-god-sample",
 "release_date_components": {
  "year": 1999,
  "month": null,
  "day": null
 },
 "release_date_for_display": "1999",
 "release_date_with_abbreviated_month_for_display": "1999",
 "song_art_image_thumbnail_url": "https://images.genius.com/173220fced2a8bd6fd21af0b13c8da53.300x300x1.jpg",
 "song_art_image_url": "https://images.genius.com/173220fced2a8bd6fd21af0b13c8da53.497x497x1.jpg",
 "stats": {
  "unreviewed_annotations": 0,
  "hot": false
 },
 "title": "Awesome God",
 "title_with_featured": "Awesome God",
 "updated_by_human_at": 1682063068,
 "url": "https://genius.com/Maranatha-praise-band-awesome-god-lyrics",
 "featured_artists": [],
 "primary_artist": {
  "_type": "artist",
  "api_path": "/artists/454213",
  "header_image_url": "https://images.genius.com/e9750e5795417bbaf81f445f649565a0.698x698x1.jpg",
  "id": 454213,
  "image_url": "https://images.genius.com/e9750e5795417bbaf81f445f649565a0.698x698x1.jpg",
  "index_character": "m",
  "is_meme_verified": false,
  "is_verified": false,
  "name": "Maranatha! praise band",
  "slug": "Maranatha-praise-band",
  "url": "https://genius.com/artists/Maranatha-praise-band"
 },
 "artist": "Maranatha! praise band",
 "lyrics": "2 ContributorsAwesome God LyricsWhen He rolls up His sleeves\nHe ain't just puttin' on the ritz\n(our God is an awesome God)\nThere is thunder in His footsteps\nAnd lightning in His fist\n(our God is an awesome God)\nWell, the Lord wasn't joking\nWhen He kicked 'em out of Eden\nIt wasn't for no reason that He shed his blood\nHis return is very close and so you better be believing\nThat our God is an awesome God\n\nOur God(our God) is an awesome God\nHe reigns(He reigns) from heaven above\nWith wisdom(with wisdom) pow'r and love\nOur God is an awesome God\n\nAnd when the sky was starless in the void of the night\n(our God is an awesome God)\nHe spoke into the darkness and created the light\n(our God is an awesome God)\nJudgment and wrath he poured out on Sodom\nMercy and grace He gave us at the cross\nI hope that we have not too quickly forgotten that\nOur God is an awesome God\nYou might also likeOur God is an awesome God\nOur God is an awesome God\n(Our God is an awesome God)\n(Our God is an awesome God)\n\nOur God is an awesome God\nOur God is an awesome God\n(Our God is an awesome God)\n(Our God is an awesome God)\n\nOur God is an awesome God\nOur God is an awesome God\n(Our God is an awesome God)\n(Our God is an awesome God)Embed"
}