{
 "_type": "song",
 "annotation_count": 10,
 "api_path": "/songs/388644",
 "artist_names": "Judas Priest",
 "full_title": "Painkiller by\u00a0Judas\u00a0Priest",
 "header_image_thumbnail_url": "https://images.genius.com/d8337c3e2005bd0364314faa30be6e56.300x300x1.jpg",
 "header_image_url": "https://images.genius.com/d8337c3e2005bd0364314faa30be6e56.1000x1000x1.jpg",
 "id": 388644,
 "instrumental": false,
 "lyrics_owner_id": 667327,
 "lyrics_state": "complete",
 "lyrics_updated_at": 1688224264,
 "path": "/Judas-priest-painkiller-lyrics",
 "pyongs_count": 12,
 "relationships_index_url": "https://genius.com/Judas-priest-painkiller-sample",
 "release_date_components": {
  "year": 1990,
  "month": 9,
  "day": 3
 },
 "release_date_for_display": "September 3, 1990",
 "release_date_with_abbreviated_month_for_display": "Sep. 3, 1990",
 "song_art_image_thumbnail_url": "https://images.genius.com/46ca5f29a896974f111fc482d30be5bc.300x300x1.jpg",
 "song_art_image_url": "https://images.genius.com/46ca5f29a896974f111fc482d30be5bc.1000x1000x1.jpg",
 "stats": {
  "unreviewed_annotations": 8,
  "hot": false,
  "pageviews": 100360
 },
 "title": "Painkiller",
 "title_with_featured": "Painkiller",
 "updated_by_human_at": 1691357344,
 "url": "https://genius.com/Judas-priest-painkiller-lyrics",
 "featured_artists": [],
 "primary_artist": {
  "_type": "artist",
  "api_path": "/artists/17236",
  "header_image_url": "https://images.genius.com/47671fa3334ba2e1e328cb4617586b8f.1000x500x1.jpg",
  "id": 17236,
  "image_url": "https://images.genius.com/ce9860e0925f174085cde09c14d3cc5e.486x486x1.png",
  "index_character": "j",
  "is_meme_verified": false,
  "is_verified": false,
  "name": "Judas Priest",
  "slug": "Judas-priest",
  "url": "https://genius.com/artists/Judas-priest"
 },
 "artist": "Judas Priest",
 "lyrics": "40 ContributorsPainkiller Lyrics[Drum Intro]\n\n[Verse 1]\nFaster than a bullet, terrifying scream\nEnraged and full of anger, he's half man and half machine\nRides the Metal Monster, breathing smoke and fire\nClosing in with vengeance soaring high\n\n[Chorus]\nHe is the Painkiller\nThis is the Painkiller\n\n[Verse 2]\nPlanets devastated, mankind's on its knees\nA saviour comes from out the skies in answer to their pleas\nThrough boiling clouds of thunder, blasting bolts of steel\nEvil's going under deadly wheels\n\n[Chorus]\nHe is the Painkiller\nThis is the Painkiller\nOh!\n\n[Bridge]\nFaster than a laser bullet\nLouder than an atom bomb\nChromium plated boiling metal\nBrighter than a thousand suns\nSee Judas Priest LiveGet tickets as low as $87You might also like[Guitar Solo]\n\n[Verse 3]\nFlying high on rapture, stronger free and brave\nNevermore encaptured, they've been brought back from the grave\nWith mankind resurrected, forever to survive\nReturns from Armageddon to the skies\n\n[Chorus]\nHe is the Painkiller\nThis is the Painkiller\nWings of steel Painkiller\nDeadly wheels Painkiller\nAh!\n\n[Instrumental Bridge]\n\n[Chorus]\nHe is the Painkiller\nThis is the Painkiller\nHe is the Painkiller\nThis is the Painkiller\n\n[Post-Chorus]\nPain! Pain! Killer! Killer!\nPain! Pain! Killer! Killer!\n[Guitar Solo]\n\n[Outro]\nCan't stop the Painkiller\nPain!12Embed"
}